OrderID,OrderDate,ProductID,CustomerID,RegionID,Quantity,SalesAmount,CostAmount,DiscountPct
10224,2025-01-01,P037,C0018,R03,6,145800.0,105211.97,0.0
10315,2025-01-01,P043,C0034,R02,3,42322.5,30045.61,0.05
10323,2025-01-01,P018,C0194,R01,1,11542.5,8636.67,0.05
10620,2025-01-01,P030,C0081,R02,1,4860.0,2788.62,0.1
10742,2025-01-01,P012,C0392,R03,1,40050.0,27485.64,0.0
11669,2025-01-01,P006,C0133,R04,1,138510.0,108373.09,0.05
11703,2025-01-01,P006,C0364,R01,1,138510.0,108017.23,0.05
12344,2025-01-01,P043,C0259,R04,3,44550.0,30444.12,0.0
13097,2025-01-01,P019,C0463,R03,3,106650.0,77654.98,0.0
14120,2025-01-01,P006,C0029,R04,4,524880.0,414465.5,0.1
14513,2025-01-01,P024,C0430,R01,2,17595.0,10984.31,0.15
14739,2025-01-01,P040,C0149,R02,1,19350.0,14959.25,0.0
14774,2025-01-01,P015,C0189,R04,4,126000.0,93393.96,0.0
14882,2025-01-01,P050,C0082,R04,1,16200.0,11351.03,0.0
10274,2025-01-02,P009,C0167,R02,1,61560.0,47023.83,0.1
10728,2025-01-02,P004,C0126,R02,5,457425.0,347773.65,0.05
10803,2025-01-02,P037,C0444,R04,2,43740.0,31410.46,0.1
10806,2025-01-02,P038,C0288,R02,1,22230.0,16262.1,0.05
10958,2025-01-02,P048,C0021,R03,3,51300.0,36282.14,0.05
12163,2025-01-02,P028,C0026,R02,4,34200.0,19676.08,0.05
12246,2025-01-02,P022,C0270,R03,2,9000.0,4992.72,0.0
12653,2025-01-02,P033,C0279,R01,1,7695.0,5598.96,0.05
12681,2025-01-02,P027,C0064,R01,1,4950.0,2869.79,0.0
13522,2025-01-02,P013,C0408,R01,1,30352.5,21005.72,0.05
10117,2025-01-03,P017,C0138,R04,2,44550.0,32391.68,0.1
11370,2025-01-03,P044,C0152,R03,6,51300.0,35034.52,0.0
11899,2025-01-03,P010,C0357,R02,3,167400.0,130775.85,0.0
13261,2025-01-03,P048,C0107,R01,3,54000.0,34369.4,0.0
13276,2025-01-03,P043,C0220,R03,1,14107.5,10035.42,0.05
14083,2025-01-03,P005,C0138,R04,2,191700.0,148414.92,0.0
14237,2025-01-03,P025,C0061,R02,1,8550.0,4633.12,0.0
14459,2025-01-03,P019,C0451,R01,1,31995.0,21702.8,0.1
14598,2025-01-03,P008,C0362,R04,2,228420.0,183696.07,0.1
14653,2025-01-03,P037,C0203,R04,3,69255.0,51131.23,0.05
11292,2025-01-04,P043,C0218,R03,2,29700.0,20277.3,0.0
14499,2025-01-04,P013,C0370,R04,4,127800.0,92430.95,0.0
14826,2025-01-04,P034,C0362,R04,3,48600.0,34589.98,0.1
14829,2025-01-04,P004,C0034,R02,4,385200.0,299386.63,0.0
14969,2025-01-04,P007,C0187,R02,3,148230.0,111056.86,0.1
10026,2025-01-05,P034,C0378,R02,2,34200.0,26488.99,0.05
10387,2025-01-05,P015,C0128,R01,1,28350.0,21459.77,0.1
10456,2025-01-05,P023,C0420,R01,3,8100.0,4681.28,0.0
11923,2025-01-05,P045,C0166,R04,2,7200.0,4855.68,0.0
12702,2025-01-05,P009,C0118,R01,2,136800.0,103477.83,0.0
12961,2025-01-05,P025,C0205,R01,2,15390.0,8868.88,0.1
14831,2025-01-05,P016,C0457,R04,1,30375.0,22129.56,0.1
10633,2025-01-06,P035,C0073,R02,1,22275.0,16342.48,0.1
10680,2025-01-06,P019,C0394,R04,3,95985.0,70332.17,0.1
10684,2025-01-06,P017,C0053,R01,1,23512.5,16985.46,0.05
11692,2025-01-06,P048,C0282,R01,1,17100.0,11284.03,0.05
13860,2025-01-06,P006,C0401,R03,3,393660.0,292059.39,0.1
14004,2025-01-06,P002,C0447,R02,2,258210.0,183828.35,0.05
14179,2025-01-06,P008,C0246,R02,2,241110.0,184412.53,0.05
14220,2025-01-06,P028,C0399,R02,2,17100.0,9501.44,0.05
10084,2025-01-07,P022,C0245,R02,2,8100.0,4661.99,0.1
10712,2025-01-07,P039,C0426,R02,3,32805.0,24197.95,0.1
10778,2025-01-07,P012,C0379,R02,3,114142.5,85718.62,0.05
11539,2025-01-07,P021,C0298,R04,3,16672.5,9134.24,0.05
11578,2025-01-07,P022,C0363,R02,3,13500.0,7449.1,0.0
12522,2025-01-07,P008,C0091,R01,3,342630.0,245416.8,0.1
13708,2025-01-07,P048,C0440,R04,4,68400.0,47953.41,0.05
13745,2025-01-07,P042,C0475,R02,6,89775.0,62293.84,0.05
13913,2025-01-07,P018,C0119,R02,2,24300.0,16492.3,0.0
14209,2025-01-07,P014,C0014,R04,4,111690.0,74364.97,0.15
14914,2025-01-07,P037,C0384,R02,2,43740.0,32791.41,0.1
12109,2025-01-08,P007,C0469,R01,5,260775.0,194999.85,0.05
12159,2025-01-08,P001,C0087,R01,6,332100.0,252803.27,0.0
12494,2025-01-08,P039,C0247,R01,1,11542.5,8853.61,0.05
10299,2025-01-09,P012,C0439,R01,1,40050.0,28100.93,0.0
10561,2025-01-09,P032,C0300,R04,1,10800.0,8165.88,0.0
10642,2025-01-09,P006,C0500,R03,4,583200.0,459166.07,0.0
11540,2025-01-09,P022,C0301,R04,1,4050.0,2269.04,0.1
11680,2025-01-09,P012,C0119,R02,3,102127.5,72669.83,0.15
11875,2025-01-09,P010,C0202,R01,2,106020.0,80639.98,0.05
12520,2025-01-09,P047,C0017,R01,1,9832.5,6786.94,0.05
12641,2025-01-09,P005,C0171,R04,1,91057.5,71294.29,0.05
13654,2025-01-09,P007,C0174,R02,1,52155.0,41252.82,0.05
11070,2025-01-10,P019,C0140,R04,5,151087.5,104567.25,0.15
11071,2025-01-10,P033,C0212,R01,3,23085.0,16937.36,0.05
11156,2025-01-10,P031,C0136,R04,3,44887.5,31890.6,0.05
11518,2025-01-10,P034,C0195,R01,2,34200.0,26171.03,0.05
12761,2025-01-10,P042,C0363,R02,5,78750.0,56855.56,0.0
12975,2025-01-10,P024,C0425,R04,5,49162.5,25454.4,0.05
13172,2025-01-10,P021,C0106,R02,3,15795.0,9964.34,0.1
13851,2025-01-10,P021,C0390,R01,5,27787.5,16715.49,0.05
14124,2025-01-10,P045,C0317,R03,2,6840.0,4651.72,0.05
14820,2025-01-10,P015,C0387,R04,3,89775.0,65414.09,0.05
10205,2025-01-11,P007,C0230,R01,1,52155.0,39530.46,0.05
10469,2025-01-11,P042,C0374,R03,5,70875.0,44031.14,0.1
11055,2025-01-11,P030,C0181,R04,2,10800.0,6052.04,0.0
12763,2025-01-11,P019,C0460,R02,5,168862.5,124532.99,0.05
13724,2025-01-11,P048,C0150,R04,1,17100.0,11753.02,0.05
10223,2025-01-12,P004,C0322,R02,1,86670.0,69539.17,0.1
11140,2025-01-12,P004,C0016,R02,5,457425.0,352656.44,0.05
11184,2025-01-12,P025,C0235,R04,2,14535.0,7443.11,0.15
12637,2025-01-12,P040,C0332,R04,2,36765.0,27267.56,0.05
13157,2025-01-12,P024,C0254,R02,1,9315.0,5332.39,0.1
13647,2025-01-12,P012,C0168,R04,1,38047.5,25797.48,0.05
13905,2025-01-12,P019,C0123,R01,4,135090.0,95929.12,0.05
14018,2025-01-12,P034,C0208,R04,1,17100.0,13032.62,0.05
10159,2025-01-13,P030,C0351,R01,2,10800.0,6256.19,0.0
10376,2025-01-13,P003,C0174,R02,3,364500.0,268493.13,0.0
11232,2025-01-13,P011,C0143,R02,1,22680.0,16819.23,0.1
11595,2025-01-13,P012,C0433,R02,2,80100.0,56845.27,0.0
11637,2025-01-13,P035,C0354,R01,4,99000.0,69456.98,0.0
11939,2025-01-13,P050,C0073,R02,5,81000.0,55291.95,0.0
12951,2025-01-13,P007,C0112,R02,3,148230.0,108782.32,0.1
12969,2025-01-13,P028,C0150,R04,3,27000.0,15461.81,0.0
13050,2025-01-13,P002,C0424,R04,2,258210.0,199382.86,0.05
13060,2025-01-13,P003,C0401,R03,6,729000.0,529653.11,0.0
13360,2025-01-13,P050,C0110,R03,1,14580.0,10382.02,0.1
13523,2025-01-13,P008,C0049,R01,4,431460.0,321134.41,0.15
14438,2025-01-13,P033,C0416,R04,1,8100.0,6047.23,0.0
14872,2025-01-13,P014,C0297,R01,4,118260.0,88817.54,0.1
10222,2025-01-14,P050,C0338,R01,2,29160.0,20143.04,0.1
10463,2025-01-14,P012,C0360,R03,4,152190.0,111363.27,0.05
10868,2025-01-14,P042,C0107,R01,1,14962.5,10233.71,0.05
11416,2025-01-14,P007,C0255,R01,2,93330.0,75112.9,0.15
11418,2025-01-14,P010,C0233,R04,2,100440.0,75070.82,0.1
11904,2025-01-14,P008,C0374,R03,3,380700.0,273893.0,0.0
12236,2025-01-14,P021,C0279,R01,2,11700.0,6405.95,0.0
12638,2025-01-14,P029,C0391,R03,2,11970.0,6722.85,0.05
13290,2025-01-14,P037,C0165,R02,1,21870.0,16353.25,0.1
13804,2025-01-14,P017,C0006,R01,8,178200.0,118010.42,0.1
14125,2025-01-14,P015,C0419,R04,5,141750.0,107011.29,0.1
14595,2025-01-14,P012,C0067,R04,1,38047.5,26512.97,0.05
10087,2025-01-15,P036,C0019,R03,1,6840.0,4662.46,0.05
10329,2025-01-15,P050,C0012,R03,3,46170.0,32043.9,0.05
10450,2025-01-15,P038,C0193,R03,2,42120.0,31524.18,0.1
10673,2025-01-15,P015,C0443,R04,1,29925.0,22134.27,0.05
10675,2025-01-15,P018,C0238,R04,2,21870.0,16097.26,0.1
10704,2025-01-15,P042,C0405,R04,2,26775.0,17290.97,0.15
11731,2025-01-15,P047,C0318,R02,2,19665.0,14627.74,0.05
12563,2025-01-15,P049,C0459,R01,2,28800.0,20138.7,0.0
12972,2025-01-15,P011,C0346,R03,5,113400.0,83843.99,0.1
13536,2025-01-15,P010,C0076,R02,6,284580.0,210153.86,0.15
14141,2025-01-15,P046,C0066,R02,2,38700.0,26064.52,0.0
14458,2025-01-15,P034,C0231,R02,3,48600.0,37067.01,0.1
12559,2025-01-16,P030,C0465,R04,4,21600.0,11875.56,0.0
12891,2025-01-16,P016,C0373,R01,5,151875.0,110441.07,0.1
13964,2025-01-16,P050,C0273,R02,2,30780.0,21623.08,0.05
14769,2025-01-16,P014,C0252,R04,6,197100.0,144387.55,0.0
10028,2025-01-17,P039,C0159,R04,1,12150.0,8969.0,0.0
10065,2025-01-17,P024,C0212,R01,2,19665.0,11848.16,0.05
10512,2025-01-17,P020,C0195,R01,6,128250.0,95310.2,0.05
10923,2025-01-17,P041,C0339,R01,1,5130.0,3559.46,0.05
11240,2025-01-17,P010,C0079,R03,1,47430.0,37493.26,0.15
12203,2025-01-17,P025,C0471,R04,3,25650.0,15076.4,0.0
12687,2025-01-17,P048,C0239,R04,3,54000.0,37878.0,0.0
12776,2025-01-17,P028,C0029,R04,1,8550.0,5145.22,0.05
13499,2025-01-17,P030,C0372,R01,4,20520.0,12896.59,0.05
13562,2025-01-17,P004,C0142,R02,2,173340.0,129852.72,0.1
14404,2025-01-17,P003,C0385,R01,5,577125.0,429728.17,0.05
14553,2025-01-17,P026,C0420,R01,3,20520.0,12283.98,0.05
10789,2025-01-18,P020,C0215,R01,4,90000.0,68853.7,0.0
10820,2025-01-18,P050,C0407,R02,2,30780.0,20781.72,0.05
10825,2025-01-18,P006,C0009,R04,2,262440.0,199578.15,0.1
11629,2025-01-18,P004,C0369,R01,2,192600.0,144174.36,0.0
12183,2025-01-18,P037,C0008,R02,3,69255.0,49581.86,0.05
12244,2025-01-18,P009,C0390,R01,1,68400.0,56032.65,0.0
12313,2025-01-18,P006,C0438,R02,2,291600.0,221690.43,0.0
13079,2025-01-18,P023,C0011,R02,2,4590.0,2673.35,0.15
13443,2025-01-18,P024,C0163,R03,10,103500.0,61301.87,0.0
14838,2025-01-18,P048,C0190,R04,11,198000.0,134575.99,0.0
14839,2025-01-18,P002,C0499,R04,2,231030.0,175417.8,0.15
10216,2025-01-19,P008,C0374,R03,3,342630.0,263877.67,0.1
10238,2025-01-19,P008,C0145,R02,2,215730.0,172711.21,0.15
11179,2025-01-19,P006,C0244,R01,4,554040.0,416983.04,0.05
11308,2025-01-19,P042,C0061,R02,1,15750.0,11073.24,0.0
11395,2025-01-19,P001,C0247,R01,3,166050.0,120881.42,0.0
11451,2025-01-19,P032,C0067,R04,6,64800.0,48001.47,0.0
11849,2025-01-19,P003,C0316,R04,5,516375.0,392994.47,0.15
12404,2025-01-19,P031,C0331,R02,3,47250.0,34696.28,0.0
12523,2025-01-19,P017,C0108,R04,3,74250.0,52487.23,0.0
13299,2025-01-19,P049,C0474,R01,9,123120.0,85086.88,0.05
13418,2025-01-19,P005,C0497,R01,6,517590.0,382241.28,0.1
14395,2025-01-19,P029,C0162,R03,2,11970.0,6781.43,0.05
11166,2025-01-20,P025,C0396,R04,4,32490.0,18998.16,0.05
11471,2025-01-20,P031,C0065,R01,3,47250.0,33812.78,0.0
11811,2025-01-20,P004,C0254,R02,2,192600.0,146320.8,0.0
12144,2025-01-20,P007,C0255,R01,3,164700.0,127056.6,0.0
12626,2025-01-20,P033,C0091,R01,7,56700.0,40736.77,0.0
12664,2025-01-20,P032,C0186,R04,4,41040.0,29217.95,0.05
13141,2025-01-20,P027,C0146,R02,4,19800.0,11389.02,0.0
13315,2025-01-20,P023,C0447,R02,5,12825.0,7686.39,0.05
13349,2025-01-20,P036,C0473,R02,8,51840.0,38406.97,0.1
13378,2025-01-20,P042,C0285,R01,2,28350.0,19053.96,0.1
13669,2025-01-20,P009,C0133,R04,9,523260.0,388759.35,0.15
13899,2025-01-20,P037,C0088,R04,2,46170.0,34917.87,0.05
14003,2025-01-20,P031,C0018,R03,3,44887.5,30926.0,0.05
14030,2025-01-20,P035,C0192,R01,2,47025.0,35103.4,0.05
14063,2025-01-20,P011,C0100,R02,2,47880.0,34202.28,0.05
10663,2025-01-21,P031,C0215,R01,7,110250.0,81475.9,0.0
11001,2025-01-21,P010,C0045,R01,3,167400.0,129922.21,0.0
11237,2025-01-21,P013,C0124,R01,10,319500.0,235762.77,0.0
12826,2025-01-21,P021,C0093,R03,4,19890.0,11089.74,0.15
12836,2025-01-21,P003,C0029,R04,3,328050.0,259378.2,0.1
13337,2025-01-21,P036,C0392,R03,5,36000.0,25973.71,0.0
13885,2025-01-21,P016,C0409,R03,5,151875.0,107022.91,0.1
14782,2025-01-21,P037,C0494,R02,1,21870.0,16281.99,0.1
14940,2025-01-21,P013,C0333,R02,2,60705.0,42305.0,0.05
10155,2025-01-22,P029,C0480,R01,1,5670.0,3127.35,0.1
10212,2025-01-22,P021,C0433,R02,2,11700.0,7034.0,0.0
10220,2025-01-22,P043,C0422,R01,1,13365.0,9384.51,0.1
10767,2025-01-22,P023,C0100,R02,1,2565.0,1524.34,0.05
11533,2025-01-22,P043,C0440,R04,5,66825.0,43005.57,0.1
11868,2025-01-22,P013,C0073,R02,4,121410.0,86992.08,0.05
12801,2025-01-22,P035,C0401,R03,6,148500.0,105644.75,0.0
13107,2025-01-22,P041,C0466,R04,2,9720.0,6477.05,0.1
13256,2025-01-22,P011,C0361,R02,2,50400.0,36063.89,0.0
13733,2025-01-22,P047,C0191,R02,4,41400.0,25549.48,0.0
13756,2025-01-22,P029,C0068,R01,1,5670.0,3264.29,0.1
13784,2025-01-22,P010,C0250,R01,5,265050.0,198683.64,0.05
14174,2025-01-22,P049,C0266,R02,4,54720.0,35654.78,0.05
12149,2025-01-23,P023,C0417,R02,1,2700.0,1486.08,0.0
12828,2025-01-23,P048,C0391,R03,5,81000.0,53591.55,0.1
13161,2025-01-23,P003,C0417,R02,5,577125.0,438968.73,0.05
13436,2025-01-23,P008,C0082,R04,1,114210.0,91683.72,0.1
13978,2025-01-23,P023,C0170,R03,4,10260.0,6068.57,0.05
10851,2025-01-24,P035,C0092,R01,2,44550.0,30532.02,0.1
11482,2025-01-24,P028,C0451,R01,4,34200.0,20228.84,0.05
11885,2025-01-24,P029,C0325,R03,4,23940.0,14111.92,0.05
12002,2025-01-24,P041,C0235,R04,5,25650.0,17767.52,0.05
13291,2025-01-24,P047,C0470,R04,4,37260.0,25762.12,0.1
14315,2025-01-24,P036,C0413,R01,6,41040.0,31561.91,0.05
14721,2025-01-24,P015,C0485,R04,6,189000.0,133341.89,0.0
10173,2025-01-25,P042,C0279,R01,3,47250.0,31618.01,0.0
10341,2025-01-25,P005,C0492,R04,1,95850.0,72719.67,0.0
10577,2025-01-25,P036,C0451,R01,6,36720.0,27133.38,0.15
10828,2025-01-25,P038,C0311,R01,3,66690.0,50472.64,0.05
11119,2025-01-25,P025,C0391,R03,3,25650.0,14975.03,0.0
11548,2025-01-25,P048,C0307,R04,6,102600.0,72664.83,0.05
11620,2025-01-25,P009,C0388,R04,1,64980.0,49377.42,0.05
11895,2025-01-25,P045,C0317,R03,1,3600.0,2417.05,0.0
13099,2025-01-25,P018,C0344,R04,1,10935.0,7972.6,0.1
13593,2025-01-25,P005,C0230,R01,1,86265.0,65793.45,0.1
13727,2025-01-25,P028,C0124,R01,4,34200.0,19800.2,0.05
14881,2025-01-25,P046,C0273,R02,2,36765.0,25301.95,0.05
10589,2025-01-26,P048,C0210,R02,3,51300.0,34299.53,0.05
11214,2025-01-26,P010,C0027,R03,4,223200.0,174948.61,0.0
11683,2025-01-26,P017,C0320,R02,5,117562.5,84938.56,0.05
12074,2025-01-26,P006,C0262,R04,1,123930.0,91822.38,0.15
12141,2025-01-26,P002,C0424,R04,7,951300.0,726879.84,0.0
12168,2025-01-26,P032,C0409,R03,4,41040.0,30663.05,0.05
13300,2025-01-26,P038,C0369,R01,5,117000.0,88069.69,0.0
13601,2025-01-26,P016,C0084,R01,1,32062.5,22579.94,0.05
13659,2025-01-26,P023,C0057,R04,1,2700.0,1504.36,0.0
13933,2025-01-26,P033,C0163,R03,1,8100.0,5879.27,0.0
14787,2025-01-26,P016,C0307,R04,4,135000.0,98877.85,0.0
14801,2025-01-26,P023,C0419,R04,6,15390.0,9387.05,0.05
14960,2025-01-26,P034,C0257,R01,1,16200.0,11337.97,0.1
10310,2025-01-27,P043,C0351,R01,1,14107.5,9075.62,0.05
11566,2025-01-27,P002,C0370,R04,3,407700.0,310768.7,0.0
12422,2025-01-27,P012,C0465,R04,4,160200.0,112873.27,0.0
12573,2025-01-27,P034,C0317,R03,3,54000.0,40609.69,0.0
12634,2025-01-27,P028,C0309,R01,3,24300.0,13799.5,0.1
13123,2025-01-27,P005,C0273,R02,1,95850.0,74072.46,0.0
13570,2025-01-27,P004,C0430,R01,2,163710.0,119231.43,0.15
14606,2025-01-27,P012,C0054,R03,1,34042.5,25180.22,0.15
12360,2025-01-28,P005,C0058,R02,3,258795.0,202467.93,0.1
12421,2025-01-28,P019,C0489,R01,1,33772.5,23059.22,0.05
12503,2025-01-28,P022,C0155,R01,1,3825.0,2117.37,0.15
12907,2025-01-28,P006,C0032,R01,6,831060.0,601735.45,0.05
12976,2025-01-28,P022,C0006,R01,7,29925.0,17603.12,0.05
14186,2025-01-28,P020,C0034,R02,2,40500.0,27301.55,0.1
10219,2025-01-29,P028,C0461,R04,9,81000.0,51894.0,0.0
10516,2025-01-29,P048,C0477,R03,3,54000.0,35584.03,0.0
10818,2025-01-29,P038,C0020,R03,6,119340.0,88439.2,0.15
11767,2025-01-29,P023,C0028,R03,5,11475.0,6967.62,0.15
12080,2025-01-29,P021,C0485,R04,4,22230.0,12701.39,0.05
12487,2025-01-29,P025,C0176,R04,3,25650.0,14446.42,0.0
13799,2025-01-29,P041,C0001,R02,4,20520.0,14000.31,0.05
13987,2025-01-29,P046,C0205,R01,1,18382.5,12475.12,0.05
14012,2025-01-29,P015,C0359,R04,1,29925.0,21862.75,0.05
14078,2025-01-29,P018,C0062,R02,1,12150.0,8752.89,0.0
14741,2025-01-29,P023,C0438,R02,3,7695.0,4254.73,0.05
10797,2025-01-30,P009,C0418,R04,5,290700.0,228313.33,0.15
11410,2025-01-30,P010,C0446,R01,1,53010.0,41617.7,0.05
11492,2025-01-30,P035,C0281,R01,5,111375.0,77613.49,0.1
12301,2025-01-30,P038,C0464,R01,3,63180.0,47113.41,0.1
13990,2025-01-30,P029,C0389,R04,1,5985.0,3244.11,0.05
14613,2025-01-30,P050,C0243,R01,2,32400.0,22863.04,0.0
10135,2025-01-31,P036,C0010,R04,2,13680.0,10607.44,0.05
10339,2025-01-31,P016,C0373,R01,4,135000.0,95761.23,0.0
10607,2025-01-31,P046,C0261,R02,2,36765.0,25683.67,0.05
11331,2025-01-31,P011,C0298,R04,3,71820.0,50714.89,0.05
12325,2025-01-31,P036,C0093,R03,1,6840.0,4983.94,0.05
12479,2025-01-31,P010,C0281,R01,1,50220.0,37595.45,0.1
13058,2025-01-31,P009,C0226,R02,3,205200.0,152560.54,0.0
14002,2025-01-31,P025,C0008,R02,2,16245.0,9585.68,0.05
10597,2025-02-01,P008,C0065,R01,1,105468.0,79822.83,0.15
12184,2025-02-01,P045,C0239,R04,3,10032.0,6575.3,0.05
12217,2025-02-01,P027,C0096,R01,5,24200.0,14657.09,0.0
12320,2025-02-01,P044,C0292,R04,5,37620.0,26953.07,0.1
12869,2025-02-01,P049,C0010,R04,6,76032.0,48493.64,0.1
13211,2025-02-01,P034,C0035,R02,1,16720.0,11997.95,0.05
14079,2025-02-01,P023,C0367,R01,2,5016.0,2871.18,0.05
10263,2025-02-02,P033,C0499,R04,3,20196.0,15346.56,0.15
11474,2025-02-02,P012,C0366,R02,5,176220.0,131406.06,0.1
11935,2025-02-02,P044,C0136,R04,5,41800.0,29328.3,0.0
12015,2025-02-02,P045,C0469,R01,3,10032.0,6759.8,0.05
12121,2025-02-02,P032,C0263,R02,3,31680.0,22040.11,0.0
12170,2025-02-02,P048,C0378,R02,1,16720.0,11081.67,0.05
12386,2025-02-02,P033,C0216,R04,4,30096.0,22140.07,0.05
12679,2025-02-02,P032,C0328,R01,3,30096.0,21711.21,0.05
13120,2025-02-02,P033,C0157,R01,1,7524.0,5711.0,0.05
13238,2025-02-02,P017,C0115,R01,2,43560.0,31761.35,0.1
13692,2025-02-02,P016,C0471,R04,2,66000.0,48348.35,0.0
13814,2025-02-02,P044,C0453,R02,1,7524.0,5197.51,0.1
13858,2025-02-02,P015,C0313,R02,4,123200.0,88595.22,0.0
14313,2025-02-02,P019,C0209,R04,2,66044.0,48705.01,0.05
14793,2025-02-02,P037,C0269,R04,5,106920.0,84089.76,0.1
14811,2025-02-02,P021,C0440,R04,3,17160.0,9455.87,0.0
10088,2025-02-03,P033,C0203,R04,1,7920.0,5977.84,0.0
10424,2025-02-03,P007,C0228,R02,1,53680.0,42062.25,0.0
11475,2025-02-03,P006,C0249,R01,6,727056.0,555211.25,0.15
11778,2025-02-03,P049,C0022,R01,3,40128.0,26699.76,0.05
12006,2025-02-03,P007,C0022,R01,2,101992.0,81485.58,0.05
13243,2025-02-03,P011,C0103,R01,2,49280.0,32038.78,0.0
13911,2025-02-03,P044,C0021,R03,3,23826.0,15588.67,0.05
14193,2025-02-03,P017,C0267,R03,2,45980.0,35124.68,0.05
14522,2025-02-03,P021,C0438,R02,3,14586.0,7746.95,0.15
10318,2025-02-04,P008,C0500,R03,4,496320.0,381209.86,0.0
10671,2025-02-04,P039,C0228,R02,1,11286.0,8468.92,0.05
10814,2025-02-04,P037,C0078,R04,3,71280.0,51785.03,0.0
11160,2025-02-04,P011,C0442,R02,1,24640.0,17453.46,0.0
11782,2025-02-04,P039,C0071,R04,1,11880.0,8988.77,0.0
12642,2025-02-04,P005,C0275,R04,5,421740.0,319583.67,0.1
12886,2025-02-04,P041,C0239,R04,4,19008.0,13779.76,0.1
13449,2025-02-04,P049,C0136,R04,3,35904.0,24966.2,0.15
14126,2025-02-04,P030,C0415,R01,2,8976.0,5322.61,0.15
14543,2025-02-04,P020,C0118,R01,1,19800.0,13910.17,0.1
10534,2025-02-05,P009,C0017,R01,1,63536.0,45930.86,0.05
12368,2025-02-05,P009,C0192,R01,1,66880.0,51804.97,0.0
14127,2025-02-05,P003,C0016,R02,2,225720.0,176064.88,0.05
14582,2025-02-05,P016,C0353,R02,1,33000.0,23744.21,0.0
14995,2025-02-05,P020,C0219,R04,5,104500.0,73332.15,0.05
10227,2025-02-06,P036,C0054,R03,5,29920.0,22701.46,0.15
10328,2025-02-06,P041,C0207,R04,2,9504.0,6697.72,0.1
10429,2025-02-06,P017,C0003,R04,3,61710.0,41959.29,0.15
10490,2025-02-06,P036,C0063,R04,5,35200.0,24412.53,0.0
11287,2025-02-06,P003,C0224,R01,4,475200.0,368917.44,0.0
11476,2025-02-06,P030,C0103,R01,9,47520.0,27542.54,0.0
11922,2025-02-06,P028,C0070,R03,1,8360.0,4622.51,0.05
12571,2025-02-06,P038,C0421,R04,4,77792.0,57585.79,0.15
13000,2025-02-06,P012,C0363,R02,2,70488.0,51639.67,0.1
13042,2025-02-06,P010,C0479,R04,4,218240.0,168236.57,0.0
13697,2025-02-06,P044,C0095,R04,1,8360.0,5713.65,0.0
13991,2025-02-06,P017,C0191,R02,1,21780.0,15009.71,0.1
14861,2025-02-06,P037,C0400,R04,5,118800.0,93465.81,0.0
10801,2025-02-07,P006,C0116,R04,1,135432.0,101912.19,0.05
11340,2025-02-07,P001,C0316,R04,1,51414.0,40802.25,0.05
11547,2025-02-07,P050,C0470,R04,4,60192.0,43699.3,0.05
13180,2025-02-07,P046,C0407,R02,4,75680.0,49855.45,0.0
13353,2025-02-07,P040,C0346,R03,4,75680.0,55107.67,0.0
14865,2025-02-07,P022,C0058,R02,6,25080.0,12891.92,0.05
10015,2025-02-08,P005,C0131,R01,5,398310.0,301437.46,0.15
10241,2025-02-08,P034,C0340,R02,1,17600.0,13306.55,0.0
10285,2025-02-08,P035,C0422,R01,1,20570.0,15046.69,0.15
10507,2025-02-08,P027,C0334,R01,3,13794.0,8197.91,0.05
11112,2025-02-08,P037,C0299,R04,1,22572.0,16646.78,0.05
11147,2025-02-08,P042,C0362,R04,4,58520.0,37959.99,0.05
11358,2025-02-08,P050,C0268,R01,3,42768.0,28672.17,0.1
11583,2025-02-08,P004,C0080,R04,2,188320.0,146271.02,0.0
11734,2025-02-08,P016,C0400,R04,3,94050.0,65852.57,0.05
12096,2025-02-08,P017,C0221,R03,3,72600.0,54211.68,0.0
12186,2025-02-08,P038,C0362,R04,4,82368.0,61574.95,0.1
12289,2025-02-08,P008,C0033,R01,2,235752.0,181544.47,0.05
12442,2025-02-08,P015,C0408,R01,1,30800.0,22431.17,0.0
12583,2025-02-08,P015,C0207,R04,3,83160.0,56500.86,0.1
12953,2025-02-08,P042,C0245,R02,1,14630.0,10565.9,0.05
13186,2025-02-08,P029,C0363,R02,2,12320.0,6840.4,0.0
13240,2025-02-08,P010,C0033,R01,2,103664.0,80253.78,0.05
13509,2025-02-08,P036,C0016,R02,2,13376.0,9727.62,0.05
13829,2025-02-08,P014,C0479,R04,2,54604.0,39006.62,0.15
13846,2025-02-08,P034,C0485,R04,6,100320.0,74061.08,0.05
14006,2025-02-08,P006,C0019,R03,4,484704.0,380108.44,0.15
14295,2025-02-08,P007,C0328,R01,3,136884.0,107045.5,0.15
14589,2025-02-08,P008,C0139,R03,2,235752.0,178334.65,0.05
10481,2025-02-09,P023,C0184,R03,6,15840.0,9080.67,0.0
11225,2025-02-09,P032,C0207,R04,1,10032.0,7005.41,0.05
11601,2025-02-09,P013,C0309,R01,2,56232.0,42079.66,0.1
11615,2025-02-09,P044,C0154,R03,3,25080.0,16507.38,0.0
12578,2025-02-09,P016,C0316,R04,3,84150.0,62878.63,0.15
13309,2025-02-09,P044,C0401,R03,2,15884.0,11627.83,0.05
13689,2025-02-09,P028,C0424,R04,7,58520.0,30512.1,0.05
13768,2025-02-09,P047,C0354,R01,5,48070.0,31034.76,0.05
14961,2025-02-09,P013,C0492,R04,4,124960.0,91014.46,0.0
10978,2025-02-10,P040,C0170,R03,4,64328.0,48450.03,0.15
11258,2025-02-10,P048,C0460,R02,3,52800.0,34743.59,0.0
11687,2025-02-10,P011,C0472,R03,3,73920.0,53401.56,0.0
11846,2025-02-10,P036,C0297,R01,4,26752.0,19473.35,0.05
12990,2025-02-10,P006,C0108,R04,6,855360.0,640997.87,0.0
10336,2025-02-11,P011,C0391,R03,6,125664.0,86485.25,0.15
10907,2025-02-11,P007,C0137,R04,2,107360.0,83584.94,0.0
10980,2025-02-11,P031,C0462,R04,5,73150.0,57133.68,0.05
11146,2025-02-11,P036,C0437,R01,6,42240.0,31818.74,0.0
11494,2025-02-11,P012,C0042,R01,2,78320.0,58263.01,0.0
12001,2025-02-11,P009,C0369,R01,2,120384.0,92479.72,0.1
12768,2025-02-11,P026,C0068,R01,5,35200.0,20305.45,0.0
13351,2025-02-11,P047,C0365,R03,2,17204.0,11421.37,0.15
14163,2025-02-11,P013,C0401,R03,7,196812.0,135051.66,0.1
14273,2025-02-11,P030,C0335,R04,4,21120.0,11810.0,0.0
14713,2025-02-11,P038,C0369,R01,1,19448.0,13954.6,0.15
10360,2025-02-12,P003,C0255,R01,1,118800.0,91713.12,0.0
11826,2025-02-12,P011,C0226,R02,2,49280.0,35415.56,0.0
11969,2025-02-12,P045,C0117,R01,2,6336.0,4188.59,0.1
12198,2025-02-12,P027,C0484,R04,5,24200.0,14334.69,0.0
12427,2025-02-12,P014,C0213,R01,4,122056.0,87871.38,0.05
12627,2025-02-12,P019,C0304,R01,1,31284.0,22028.51,0.1
12694,2025-02-12,P048,C0179,R04,2,29920.0,20342.81,0.15
12948,2025-02-12,P028,C0388,R04,2,14960.0,8816.15,0.15
13110,2025-02-12,P038,C0221,R03,4,82368.0,61301.67,0.1
13518,2025-02-12,P043,C0440,R04,5,68970.0,47105.87,0.05
13519,2025-02-12,P026,C0451,R01,2,12672.0,7448.67,0.1
14431,2025-02-12,P017,C0048,R03,1,22990.0,17142.38,0.05
10249,2025-02-13,P014,C0306,R03,8,218416.0,161314.44,0.15
10611,2025-02-13,P025,C0220,R03,4,31768.0,16938.93,0.05
10864,2025-02-13,P049,C0192,R01,2,26752.0,18010.41,0.05
11854,2025-02-13,P001,C0402,R04,4,205656.0,153804.01,0.05
12846,2025-02-13,P036,C0396,R04,6,40128.0,28518.3,0.05
13559,2025-02-13,P034,C0268,R01,5,88000.0,64475.52,0.0
14005,2025-02-13,P034,C0302,R03,7,117040.0,89331.12,0.05
14242,2025-02-13,P041,C0181,R04,2,10032.0,6396.54,0.05
14784,2025-02-13,P034,C0172,R02,4,66880.0,49622.68,0.05
12049,2025-02-14,P002,C0381,R04,5,564740.0,422373.8,0.15
11652,2025-02-15,P042,C0112,R02,5,77000.0,52266.4,0.0
11724,2025-02-15,P034,C0355,R01,1,16720.0,12025.75,0.05
11976,2025-02-15,P021,C0004,R02,1,5434.0,3146.84,0.05
13862,2025-02-15,P007,C0139,R03,2,107360.0,84168.25,0.0
14898,2025-02-15,P018,C0371,R01,3,35640.0,25745.79,0.0
11186,2025-02-16,P013,C0119,R02,2,53108.0,38374.88,0.15
12542,2025-02-16,P033,C0193,R03,2,15048.0,11262.6,0.05
12837,2025-02-16,P012,C0054,R03,3,117480.0,89957.97,0.0
14759,2025-02-16,P045,C0174,R02,5,16720.0,11477.03,0.05
14848,2025-02-16,P006,C0211,R04,4,513216.0,386098.68,0.1
14859,2025-02-16,P017,C0385,R01,4,96800.0,70122.14,0.0
10096,2025-02-17,P011,C0455,R04,2,49280.0,34972.04,0.0
10413,2025-02-17,P018,C0126,R02,2,20196.0,14696.18,0.15
10520,2025-02-17,P043,C0194,R01,1,13068.0,8893.58,0.1
10761,2025-02-17,P035,C0277,R04,4,91960.0,66194.85,0.05
10779,2025-02-17,P037,C0081,R02,1,23760.0,17500.76,0.0
11602,2025-02-17,P008,C0470,R04,2,223344.0,170128.47,0.1
11862,2025-02-17,P044,C0482,R02,4,33440.0,22557.27,0.0
12661,2025-02-17,P041,C0304,R01,4,17952.0,12666.02,0.15
14112,2025-02-17,P049,C0295,R02,1,11968.0,8492.2,0.15
14354,2025-02-17,P003,C0403,R03,3,338580.0,259452.56,0.05
14688,2025-02-17,P042,C0281,R01,2,27720.0,19277.58,0.1
11132,2025-02-18,P023,C0220,R03,2,5280.0,2860.89,0.0
11229,2025-02-18,P036,C0448,R01,2,14080.0,11181.33,0.0
11315,2025-02-18,P023,C0091,R01,5,13200.0,8165.64,0.0
11369,2025-02-18,P033,C0334,R01,1,7920.0,5890.73,0.0
11374,2025-02-18,P044,C0219,R04,6,47652.0,30541.38,0.05
11550,2025-02-18,P007,C0259,R04,3,136884.0,105206.28,0.15
11675,2025-02-18,P036,C0367,R01,3,20064.0,15046.4,0.05
12388,2025-02-18,P002,C0359,R04,5,597960.0,447913.67,0.1
12409,2025-02-18,P011,C0073,R02,2,44352.0,31453.36,0.1
13329,2025-02-18,P025,C0406,R04,1,7524.0,4046.33,0.1
10807,2025-02-19,P037,C0364,R01,3,67716.0,52091.37,0.05
11064,2025-02-19,P017,C0259,R04,3,72600.0,55399.99,0.0
11286,2025-02-19,P001,C0236,R02,1,48708.0,36791.4,0.1
12238,2025-02-19,P024,C0069,R01,1,9614.0,5685.83,0.05
12336,2025-02-19,P041,C0392,R03,3,15048.0,10286.92,0.05
14399,2025-02-19,P049,C0470,R04,4,53504.0,37756.67,0.05
11562,2025-02-20,P041,C0384,R02,3,15840.0,10909.29,0.0
12401,2025-02-20,P017,C0193,R03,4,96800.0,70166.54,0.0
12805,2025-02-20,P004,C0416,R04,4,376640.0,264045.12,0.0
13198,2025-02-20,P019,C0396,R04,5,173800.0,123877.12,0.0
13517,2025-02-20,P040,C0100,R02,1,17974.0,13534.36,0.05
13916,2025-02-20,P030,C0275,R04,5,26400.0,14485.93,0.0
14177,2025-02-20,P012,C0086,R03,5,176220.0,127969.25,0.1
14731,2025-02-20,P043,C0278,R02,3,39204.0,26108.44,0.1
14830,2025-02-20,P030,C0155,R01,4,21120.0,12884.16,0.0
11339,2025-02-21,P030,C0394,R04,6,30096.0,16120.43,0.05
12876,2025-02-21,P027,C0114,R02,6,27588.0,17083.14,0.05
13096,2025-02-21,P003,C0051,R02,1,118800.0,96482.91,0.0
13188,2025-02-21,P023,C0241,R02,6,14256.0,8884.77,0.1
13521,2025-02-21,P011,C0246,R02,1,24640.0,19036.67,0.0
13782,2025-02-21,P025,C0219,R04,1,8360.0,4996.25,0.0
14122,2025-02-21,P021,C0481,R02,1,5720.0,3178.62,0.0
10963,2025-02-22,P042,C0448,R01,2,29260.0,20391.46,0.05
11131,2025-02-22,P044,C0393,R01,1,7942.0,5696.34,0.05
11814,2025-02-22,P048,C0485,R04,5,79200.0,52675.14,0.1
13348,2025-02-22,P019,C0138,R04,2,62568.0,47305.38,0.1
13606,2025-02-22,P002,C0179,R04,1,132880.0,104661.51,0.0
13843,2025-02-22,P030,C0060,R02,1,5016.0,3031.43,0.05
14103,2025-02-22,P002,C0485,R04,3,398640.0,323912.67,0.0
14329,2025-02-22,P049,C0375,R01,3,40128.0,27082.94,0.05
10346,2025-02-23,P010,C0302,R03,2,103664.0,78973.49,0.05
10541,2025-02-23,P021,C0037,R01,1,5434.0,3152.22,0.05
11201,2025-02-23,P016,C0492,R04,6,168300.0,117359.03,0.15
11585,2025-02-23,P010,C0118,R01,5,245520.0,196299.68,0.1
11689,2025-02-23,P036,C0102,R03,3,17952.0,13770.42,0.15
12153,2025-02-23,P010,C0209,R04,2,103664.0,73679.22,0.05
12166,2025-02-23,P041,C0355,R01,2,8976.0,5967.19,0.15
12447,2025-02-23,P004,C0418,R04,1,89452.0,70117.53,0.05
13626,2025-02-23,P009,C0032,R01,5,334400.0,251525.72,0.0
13820,2025-02-23,P048,C0370,R04,6,95040.0,66842.1,0.1
13875,2025-02-23,P038,C0420,R01,1,20592.0,14541.98,0.1
13959,2025-02-23,P007,C0318,R02,2,107360.0,84674.81,0.0
10167,2025-02-24,P041,C0394,R04,2,9504.0,6591.62,0.1
10312,2025-02-24,P025,C0301,R04,5,39710.0,20964.66,0.05
10526,2025-02-24,P023,C0399,R02,6,14256.0,8071.25,0.1
10632,2025-02-24,P042,C0463,R03,2,30800.0,19866.46,0.0
10961,2025-02-24,P022,C0385,R01,4,17600.0,10770.22,0.0
11541,2025-02-24,P043,C0327,R01,2,26136.0,17324.36,0.1
11608,2025-02-24,P047,C0119,R02,1,9614.0,6605.18,0.05
12952,2025-02-24,P024,C0113,R03,3,28842.0,16031.45,0.05
12977,2025-02-24,P007,C0034,R02,1,48312.0,38358.74,0.1
13981,2025-02-24,P008,C0239,R04,2,248160.0,195255.77,0.0
14976,2025-02-24,P027,C0221,R03,1,4840.0,2532.44,0.0
10268,2025-02-25,P037,C0040,R04,2,45144.0,33737.33,0.05
10725,2025-02-25,P027,C0269,R04,1,4114.0,2304.83,0.15
10965,2025-02-25,P011,C0380,R04,2,49280.0,36251.86,0.0
11191,2025-02-25,P033,C0397,R03,5,37620.0,29843.57,0.05
11288,2025-02-25,P028,C0175,R01,2,16720.0,9585.53,0.05
12075,2025-02-25,P021,C0127,R04,1,5434.0,3200.75,0.05
12569,2025-02-25,P031,C0342,R02,4,55440.0,40055.04,0.1
13411,2025-02-25,P047,C0349,R01,4,36432.0,25441.44,0.1
13972,2025-02-25,P001,C0226,R02,2,102828.0,81085.93,0.05
14581,2025-02-25,P031,C0128,R01,3,43890.0,33120.85,0.05
10273,2025-02-26,P043,C0394,R04,5,61710.0,44487.39,0.15
10342,2025-02-26,P022,C0163,R03,7,29260.0,16148.49,0.05
10365,2025-02-26,P048,C0329,R01,5,79200.0,53948.32,0.1
11434,2025-02-26,P001,C0105,R04,4,216480.0,159313.51,0.0
12067,2025-02-26,P007,C0036,R02,2,101992.0,79325.56,0.05
12073,2025-02-26,P008,C0433,R02,2,223344.0,170550.68,0.1
12752,2025-02-26,P038,C0073,R02,5,114400.0,91239.89,0.0
12824,2025-02-26,P044,C0292,R04,3,23826.0,16879.9,0.05
13043,2025-02-26,P041,C0479,R04,5,23760.0,15396.88,0.1
13248,2025-02-26,P049,C0125,R03,5,63360.0,44946.43,0.1
13466,2025-02-26,P007,C0400,R04,5,241560.0,187804.81,0.1
13886,2025-02-26,P027,C0392,R03,2,8712.0,4932.95,0.1
14302,2025-02-26,P026,C0281,R01,1,6336.0,3284.37,0.1
14955,2025-02-26,P009,C0067,R04,2,120384.0,94192.76,0.1
10195,2025-02-27,P035,C0075,R01,1,22990.0,16581.14,0.05
10792,2025-02-27,P012,C0028,R03,2,78320.0,53713.4,0.0
10854,2025-02-27,P047,C0444,R04,1,9614.0,6539.38,0.05
10899,2025-02-27,P023,C0300,R04,1,2640.0,1533.42,0.0
11151,2025-02-27,P036,C0183,R03,2,13376.0,9346.42,0.05
11596,2025-02-27,P026,C0268,R01,2,13376.0,8003.64,0.05
12564,2025-02-27,P034,C0198,R03,1,14960.0,10319.7,0.15
12827,2025-02-27,P027,C0136,R04,6,27588.0,16338.31,0.05
13229,2025-02-27,P018,C0152,R03,2,21384.0,15169.91,0.1
13766,2025-02-27,P015,C0362,R04,3,87780.0,60875.63,0.05
13792,2025-02-27,P025,C0065,R01,4,31768.0,18404.85,0.05
14173,2025-02-27,P033,C0172,R02,4,30096.0,23094.94,0.05
14272,2025-02-27,P003,C0280,R04,1,118800.0,95954.3,0.0
14331,2025-02-27,P031,C0398,R01,1,13090.0,9571.03,0.15
11110,2025-02-28,P017,C0390,R01,4,91960.0,70192.28,0.05
11788,2025-02-28,P009,C0480,R01,2,133760.0,96273.65,0.0
13122,2025-02-28,P004,C0317,R03,6,564960.0,439428.22,0.0
10892,2025-03-01,P017,C0147,R02,1,26125.0,19025.09,0.0
11512,2025-03-01,P011,C0243,R01,8,202160.0,151378.65,0.05
11725,2025-03-01,P027,C0483,R03,5,24818.75,15213.46,0.05
12160,2025-03-01,P038,C0034,R02,2,46930.0,33770.71,0.05
12865,2025-03-01,P042,C0197,R01,2,31587.5,21553.3,0.05
13219,2025-03-01,P027,C0164,R03,2,9405.0,5799.53,0.1
13571,2025-03-01,P044,C0260,R01,1,7671.25,5340.61,0.15
13643,2025-03-01,P004,C0001,R02,1,96567.5,73369.97,0.05
13682,2025-03-01,P004,C0158,R01,6,609900.0,474548.25,0.0
13701,2025-03-01,P048,C0178,R03,5,80750.0,53643.83,0.15
13818,2025-03-01,P039,C0153,R04,4,48735.0,35094.7,0.05
14333,2025-03-01,P040,C0131,R01,1,19403.75,14195.18,0.05
14361,2025-03-01,P036,C0121,R02,2,14440.0,9920.29,0.05
11649,2025-03-02,P014,C0367,R01,1,34675.0,24728.45,0.0
13662,2025-03-02,P013,C0135,R04,2,64077.5,48249.99,0.05
14247,2025-03-02,P001,C0281,R01,1,58425.0,46179.33,0.0
10029,2025-03-03,P003,C0111,R03,5,545062.5,421845.34,0.15
11257,2025-03-03,P014,C0147,R02,2,65882.5,46659.45,0.05
11424,2025-03-03,P035,C0379,R02,3,74456.25,54415.04,0.05
12540,2025-03-03,P040,C0061,R02,2,38807.5,28557.05,0.05
13653,2025-03-03,P026,C0473,R02,1,6840.0,3912.47,0.1
14169,2025-03-03,P039,C0433,R02,4,51300.0,38975.72,0.0
10091,2025-03-04,P032,C0473,R02,1,10260.0,7312.16,0.1
10783,2025-03-04,P004,C0310,R03,2,193135.0,146509.75,0.05
11719,2025-03-04,P027,C0479,R04,3,14891.25,8600.03,0.05
12577,2025-03-04,P012,C0318,R02,1,40161.25,27345.82,0.05
12606,2025-03-04,P048,C0224,R01,1,17100.0,11289.96,0.1
12774,2025-03-04,P015,C0197,R01,1,31587.5,22586.85,0.05
13217,2025-03-04,P029,C0225,R02,4,26600.0,15895.36,0.0
13880,2025-03-04,P002,C0401,R03,6,860700.0,648389.44,0.0
14091,2025-03-04,P011,C0333,R02,2,53200.0,38779.65,0.0
10305,2025-03-05,P040,C0081,R02,2,40850.0,30317.35,0.0
10714,2025-03-05,P024,C0133,R04,2,20757.5,11284.48,0.05
11869,2025-03-05,P008,C0164,R03,1,133950.0,105125.49,0.0
12808,2025-03-05,P014,C0066,R02,4,124830.0,92780.41,0.1
14029,2025-03-05,P041,C0052,R01,3,16245.0,11408.15,0.05
14637,2025-03-05,P017,C0107,R01,1,26125.0,18136.69,0.0
10407,2025-03-06,P024,C0071,R04,1,10378.75,5998.81,0.05
10427,2025-03-06,P013,C0309,R01,1,33725.0,24217.75,0.0
10556,2025-03-06,P014,C0354,R01,8,263530.0,195518.38,0.05
11865,2025-03-06,P023,C0190,R04,1,2850.0,1608.17,0.0
11984,2025-03-06,P042,C0070,R03,5,78968.75,54601.83,0.05
12134,2025-03-06,P042,C0256,R03,5,78968.75,53628.21,0.05
12268,2025-03-06,P013,C0107,R01,1,32038.75,23438.79,0.05
12529,2025-03-06,P020,C0456,R04,2,40375.0,29022.67,0.15
12605,2025-03-06,P040,C0096,R01,2,38807.5,27739.25,0.05
12811,2025-03-06,P050,C0398,R01,1,17100.0,11512.35,0.0
13072,2025-03-06,P028,C0191,R02,2,17100.0,9246.21,0.1
13485,2025-03-06,P001,C0126,R02,1,52582.5,38772.79,0.1
13614,2025-03-06,P048,C0310,R03,1,18050.0,12256.8,0.05
13714,2025-03-06,P028,C0086,R03,1,8550.0,4913.74,0.1
13821,2025-03-06,P049,C0174,R02,5,76000.0,49509.6,0.0
13895,2025-03-06,P049,C0166,R04,3,38760.0,27598.86,0.15
10153,2025-03-07,P015,C0075,R01,2,66500.0,50104.75,0.0
10246,2025-03-07,P009,C0240,R03,4,274360.0,211983.47,0.05
10592,2025-03-07,P022,C0065,R01,2,8550.0,4793.48,0.1
10634,2025-03-07,P018,C0055,R03,2,21802.5,16288.5,0.15
11758,2025-03-07,P037,C0114,R02,2,43605.0,34292.2,0.15
11898,2025-03-07,P011,C0477,R03,3,79800.0,56200.4,0.0
12355,2025-03-07,P039,C0122,R01,1,12183.75,9319.04,0.05
12645,2025-03-07,P004,C0018,R03,5,508250.0,402041.31,0.0
13335,2025-03-07,P011,C0290,R04,1,26600.0,18410.92,0.0
13698,2025-03-07,P019,C0339,R01,1,35648.75,24671.32,0.05
14165,2025-03-07,P022,C0010,R04,3,12112.5,6812.04,0.15
14376,2025-03-07,P032,C0314,R03,6,68400.0,48513.35,0.0
10401,2025-03-08,P004,C0065,R01,4,365940.0,290280.75,0.1
10821,2025-03-08,P027,C0021,R03,2,10450.0,5996.98,0.0
11371,2025-03-08,P020,C0117,R01,4,80750.0,56549.7,0.15
11388,2025-03-08,P037,C0238,R04,5,121837.5,88991.16,0.05
12397,2025-03-08,P026,C0102,R03,4,27360.0,16011.58,0.1
12896,2025-03-08,P017,C0174,R02,3,78375.0,58762.01,0.0
10487,2025-03-09,P022,C0022,R01,3,12825.0,7487.33,0.1
11252,2025-03-09,P046,C0423,R04,6,122550.0,79335.96,0.0
11314,2025-03-09,P005,C0443,R04,5,455287.5,340645.88,0.1
11599,2025-03-09,P011,C0061,R02,1,25270.0,17300.58,0.05
12200,2025-03-09,P043,C0485,R04,4,59565.0,39467.4,0.05
14608,2025-03-09,P046,C0163,R03,1,20425.0,13607.04,0.0
14828,2025-03-09,P034,C0001,R02,6,108300.0,78487.21,0.05
11290,2025-03-10,P014,C0251,R04,4,138700.0,98410.88,0.0
13719,2025-03-10,P043,C0040,R04,5,78375.0,49829.47,0.0
14411,2025-03-10,P015,C0444,R04,4,133000.0,94394.0,0.0
10225,2025-03-11,P046,C0166,R04,3,58211.25,38887.26,0.05
10250,2025-03-11,P003,C0254,R02,2,256500.0,194198.25,0.0
10333,2025-03-11,P005,C0059,R04,3,257996.25,193863.18,0.15
10835,2025-03-11,P011,C0325,R03,3,67830.0,47881.66,0.15
11048,2025-03-11,P017,C0305,R01,4,99275.0,67937.1,0.05
11181,2025-03-11,P025,C0374,R03,4,34295.0,20068.93,0.05
11461,2025-03-11,P009,C0345,R04,2,129960.0,100667.15,0.1
12146,2025-03-11,P018,C0439,R01,2,25650.0,16951.52,0.0
12471,2025-03-11,P001,C0235,R04,5,277518.75,204984.34,0.05
13244,2025-03-11,P005,C0202,R01,1,96116.25,71456.14,0.05
13354,2025-03-11,P034,C0336,R04,2,34200.0,24455.61,0.1
13616,2025-03-11,P031,C0433,R02,3,49875.0,36828.64,0.0
13758,2025-03-11,P005,C0469,R01,6,546345.0,433581.24,0.1
14330,2025-03-11,P021,C0080,R04,4,24700.0,14477.01,0.0
10896,2025-03-12,P021,C0403,R03,6,37050.0,20726.05,0.0
11060,2025-03-12,P044,C0082,R04,3,27075.0,17285.09,0.0
11183,2025-03-12,P011,C0074,R02,1,25270.0,17780.46,0.05
11334,2025-03-12,P021,C0177,R02,1,5557.5,3303.81,0.1
11500,2025-03-12,P014,C0356,R01,6,208050.0,158436.39,0.0
12101,2025-03-12,P049,C0355,R01,3,43320.0,28861.74,0.05
13152,2025-03-12,P010,C0333,R02,3,176700.0,140731.31,0.0
13985,2025-03-12,P036,C0443,R04,1,7220.0,4859.59,0.05
14181,2025-03-12,P036,C0324,R04,1,7600.0,5640.16,0.0
14650,2025-03-12,P016,C0257,R01,4,142500.0,98339.16,0.0
14735,2025-03-12,P013,C0109,R01,1,32038.75,23114.15,0.05
10421,2025-03-13,P042,C0189,R04,3,49875.0,31938.39,0.0
10499,2025-03-13,P007,C0360,R03,7,405650.0,310024.37,0.0
10555,2025-03-13,P031,C0331,R02,3,49875.0,39567.28,0.0
10770,2025-03-13,P031,C0293,R03,3,47381.25,36319.02,0.05
11127,2025-03-13,P013,C0375,R01,2,57332.5,39131.51,0.15
11327,2025-03-13,P018,C0178,R03,4,46170.0,32706.44,0.1
11666,2025-03-13,P033,C0028,R03,1,7695.0,5651.03,0.1
12048,2025-03-13,P001,C0337,R03,1,55503.75,41877.83,0.05
12685,2025-03-13,P019,C0414,R04,3,112575.0,85594.98,0.0
13854,2025-03-13,P002,C0267,R03,2,286900.0,217987.21,0.0
14106,2025-03-13,P027,C0476,R02,5,26125.0,15988.4,0.0
10136,2025-03-14,P049,C0101,R01,1,12920.0,8657.81,0.15
10282,2025-03-14,P035,C0122,R01,7,173731.25,126188.28,0.05
11462,2025-03-14,P047,C0125,R03,4,43700.0,30439.46,0.0
11478,2025-03-14,P025,C0350,R01,3,23013.75,13872.26,0.15
12601,2025-03-14,P002,C0136,R04,3,387315.0,291524.08,0.1
12920,2025-03-14,P035,C0406,R04,3,70537.5,54835.98,0.1
12938,2025-03-14,P047,C0167,R02,4,41515.0,28675.09,0.05
13321,2025-03-14,P030,C0159,R04,3,15390.0,8690.2,0.1
13693,2025-03-14,P043,C0175,R01,4,59565.0,42071.87,0.05
13812,2025-03-14,P049,C0483,R03,3,38760.0,26154.83,0.15
13994,2025-03-14,P020,C0241,R02,1,22562.5,16248.81,0.05
14231,2025-03-14,P035,C0382,R04,1,22206.25,16070.11,0.15
14939,2025-03-14,P003,C0105,R04,2,243675.0,189874.8,0.05
10913,2025-03-15,P001,C0255,R01,6,333022.5,254517.69,0.05
11025,2025-03-15,P001,C0161,R04,5,277518.75,211971.7,0.05
11062,2025-03-15,P047,C0091,R01,7,76475.0,52812.31,0.0
11281,2025-03-15,P019,C0180,R02,4,150100.0,103783.99,0.0
11352,2025-03-15,P016,C0192,R01,6,203062.5,149365.12,0.05
11859,2025-03-15,P043,C0310,R03,6,94050.0,66117.36,0.0
12730,2025-03-15,P025,C0431,R02,2,16245.0,9677.17,0.1
12963,2025-03-15,P031,C0212,R01,2,33250.0,24238.3,0.0
13302,2025-03-15,P010,C0227,R03,3,167865.0,128754.9,0.05
13398,2025-03-15,P046,C0454,R02,2,40850.0,27773.5,0.0
10156,2025-03-16,P035,C0354,R01,4,99275.0,73646.31,0.05
10919,2025-03-16,P007,C0108,R04,1,57950.0,43044.29,0.0
11404,2025-03-16,P005,C0445,R04,2,192232.5,143473.29,0.05
11486,2025-03-16,P038,C0361,R02,1,23465.0,16397.63,0.05
11896,2025-03-16,P011,C0067,R04,1,23940.0,17623.75,0.1
12281,2025-03-16,P046,C0447,R02,3,58211.25,40804.97,0.05
12675,2025-03-16,P013,C0139,R03,3,96116.25,66073.1,0.05
14434,2025-03-16,P004,C0261,R02,4,406600.0,280860.67,0.0
14764,2025-03-16,P031,C0047,R02,1,16625.0,12183.33,0.0
10292,2025-03-17,P006,C0204,R03,1,146205.0,113099.35,0.05
10483,2025-03-17,P028,C0116,R04,2,17100.0,10407.31,0.1
10841,2025-03-17,P006,C0326,R04,1,130815.0,94834.1,0.15
11040,2025-03-17,P015,C0481,R02,3,94762.5,66317.25,0.05
11757,2025-03-17,P037,C0451,R01,2,48735.0,36760.7,0.05
12099,2025-03-17,P045,C0460,R02,3,10830.0,7030.2,0.05
12585,2025-03-17,P012,C0112,R02,1,40161.25,28343.61,0.05
12914,2025-03-17,P037,C0339,R01,1,23085.0,17972.16,0.1
13480,2025-03-17,P004,C0308,R04,5,482837.5,381447.2,0.05
13513,2025-03-17,P034,C0148,R04,1,19000.0,13652.36,0.0
13817,2025-03-17,P011,C0284,R02,4,106400.0,76445.75,0.0
10926,2025-03-18,P003,C0193,R03,2,256500.0,193723.27,0.0
11041,2025-03-18,P009,C0500,R03,3,216600.0,175529.43,0.0
11082,2025-03-18,P019,C0098,R02,2,75050.0,52879.03,0.0
11871,2025-03-18,P038,C0328,R01,1,24700.0,19120.2,0.0
12506,2025-03-18,P001,C0267,R03,2,116850.0,95917.88,0.0
12918,2025-03-18,P045,C0182,R01,1,3610.0,2519.67,0.05
13408,2025-03-18,P023,C0496,R03,1,2707.5,1686.87,0.05
14255,2025-03-18,P017,C0306,R03,5,124093.75,86137.35,0.05
10043,2025-03-19,P049,C0305,R01,4,54720.0,36323.94,0.1
10307,2025-03-19,P014,C0352,R02,8,263530.0,195914.59,0.05
10695,2025-03-19,P027,C0153,R04,1,4963.75,2838.62,0.05
11607,2025-03-19,P004,C0291,R04,4,386270.0,283891.66,0.05
12562,2025-03-19,P020,C0494,R02,5,112812.5,82307.68,0.05
13373,2025-03-19,P017,C0148,R04,4,99275.0,76708.1,0.05
14043,2025-03-19,P002,C0153,R04,1,136277.5,105295.84,0.05
10533,2025-03-20,P007,C0262,R04,4,220210.0,171566.21,0.05
10666,2025-03-20,P022,C0015,R04,1,4750.0,2754.12,0.0
14068,2025-03-20,P037,C0274,R02,4,102600.0,75049.36,0.0
14700,2025-03-20,P041,C0343,R04,1,5415.0,3808.04,0.05
14750,2025-03-20,P024,C0082,R04,1,10378.75,6135.42,0.05
14990,2025-03-20,P038,C0150,R04,1,22230.0,17393.93,0.1
11413,2025-03-21,P031,C0462,R04,3,44887.5,33388.64,0.1
11711,2025-03-21,P015,C0418,R04,1,28262.5,20631.73,0.15
12112,2025-03-21,P016,C0276,R04,2,60562.5,41426.11,0.15
12271,2025-03-21,P038,C0272,R02,1,24700.0,19182.58,0.0
12769,2025-03-21,P006,C0202,R01,3,461700.0,355720.77,0.0
10648,2025-03-22,P032,C0441,R02,4,43320.0,32215.06,0.05
11279,2025-03-22,P023,C0024,R04,1,2565.0,1424.92,0.1
12331,2025-03-22,P008,C0254,R02,2,241110.0,176080.55,0.1
13690,2025-03-22,P050,C0090,R01,2,34200.0,24534.04,0.0
13787,2025-03-22,P007,C0229,R03,5,275262.5,213330.96,0.05
14675,2025-03-22,P035,C0160,R04,6,141075.0,109213.38,0.1
14717,2025-03-22,P022,C0079,R03,2,9500.0,5773.35,0.0
14943,2025-03-22,P038,C0114,R02,3,70395.0,53980.5,0.05
10853,2025-03-23,P048,C0269,R04,4,76000.0,53749.36,0.0
11106,2025-03-23,P003,C0361,R02,1,109012.5,85073.98,0.15
12255,2025-03-23,P009,C0308,R04,2,122740.0,90094.03,0.15
12353,2025-03-23,P022,C0069,R01,4,18050.0,10907.71,0.05
12797,2025-03-23,P050,C0322,R02,4,68400.0,45894.57,0.0
13668,2025-03-23,P003,C0488,R01,1,115425.0,86710.52,0.1
13848,2025-03-23,P011,C0192,R01,1,26600.0,19374.19,0.0
14230,2025-03-23,P037,C0353,R02,3,76950.0,56314.93,0.0
14600,2025-03-23,P002,C0270,R03,3,408832.5,305437.71,0.05
11316,2025-03-24,P035,C0258,R04,1,23512.5,18053.46,0.1
12094,2025-03-24,P024,C0109,R01,2,20757.5,12179.84,0.05
12312,2025-03-24,P034,C0055,R03,3,54150.0,37671.8,0.05
13233,2025-03-24,P023,C0010,R04,6,16245.0,9427.4,0.05
13280,2025-03-24,P039,C0428,R02,2,24367.5,18274.93,0.05
13904,2025-03-24,P029,C0438,R02,3,19950.0,11058.1,0.0
13942,2025-03-24,P038,C0322,R02,3,66690.0,50818.07,0.1
14973,2025-03-24,P005,C0082,R04,6,576697.5,448924.28,0.05
10272,2025-03-25,P036,C0491,R04,1,7220.0,5442.39,0.05
10737,2025-03-25,P041,C0114,R02,1,4845.0,3205.8,0.15
10860,2025-03-25,P050,C0453,R02,1,14535.0,9021.23,0.15
11121,2025-03-25,P029,C0120,R04,4,26600.0,15320.91,0.0
11571,2025-03-25,P018,C0165,R02,2,24367.5,17456.8,0.05
12349,2025-03-25,P023,C0032,R01,3,8122.5,4894.81,0.05
12666,2025-03-25,P045,C0330,R03,4,14440.0,9421.91,0.05
13368,2025-03-25,P031,C0132,R03,1,16625.0,11673.84,0.0
13625,2025-03-25,P006,C0187,R02,5,654075.0,466949.44,0.15
14328,2025-03-25,P047,C0254,R02,1,9286.25,6423.64,0.15
14665,2025-03-25,P043,C0103,R01,3,47025.0,32072.79,0.0
10397,2025-03-26,P050,C0245,R02,1,15390.0,10703.58,0.1
10494,2025-03-26,P024,C0080,R04,1,9832.5,5985.16,0.1
10681,2025-03-26,P026,C0387,R04,6,45600.0,25930.72,0.0
12604,2025-03-26,P045,C0226,R02,2,6840.0,4645.0,0.1
13136,2025-03-26,P013,C0036,R02,2,67450.0,49487.85,0.0
14289,2025-03-26,P012,C0112,R02,1,42275.0,28315.45,0.0
14370,2025-03-26,P006,C0221,R03,3,438615.0,338001.09,0.05
14570,2025-03-26,P050,C0331,R02,5,81225.0,54165.69,0.05
10403,2025-03-27,P034,C0223,R02,3,57000.0,45062.19,0.0
11463,2025-03-27,P041,C0422,R01,2,10830.0,7267.51,0.05
11716,2025-03-27,P001,C0378,R02,1,58425.0,44373.17,0.0
12602,2025-03-27,P017,C0071,R04,3,70537.5,49525.42,0.1
12610,2025-03-27,P044,C0155,R01,2,17147.5,11698.73,0.05
12802,2025-03-27,P025,C0283,R04,3,25721.25,14816.98,0.05
13181,2025-03-27,P038,C0346,R03,1,20995.0,15110.69,0.15
13415,2025-03-27,P018,C0429,R04,3,32703.75,24190.09,0.15
14414,2025-03-27,P019,C0045,R01,5,187625.0,138457.22,0.0
14490,2025-03-27,P009,C0119,R02,2,144400.0,102681.59,0.0
10186,2025-03-28,P012,C0076,R02,4,169100.0,122791.74,0.0
11377,2025-03-28,P034,C0062,R02,5,90250.0,70231.31,0.05
11592,2025-03-28,P001,C0018,R03,9,473242.5,380313.59,0.1
11953,2025-03-28,P030,C0420,R01,3,17100.0,9766.54,0.0
13251,2025-03-28,P018,C0048,R03,4,48735.0,34985.69,0.05
13731,2025-03-28,P025,C0465,R04,3,24367.5,14517.49,0.1
13992,2025-03-28,P048,C0280,R04,5,95000.0,69581.33,0.0
14098,2025-03-28,P004,C0087,R01,6,579405.0,438377.8,0.05
10738,2025-03-29,P041,C0127,R04,1,5130.0,3493.43,0.1
10942,2025-03-29,P036,C0117,R01,3,21660.0,16035.66,0.05
11163,2025-03-29,P010,C0279,R01,2,100130.0,75652.49,0.15
11954,2025-03-29,P047,C0257,R01,8,87400.0,59628.62,0.0
13532,2025-03-29,P045,C0274,R02,1,3800.0,2475.78,0.0
13676,2025-03-29,P042,C0345,R04,2,33250.0,21089.44,0.0
13936,2025-03-29,P019,C0002,R01,1,35648.75,26248.6,0.05
14253,2025-03-29,P023,C0303,R04,5,13537.5,8253.8,0.05
14548,2025-03-29,P047,C0068,R01,2,20757.5,14421.69,0.05
14703,2025-03-29,P006,C0101,R01,1,130815.0,95750.43,0.15
14765,2025-03-29,P041,C0405,R04,2,11400.0,8272.53,0.0
14834,2025-03-29,P003,C0231,R02,2,256500.0,200265.68,0.0
14909,2025-03-29,P023,C0281,R01,6,16245.0,9234.93,0.05
10149,2025-03-30,P035,C0017,R01,4,94050.0,67224.24,0.1
10830,2025-03-30,P024,C0337,R03,1,10378.75,6366.34,0.05
10949,2025-03-30,P035,C0308,R04,3,78375.0,57989.31,0.0
11154,2025-03-30,P047,C0262,R04,1,9286.25,6601.08,0.15
12417,2025-03-30,P019,C0176,R04,1,37525.0,25656.49,0.0
12489,2025-03-30,P027,C0164,R03,3,15675.0,9699.96,0.0
12505,2025-03-30,P005,C0401,R03,5,480581.25,362646.03,0.05
13046,2025-03-30,P038,C0393,R01,6,133380.0,99333.21,0.1
13085,2025-03-30,P034,C0135,R04,6,108300.0,81316.31,0.05
13529,2025-03-30,P017,C0375,R01,4,99275.0,69649.98,0.05
13652,2025-03-30,P050,C0072,R02,1,16245.0,10976.31,0.05
14154,2025-03-30,P049,C0183,R03,1,14440.0,9787.65,0.05
14202,2025-03-30,P007,C0400,R04,2,110105.0,82865.67,0.05
14849,2025-03-30,P020,C0428,R02,2,40375.0,30168.18,0.15
10763,2025-03-31,P044,C0003,R04,3,23013.75,15762.68,0.15
10951,2025-03-31,P008,C0170,R03,1,133950.0,100039.87,0.0
10995,2025-03-31,P011,C0288,R02,1,23940.0,17663.19,0.1
11013,2025-03-31,P049,C0156,R01,3,43320.0,29674.25,0.05
13317,2025-03-31,P037,C0484,R04,6,153900.0,110567.87,0.0
13762,2025-03-31,P021,C0259,R04,2,11115.0,6488.72,0.1
14092,2025-03-31,P004,C0075,R01,4,386270.0,285030.76,0.05
10210,2025-04-01,P042,C0118,R01,4,61180.0,39475.61,0.05
10993,2025-04-01,P023,C0373,R01,2,5244.0,3013.5,0.05
11766,2025-04-01,P048,C0126,R02,1,16560.0,11227.03,0.1
11988,2025-04-01,P039,C0432,R01,2,22356.0,17367.26,0.1
13216,2025-04-01,P028,C0434,R01,3,27600.0,16184.31,0.0
13551,2025-04-01,P022,C0184,R03,6,26220.0,14716.22,0.05
14258,2025-04-01,P018,C0318,R02,2,24840.0,17758.52,0.0
14452,2025-04-01,P034,C0426,R02,2,31280.0,23976.95,0.15
14817,2025-04-01,P016,C0364,R01,1,34500.0,24775.43,0.0
10322,2025-04-02,P022,C0073,R02,2,7820.0,4904.97,0.15
10772,2025-04-02,P024,C0351,R01,1,9522.0,5751.56,0.1
12294,2025-04-02,P034,C0109,R01,6,110400.0,77281.4,0.0
12514,2025-04-02,P033,C0226,R02,4,31464.0,22708.55,0.05
12672,2025-04-02,P050,C0132,R03,1,14904.0,10579.5,0.1
13023,2025-04-02,P010,C0128,R01,5,270940.0,212470.64,0.05
14791,2025-04-02,P016,C0061,R02,1,32775.0,23915.51,0.05
10057,2025-04-03,P008,C0051,R02,3,369702.0,285321.68,0.05
10521,2025-04-03,P028,C0061,R02,1,9200.0,5187.18,0.0
10887,2025-04-03,P043,C0483,R03,4,57684.0,39591.69,0.05
10954,2025-04-03,P035,C0250,R01,4,101200.0,72109.8,0.0
11431,2025-04-03,P035,C0429,R04,3,72105.0,53745.07,0.05
12298,2025-04-03,P040,C0234,R03,1,17802.0,13221.15,0.1
12407,2025-04-03,P046,C0496,R03,1,16813.0,11215.74,0.15
12450,2025-04-03,P017,C0156,R01,2,43010.0,30582.69,0.15
12526,2025-04-03,P012,C0063,R04,11,450340.0,316591.54,0.0
12931,2025-04-03,P018,C0142,R02,1,10557.0,7687.57,0.15
13440,2025-04-03,P050,C0261,R02,1,16560.0,11080.95,0.0
13759,2025-04-03,P013,C0043,R02,2,62054.0,43066.84,0.05
13810,2025-04-03,P003,C0019,R03,1,117990.0,86365.26,0.05
13816,2025-04-03,P005,C0477,R03,5,465405.0,326582.87,0.05
14026,2025-04-03,P022,C0290,R04,2,9200.0,5355.24,0.0
14353,2025-04-03,P008,C0231,R02,1,129720.0,100191.77,0.0
14483,2025-04-03,P001,C0237,R02,3,152766.0,117108.56,0.1
14905,2025-04-03,P020,C0156,R01,4,92000.0,63891.75,0.0
10588,2025-04-04,P005,C0441,R02,1,93081.0,70342.24,0.05
11069,2025-04-04,P010,C0330,R03,2,108376.0,81611.84,0.05
11567,2025-04-04,P023,C0066,R02,1,2760.0,1729.3,0.0
13053,2025-04-04,P020,C0215,R01,4,87400.0,65524.53,0.05
14975,2025-04-04,P025,C0436,R02,4,33212.0,19476.15,0.05
10826,2025-04-05,P028,C0331,R02,2,18400.0,10112.98,0.0
10840,2025-04-05,P045,C0469,R01,5,17480.0,12362.98,0.05
11271,2025-04-05,P044,C0317,R03,1,8740.0,5785.03,0.0
11375,2025-04-05,P023,C0157,R01,1,2760.0,1549.12,0.0
11544,2025-04-05,P007,C0490,R03,2,106628.0,79599.03,0.05
11864,2025-04-05,P032,C0244,R01,3,29808.0,23017.82,0.1
12145,2025-04-05,P031,C0254,R02,4,64400.0,49748.18,0.0
12716,2025-04-05,P009,C0399,R02,5,332120.0,239213.76,0.05
13133,2025-04-05,P012,C0196,R01,6,245640.0,182348.4,0.0
13189,2025-04-05,P007,C0149,R02,3,159942.0,125633.84,0.05
13558,2025-04-05,P004,C0489,R01,6,531576.0,416438.93,0.1
13583,2025-04-05,P010,C0013,R01,2,102672.0,77563.63,0.1
13773,2025-04-05,P030,C0396,R04,1,5244.0,3139.18,0.05
13932,2025-04-05,P021,C0190,R04,3,16146.0,9549.5,0.1
10031,2025-04-06,P045,C0180,R02,1,3496.0,2307.39,0.05
10338,2025-04-06,P043,C0114,R02,3,40986.0,28775.67,0.1
10535,2025-04-06,P041,C0261,R02,2,11040.0,7739.96,0.0
10537,2025-04-06,P049,C0363,R02,2,29440.0,19867.02,0.0
11017,2025-04-06,P047,C0489,R01,3,31740.0,21643.35,0.0
11307,2025-04-06,P003,C0320,R02,6,745200.0,527395.13,0.0
12557,2025-04-06,P003,C0014,R04,1,111780.0,88559.82,0.1
12982,2025-04-06,P009,C0364,R01,1,66424.0,47687.24,0.05
12991,2025-04-06,P039,C0090,R01,2,23598.0,16914.82,0.05
13447,2025-04-06,P025,C0005,R02,1,8740.0,4847.54,0.0
14159,2025-04-06,P026,C0294,R04,5,34960.0,20208.64,0.05
14183,2025-04-06,P002,C0197,R01,1,118082.0,84820.15,0.15
14437,2025-04-06,P032,C0131,R01,3,29808.0,22028.99,0.1
14800,2025-04-06,P047,C0116,R04,1,9522.0,6367.46,0.1
10007,2025-04-07,P040,C0470,R04,3,50439.0,38759.8,0.15
10217,2025-04-07,P036,C0324,R04,1,7360.0,5340.46,0.0
10400,2025-04-07,P037,C0134,R04,1,22356.0,16444.36,0.1
10646,2025-04-07,P013,C0002,R01,1,31027.0,22048.26,0.05
11391,2025-04-07,P034,C0060,R02,2,36800.0,27238.64,0.0
11546,2025-04-07,P049,C0307,R04,1,13984.0,9499.48,0.05
11614,2025-04-07,P004,C0450,R01,1,98440.0,74383.47,0.0
11855,2025-04-07,P040,C0114,R02,1,18791.0,13561.5,0.05
12389,2025-04-07,P044,C0408,R01,1,7866.0,5007.15,0.1
12943,2025-04-07,P034,C0220,R03,2,34960.0,25670.1,0.05
13101,2025-04-07,P036,C0469,R01,2,12512.0,9231.19,0.15
13289,2025-04-07,P008,C0001,R02,6,778320.0,598419.49,0.0
13479,2025-04-07,P010,C0364,R01,1,57040.0,43687.7,0.0
14480,2025-04-07,P021,C0320,R02,3,15249.0,9209.4,0.15
14893,2025-04-07,P002,C0362,R04,3,375084.0,280449.17,0.1
10528,2025-04-08,P026,C0359,R04,7,48944.0,28636.36,0.05
11397,2025-04-08,P035,C0214,R04,3,68310.0,52894.29,0.1
11756,2025-04-08,P025,C0200,R03,3,23598.0,12569.94,0.1
11970,2025-04-08,P046,C0394,R04,2,37582.0,26218.31,0.05
12819,2025-04-08,P019,C0306,R03,5,154445.0,118026.61,0.15
14633,2025-04-08,P011,C0134,R04,2,46368.0,33919.9,0.1
14917,2025-04-08,P011,C0367,R01,5,128800.0,94612.11,0.0
11104,2025-04-09,P028,C0397,R03,5,41400.0,24110.95,0.1
11473,2025-04-09,P023,C0428,R02,1,2622.0,1506.07,0.05
12852,2025-04-09,P001,C0105,R04,1,53751.0,41184.07,0.05
11367,2025-04-10,P050,C0113,R03,6,99360.0,66781.05,0.0
13561,2025-04-10,P009,C0500,R03,2,132848.0,102060.36,0.05
13832,2025-04-10,P002,C0464,R01,3,416760.0,320309.61,0.0
13881,2025-04-10,P030,C0139,R03,9,47196.0,26905.42,0.05
14390,2025-04-10,P019,C0405,R04,2,65412.0,47763.17,0.1
10571,2025-04-11,P013,C0048,R03,1,32660.0,22942.65,0.0
12849,2025-04-11,P021,C0202,R01,6,34086.0,19539.97,0.05
13077,2025-04-11,P037,C0053,R01,2,49680.0,34501.15,0.0
13277,2025-04-11,P004,C0159,R04,1,98440.0,74546.64,0.0
13658,2025-04-11,P044,C0085,R01,1,7866.0,5246.62,0.1
14067,2025-04-11,P012,C0042,R01,2,81880.0,58288.42,0.0
14988,2025-04-11,P020,C0441,R02,4,78200.0,56069.66,0.15
10152,2025-04-12,P014,C0229,R03,1,33580.0,23473.38,0.0
10189,2025-04-12,P015,C0015,R04,5,161000.0,118207.85,0.0
11487,2025-04-12,P028,C0497,R01,1,8280.0,5173.99,0.1
11918,2025-04-12,P007,C0290,R04,5,280600.0,215331.68,0.0
12338,2025-04-12,P013,C0384,R02,5,163300.0,117401.33,0.0
12631,2025-04-12,P033,C0400,R04,1,7038.0,5067.59,0.15
12758,2025-04-12,P038,C0120,R04,3,68172.0,51814.89,0.05
14776,2025-04-12,P040,C0188,R02,5,89010.0,64188.84,0.1
14986,2025-04-12,P032,C0359,R04,7,69552.0,51930.11,0.1
10540,2025-04-13,P031,C0043,R02,1,15295.0,11901.92,0.05
11022,2025-04-13,P029,C0117,R01,5,27370.0,15807.91,0.15
11118,2025-04-13,P008,C0361,R02,3,330786.0,249759.59,0.15
11284,2025-04-13,P028,C0055,R03,3,26220.0,15647.67,0.05
11700,2025-04-13,P003,C0374,R03,1,124200.0,95906.57,0.0
11763,2025-04-13,P028,C0030,R01,4,34960.0,20520.34,0.05
12178,2025-04-13,P013,C0117,R01,5,146970.0,103202.4,0.1
12457,2025-04-13,P016,C0493,R03,4,138000.0,105710.64,0.0
12646,2025-04-13,P041,C0144,R01,6,29808.0,19899.43,0.1
12983,2025-04-13,P044,C0355,R01,2,17480.0,11672.38,0.0
13306,2025-04-13,P018,C0063,R04,6,70794.0,49117.65,0.05
13823,2025-04-13,P026,C0022,R01,4,25024.0,15534.57,0.15
14102,2025-04-13,P013,C0182,R01,2,58788.0,44234.87,0.1
14524,2025-04-13,P021,C0468,R03,4,21528.0,11964.87,0.1
14563,2025-04-13,P010,C0001,R02,6,342240.0,267343.4,0.0
14773,2025-04-13,P047,C0455,R04,2,20102.0,14245.31,0.05
10240,2025-04-14,P044,C0347,R03,5,43700.0,29467.49,0.0
10938,2025-04-14,P037,C0167,R02,3,70794.0,54611.23,0.05
10966,2025-04-14,P010,C0117,R01,2,114080.0,85937.58,0.0
11414,2025-04-14,P022,C0062,R02,1,4140.0,2438.34,0.1
12218,2025-04-14,P027,C0314,R03,3,13662.0,7886.42,0.1
12491,2025-04-14,P031,C0045,R01,2,30590.0,22607.01,0.05
12518,2025-04-14,P007,C0072,R02,4,213256.0,169597.8,0.05
12856,2025-04-14,P017,C0452,R03,3,72105.0,48924.43,0.05
13025,2025-04-14,P037,C0312,R03,2,49680.0,35529.16,0.0
13125,2025-04-14,P036,C0363,R02,4,27968.0,20527.36,0.05
13208,2025-04-14,P050,C0148,R04,2,33120.0,22006.11,0.0
13288,2025-04-14,P030,C0043,R02,1,4692.0,2779.58,0.15
13422,2025-04-14,P041,C0420,R01,4,18768.0,12455.99,0.15
13656,2025-04-14,P008,C0287,R04,6,778320.0,568560.43,0.0
13785,2025-04-14,P029,C0407,R02,4,23184.0,13952.38,0.1
13907,2025-04-14,P050,C0168,R04,6,99360.0,70667.17,0.0
14935,2025-04-14,P034,C0366,R02,9,140760.0,97867.8,0.15
10044,2025-04-15,P011,C0454,R02,3,73416.0,52138.11,0.05
10581,2025-04-15,P018,C0018,R03,4,49680.0,36125.55,0.0
11642,2025-04-15,P010,C0038,R04,3,154008.0,118574.34,0.1
12088,2025-04-15,P031,C0427,R03,1,14490.0,10244.84,0.1
14632,2025-04-15,P049,C0034,R02,5,66240.0,45942.31,0.1
14958,2025-04-15,P039,C0410,R01,2,24840.0,19685.01,0.0
10251,2025-04-16,P014,C0484,R04,2,67160.0,47629.68,0.0
10335,2025-04-16,P013,C0278,R02,1,31027.0,21105.61,0.05
10971,2025-04-16,P025,C0312,R03,3,23598.0,14890.63,0.1
11653,2025-04-16,P025,C0341,R04,1,8303.0,4726.65,0.05
11870,2025-04-16,P047,C0346,R03,1,10051.0,6871.24,0.05
12095,2025-04-16,P030,C0329,R01,1,5244.0,3374.32,0.05
12485,2025-04-16,P018,C0177,R02,3,33534.0,24751.05,0.1
13247,2025-04-16,P035,C0379,R02,4,91080.0,66926.39,0.1
13456,2025-04-16,P010,C0129,R01,5,256680.0,202429.16,0.1
13850,2025-04-16,P033,C0371,R01,2,15732.0,11336.99,0.05
14559,2025-04-16,P038,C0420,R01,1,22724.0,17212.11,0.05
14827,2025-04-16,P041,C0285,R01,2,11040.0,7318.58,0.0
10036,2025-04-17,P005,C0394,R04,6,529092.0,394445.49,0.1
10371,2025-04-17,P004,C0307,R04,2,177192.0,134312.22,0.1
10710,2025-04-17,P003,C0354,R01,8,844560.0,679204.13,0.15
10805,2025-04-17,P017,C0374,R03,1,24035.0,16546.49,0.05
11610,2025-04-17,P040,C0026,R02,2,39560.0,31288.02,0.0
12278,2025-04-17,P016,C0398,R01,3,93150.0,66700.59,0.1
12350,2025-04-17,P005,C0117,R01,2,176364.0,139970.9,0.1
12688,2025-04-17,P045,C0105,R04,1,3680.0,2549.73,0.0
12870,2025-04-17,P014,C0405,R04,2,60444.0,44794.1,0.1
13380,2025-04-17,P019,C0036,R02,3,103569.0,74424.71,0.05
13752,2025-04-17,P049,C0151,R04,3,44160.0,30402.07,0.0
14663,2025-04-17,P038,C0440,R04,2,43056.0,32641.23,0.1
10610,2025-04-18,P001,C0342,R02,1,50922.0,38005.06,0.1
10810,2025-04-18,P025,C0094,R01,1,7429.0,4477.17,0.15
11657,2025-04-18,P032,C0235,R04,3,33120.0,23906.58,0.0
12905,2025-04-18,P013,C0458,R02,4,117576.0,83181.06,0.1
14241,2025-04-18,P034,C0220,R03,2,36800.0,28332.2,0.0
14352,2025-04-18,P033,C0301,R04,3,22356.0,16153.99,0.1
14692,2025-04-18,P044,C0280,R04,3,23598.0,16946.71,0.1
10103,2025-04-19,P050,C0087,R01,1,14076.0,9184.02,0.15
10359,2025-04-19,P015,C0055,R03,2,64400.0,45839.81,0.0
10870,2025-04-19,P010,C0332,R04,3,162564.0,125301.01,0.05
10994,2025-04-19,P003,C0139,R03,2,248400.0,187797.65,0.0
11230,2025-04-19,P031,C0481,R02,3,43470.0,32446.83,0.1
11771,2025-04-19,P017,C0160,R04,2,45540.0,33290.96,0.1
12018,2025-04-19,P037,C0379,R02,3,70794.0,51565.39,0.05
12233,2025-04-19,P045,C0054,R03,3,10488.0,7391.46,0.05
12426,2025-04-19,P019,C0376,R03,3,109020.0,77787.09,0.0
13744,2025-04-19,P039,C0202,R01,5,62100.0,45691.8,0.0
14636,2025-04-19,P029,C0188,R02,3,18354.0,10665.44,0.05
14942,2025-04-19,P023,C0133,R04,7,18354.0,11314.68,0.05
10005,2025-04-20,P025,C0488,R01,5,43700.0,26898.53,0.0
10405,2025-04-20,P022,C0096,R01,3,13800.0,7638.25,0.0
10617,2025-04-20,P018,C0348,R03,5,58995.0,43917.3,0.05
10716,2025-04-20,P029,C0114,R02,3,19320.0,11037.28,0.0
10756,2025-04-20,P025,C0268,R01,2,17480.0,10442.64,0.0
10815,2025-04-20,P019,C0299,R04,1,34523.0,25263.67,0.05
10833,2025-04-20,P011,C0196,R01,2,51520.0,36959.34,0.0
10867,2025-04-20,P048,C0113,R03,3,55200.0,36502.71,0.0
11120,2025-04-20,P015,C0392,R03,6,173880.0,119498.09,0.1
11401,2025-04-20,P012,C0382,R04,4,163760.0,121451.81,0.0
11527,2025-04-20,P037,C0259,R04,3,74520.0,56755.19,0.0
11747,2025-04-20,P028,C0398,R01,6,52440.0,29333.87,0.05
13776,2025-04-20,P009,C0355,R01,3,199272.0,146868.51,0.05
13920,2025-04-20,P043,C0066,R02,1,14421.0,9676.82,0.05
13931,2025-04-20,P042,C0376,R03,3,43470.0,28162.1,0.1
10539,2025-04-21,P022,C0442,R02,1,3910.0,2387.19,0.15
11883,2025-04-21,P021,C0253,R03,3,16146.0,10249.48,0.1
12007,2025-04-21,P050,C0480,R01,5,78660.0,51812.18,0.05
12408,2025-04-21,P047,C0349,R01,1,10051.0,7127.09,0.05
12460,2025-04-21,P025,C0027,R03,2,14858.0,8962.54,0.15
12668,2025-04-21,P045,C0132,R03,1,3680.0,2482.95,0.0
13927,2025-04-21,P038,C0499,R04,1,22724.0,15818.6,0.05
14042,2025-04-21,P029,C0253,R03,1,6118.0,3429.4,0.05
10467,2025-04-22,P035,C0041,R02,4,86020.0,65751.83,0.15
10817,2025-04-22,P041,C0426,R02,2,10488.0,7434.05,0.05
11275,2025-04-22,P049,C0345,R04,3,44160.0,29797.85,0.0
11949,2025-04-22,P008,C0396,R04,1,123234.0,89223.12,0.05
11992,2025-04-22,P041,C0333,R02,1,5244.0,3488.73,0.05
12295,2025-04-22,P030,C0162,R03,1,5520.0,2919.68,0.0
12742,2025-04-22,P050,C0246,R02,6,94392.0,63302.18,0.05
12917,2025-04-22,P027,C0097,R04,5,22770.0,13233.93,0.1
13591,2025-04-22,P031,C0063,R04,2,32200.0,23692.25,0.0
13741,2025-04-22,P029,C0206,R01,4,24472.0,13128.3,0.05
14084,2025-04-22,P032,C0107,R01,2,22080.0,16237.3,0.0
11137,2025-04-23,P049,C0414,R04,3,44160.0,30174.12,0.0
11857,2025-04-23,P026,C0346,R03,2,13248.0,7761.78,0.1
12556,2025-04-23,P006,C0296,R04,5,745200.0,542383.65,0.0
12565,2025-04-23,P005,C0344,R04,3,249849.0,191884.56,0.15
12810,2025-04-23,P049,C0032,R01,4,58880.0,38178.17,0.0
13164,2025-04-23,P033,C0353,R02,2,16560.0,12045.99,0.0
14365,2025-04-23,P012,C0387,R04,3,110538.0,80443.75,0.1
14542,2025-04-23,P049,C0216,R04,3,41952.0,28715.47,0.05
14668,2025-04-23,P046,C0472,R03,6,112746.0,77822.56,0.05
10542,2025-04-24,P012,C0028,R03,3,116679.0,79919.0,0.05
10683,2025-04-24,P027,C0044,R02,9,43263.0,24479.29,0.05
11215,2025-04-24,P032,C0008,R02,4,41952.0,29973.39,0.05
11639,2025-04-24,P036,C0223,R02,4,25024.0,18287.71,0.15
12656,2025-04-24,P029,C0235,R04,6,32844.0,19727.36,0.15
12790,2025-04-24,P018,C0489,R01,4,42228.0,30074.7,0.15
14500,2025-04-24,P016,C0433,R02,5,172500.0,127221.72,0.0
14509,2025-04-24,P032,C0193,R03,5,49680.0,36520.92,0.1
14640,2025-04-24,P027,C0353,R02,3,15180.0,9209.33,0.0
14886,2025-04-24,P006,C0446,R01,4,506736.0,399521.79,0.15
11057,2025-04-25,P012,C0039,R02,3,110538.0,78963.59,0.1
11205,2025-04-25,P047,C0066,R02,4,42320.0,26974.38,0.0
11302,2025-04-25,P025,C0019,R03,1,7866.0,4411.8,0.1
11511,2025-04-25,P008,C0038,R04,2,233496.0,184000.03,0.1
12423,2025-04-25,P030,C0415,R01,1,4692.0,2704.37,0.15
10915,2025-04-26,P028,C0026,R02,2,15640.0,8956.77,0.15
12697,2025-04-26,P024,C0127,R04,1,9522.0,5495.04,0.1
12733,2025-04-26,P027,C0325,R03,2,9614.0,5304.71,0.05
13207,2025-04-26,P015,C0341,R04,5,161000.0,116073.55,0.0
13589,2025-04-26,P045,C0455,R04,2,6624.0,4648.17,0.1
14555,2025-04-26,P041,C0185,R01,2,11040.0,7381.97,0.0
14887,2025-04-26,P027,C0244,R01,2,9108.0,5264.81,0.1
12223,2025-04-27,P002,C0212,R01,1,118082.0,92973.59,0.15
14572,2025-04-27,P021,C0483,R03,3,17043.0,10127.0,0.05
14604,2025-04-27,P031,C0390,R01,4,61180.0,46073.21,0.05
10082,2025-04-28,P026,C0015,R04,2,13248.0,7614.05,0.1
10566,2025-04-28,P042,C0335,R04,3,43470.0,29797.4,0.1
11097,2025-04-28,P012,C0118,R01,2,77786.0,53685.69,0.05
12418,2025-04-28,P017,C0334,R01,3,72105.0,51801.48,0.05
12842,2025-04-28,P018,C0323,R01,1,11799.0,8996.13,0.05
12855,2025-04-28,P037,C0102,R03,2,47196.0,37335.97,0.05
13205,2025-04-28,P018,C0098,R02,3,31671.0,22791.3,0.15
13252,2025-04-28,P036,C0319,R01,5,31280.0,23732.48,0.15
13286,2025-04-28,P032,C0026,R02,2,22080.0,16026.32,0.0
13292,2025-04-28,P020,C0204,R03,2,43700.0,32239.17,0.05
13530,2025-04-28,P031,C0488,R01,3,48300.0,36516.38,0.0
14054,2025-04-28,P036,C0415,R01,1,6992.0,5078.29,0.05
14257,2025-04-28,P002,C0329,R01,3,375084.0,283537.38,0.1
14261,2025-04-28,P021,C0487,R04,8,47840.0,29282.37,0.0
14386,2025-04-28,P046,C0321,R04,2,39560.0,26588.53,0.0
14484,2025-04-28,P011,C0078,R04,1,21896.0,15727.69,0.15
14871,2025-04-28,P040,C0244,R01,3,59340.0,43410.28,0.0
11291,2025-04-29,P035,C0395,R01,4,96140.0,72033.36,0.05
11842,2025-04-29,P002,C0212,R01,2,250056.0,185165.56,0.1
12299,2025-04-29,P007,C0226,R02,6,286212.0,216059.76,0.15
12844,2025-04-29,P003,C0444,R04,3,372600.0,285656.71,0.0
13086,2025-04-29,P024,C0388,R04,2,20102.0,12118.07,0.05
14446,2025-04-29,P005,C0395,R01,1,88182.0,69501.76,0.1
14711,2025-04-29,P007,C0024,R04,2,112240.0,84903.04,0.0
10062,2025-04-30,P004,C0140,R04,4,374072.0,280789.71,0.05
10749,2025-04-30,P022,C0013,R01,4,17480.0,10891.39,0.05
11336,2025-04-30,P002,C0107,R01,1,131974.0,98548.89,0.05
11749,2025-04-30,P050,C0175,R01,4,62928.0,43610.1,0.05
12607,2025-04-30,P029,C0021,R03,2,12236.0,7689.87,0.05
12686,2025-04-30,P007,C0207,R04,3,151524.0,110617.65,0.1
13384,2025-04-30,P033,C0003,R04,4,33120.0,24686.76,0.0
14732,2025-04-30,P023,C0074,R02,1,2622.0,1617.29,0.05
10199,2025-05-01,P006,C0328,R01,1,150822.0,117926.42,0.05
11042,2025-05-01,P037,C0484,R04,1,25137.0,17435.43,0.05
11775,2025-05-01,P010,C0220,R03,3,154938.0,113346.79,0.15
11908,2025-05-01,P012,C0214,R04,1,43610.0,31593.89,0.0
13888,2025-05-01,P040,C0386,R01,4,80066.0,58926.57,0.05
14757,2025-05-01,P032,C0030,R01,4,42336.0,33216.05,0.1
14874,2025-05-01,P016,C0199,R01,1,36750.0,25353.62,0.0
10191,2025-05-02,P016,C0149,R02,1,36750.0,26027.34,0.0
10260,2025-05-02,P027,C0330,R03,1,5120.5,3024.53,0.05
10480,2025-05-02,P021,C0253,R03,3,17199.0,10634.41,0.1
10718,2025-05-02,P002,C0353,R02,4,591920.0,466017.23,0.0
10754,2025-05-02,P007,C0083,R04,2,113582.0,87468.14,0.05
11376,2025-05-02,P007,C0189,R04,1,59780.0,46341.37,0.0
11741,2025-05-02,P011,C0398,R01,2,54880.0,39918.98,0.0
12321,2025-05-02,P037,C0152,R03,3,71442.0,52065.79,0.1
13377,2025-05-02,P007,C0130,R03,3,161406.0,125288.34,0.1
13505,2025-05-02,P019,C0483,R03,3,110323.5,79357.4,0.05
13746,2025-05-02,P033,C0446,R01,4,31752.0,22493.46,0.1
10146,2025-05-03,P004,C0096,R01,1,99617.0,75489.15,0.05
12781,2025-05-03,P050,C0069,R01,1,16758.0,11440.61,0.05
12816,2025-05-03,P015,C0142,R02,1,34300.0,23612.6,0.0
12970,2025-05-03,P047,C0133,R04,4,45080.0,30978.09,0.0
13183,2025-05-03,P032,C0024,R04,1,11172.0,8467.02,0.05
13206,2025-05-03,P019,C0103,R01,3,110323.5,80118.33,0.05
13437,2025-05-03,P040,C0182,R01,4,80066.0,59862.96,0.05
13890,2025-05-03,P003,C0080,R04,1,132300.0,103456.4,0.0
14008,2025-05-03,P049,C0175,R01,5,66640.0,44697.51,0.15
10547,2025-05-04,P033,C0133,R04,8,67032.0,50620.44,0.05
10832,2025-05-04,P039,C0358,R01,1,13230.0,10215.8,0.0
10858,2025-05-04,P027,C0489,R01,4,21560.0,12929.99,0.0
11312,2025-05-04,P040,C0156,R01,3,60049.5,45201.16,0.05
12077,2025-05-04,P029,C0462,R04,3,20580.0,11991.43,0.0
12117,2025-05-04,P044,C0133,R04,5,46550.0,32097.71,0.0
12193,2025-05-04,P050,C0136,R04,2,33516.0,23830.47,0.05
12586,2025-05-04,P005,C0351,R01,2,198303.0,143552.67,0.05
12622,2025-05-04,P048,C0100,R02,3,49980.0,32425.55,0.15
13065,2025-05-04,P014,C0357,R02,1,33981.5,24022.94,0.05
13897,2025-05-04,P014,C0313,R02,3,107310.0,73620.47,0.0
14023,2025-05-04,P006,C0308,R04,2,269892.0,213873.67,0.15
14062,2025-05-04,P043,C0161,R04,5,76807.5,51789.79,0.05
14340,2025-05-04,P037,C0369,R01,1,26460.0,20148.57,0.0
14424,2025-05-04,P037,C0151,R04,3,75411.0,60087.44,0.05
14527,2025-05-04,P002,C0014,R04,3,399546.0,308480.89,0.1
14639,2025-05-04,P022,C0128,R01,3,13965.0,8165.89,0.05
14840,2025-05-04,P039,C0182,R01,2,26460.0,19022.39,0.0
10448,2025-05-05,P033,C0347,R03,5,41895.0,29732.66,0.05
10638,2025-05-05,P042,C0474,R01,1,15435.0,10459.01,0.1
11841,2025-05-05,P004,C0278,R02,1,94374.0,70416.42,0.1
12152,2025-05-05,P049,C0136,R04,2,28224.0,19835.74,0.1
12352,2025-05-05,P002,C0042,R01,2,295960.0,237208.48,0.0
13031,2025-05-05,P032,C0242,R02,2,22344.0,16532.13,0.05
13066,2025-05-05,P005,C0153,R04,2,198303.0,156187.66,0.05
13144,2025-05-05,P003,C0356,R01,5,661500.0,493949.85,0.0
14858,2025-05-05,P004,C0335,R04,5,498085.0,377841.24,0.05
12345,2025-05-06,P047,C0241,R02,1,10143.0,6631.49,0.1
12493,2025-05-06,P009,C0477,R03,1,63308.0,49532.7,0.15
12703,2025-05-06,P047,C0099,R03,1,11270.0,7436.5,0.0
13914,2025-05-06,P011,C0451,R01,4,109760.0,80069.36,0.0
10601,2025-05-07,P006,C0363,R02,1,134946.0,100888.16,0.15
11927,2025-05-07,P044,C0003,R04,3,26533.5,17626.25,0.05
14569,2025-05-07,P001,C0049,R01,3,153688.5,119311.15,0.15
10098,2025-05-08,P022,C0111,R03,6,27930.0,17449.89,0.05
11128,2025-05-08,P031,C0418,R04,6,102900.0,77952.67,0.0
14387,2025-05-08,P012,C0037,R01,3,124288.5,86385.29,0.05
10501,2025-05-09,P027,C0233,R04,4,21560.0,12793.7,0.0
10879,2025-05-09,P029,C0406,R04,1,6174.0,3504.95,0.1
11014,2025-05-09,P006,C0218,R03,3,452466.0,337554.75,0.05
11138,2025-05-09,P037,C0359,R04,2,50274.0,36947.55,0.05
12277,2025-05-09,P043,C0351,R01,6,92169.0,61265.64,0.05
12512,2025-05-09,P040,C0102,R03,2,42140.0,30924.02,0.0
13007,2025-05-09,P049,C0185,R01,6,94080.0,61239.03,0.0
13648,2025-05-09,P014,C0430,R01,3,107310.0,74240.34,0.0
13775,2025-05-09,P031,C0414,R04,6,97755.0,67775.71,0.05
13800,2025-05-09,P023,C0328,R01,4,10584.0,5762.85,0.1
14011,2025-05-09,P025,C0091,R01,2,17689.0,10727.06,0.05
14180,2025-05-09,P041,C0041,R02,1,5880.0,4015.71,0.0
14218,2025-05-09,P049,C0028,R03,1,14112.0,9982.7,0.1
10039,2025-05-10,P034,C0408,R01,5,88200.0,65127.17,0.1
11677,2025-05-10,P011,C0017,R01,2,52136.0,37767.69,0.05
12486,2025-05-10,P045,C0442,R02,3,11760.0,7954.75,0.0
12510,2025-05-10,P048,C0109,R01,1,18620.0,12497.63,0.05
13988,2025-05-10,P036,C0371,R01,7,46648.0,34729.09,0.15
14117,2025-05-10,P030,C0236,R02,6,33516.0,18283.75,0.05
14342,2025-05-10,P044,C0044,R02,4,35378.0,23714.07,0.05
14890,2025-05-10,P023,C0187,R02,3,8379.0,4852.26,0.05
10054,2025-05-11,P034,C0043,R02,5,88200.0,63726.15,0.1
10435,2025-05-11,P028,C0034,R02,2,18620.0,11095.38,0.05
10635,2025-05-11,P036,C0288,R02,3,22344.0,16433.33,0.05
10794,2025-05-11,P029,C0477,R03,2,13034.0,7524.69,0.05
11228,2025-05-11,P039,C0355,R01,2,25137.0,18607.64,0.05
11961,2025-05-11,P042,C0484,R04,1,15435.0,11073.67,0.1
12064,2025-05-11,P002,C0418,R04,1,140581.0,103119.89,0.05
14356,2025-05-11,P029,C0488,R01,2,12348.0,6979.49,0.1
10107,2025-05-12,P033,C0453,R02,2,16758.0,12449.18,0.05
10172,2025-05-12,P027,C0366,R02,4,18326.0,10727.74,0.15
10472,2025-05-12,P024,C0066,R02,4,45080.0,26196.2,0.0
10572,2025-05-12,P037,C0227,R03,1,23814.0,16950.72,0.1
10580,2025-05-12,P017,C0362,R04,3,80850.0,61776.46,0.0
11249,2025-05-12,P035,C0094,R01,1,24255.0,17269.45,0.1
11409,2025-05-12,P022,C0353,R02,1,4900.0,2829.46,0.0
11484,2025-05-12,P041,C0164,R03,3,17640.0,12572.77,0.0
11516,2025-05-12,P041,C0125,R03,1,5586.0,3836.96,0.05
11742,2025-05-12,P030,C0273,R02,1,5880.0,3181.31,0.0
11850,2025-05-12,P032,C0287,R04,1,11760.0,8553.72,0.0
11931,2025-05-12,P045,C0477,R03,1,3528.0,2375.03,0.1
12066,2025-05-12,P008,C0186,R04,1,131271.0,101331.54,0.05
12070,2025-05-12,P034,C0326,R04,1,17640.0,13061.91,0.1
12265,2025-05-12,P050,C0108,R04,6,100548.0,70939.85,0.05
12535,2025-05-12,P009,C0463,R03,2,126616.0,95767.58,0.15
12829,2025-05-12,P009,C0430,R01,1,74480.0,54899.0,0.0
13283,2025-05-12,P020,C0147,R02,5,110250.0,81353.63,0.1
13630,2025-05-12,P006,C0209,R04,2,301644.0,233794.27,0.05
13749,2025-05-12,P019,C0020,R03,2,69678.0,49728.22,0.1
14540,2025-05-12,P021,C0230,R01,2,10829.0,5795.15,0.15
14736,2025-05-12,P012,C0303,R04,3,130830.0,89365.9,0.0
12113,2025-05-13,P027,C0414,R04,3,16170.0,10276.84,0.0
12572,2025-05-13,P029,C0019,R03,2,13034.0,8038.96,0.05
10567,2025-05-14,P009,C0214,R04,1,67032.0,52648.65,0.1
10708,2025-05-14,P012,C0085,R01,5,218050.0,154521.9,0.0
10765,2025-05-14,P049,C0394,R04,3,44688.0,29471.72,0.05
12039,2025-05-14,P007,C0296,R04,1,50813.0,37689.61,0.15
12042,2025-05-14,P036,C0105,R04,1,7840.0,5534.3,0.0
12436,2025-05-14,P025,C0356,R01,1,9310.0,5454.8,0.0
12701,2025-05-14,P013,C0270,R03,3,99151.5,73571.78,0.05
12968,2025-05-14,P010,C0245,R02,5,303800.0,223541.82,0.0
13192,2025-05-14,P011,C0064,R01,3,82320.0,61070.52,0.0
13463,2025-05-14,P025,C0089,R03,2,17689.0,9888.19,0.05
13660,2025-05-14,P012,C0173,R04,3,124288.5,92206.79,0.05
14489,2025-05-14,P023,C0438,R02,2,5880.0,3217.84,0.0
14629,2025-05-14,P039,C0020,R03,3,35721.0,27096.7,0.1
14742,2025-05-14,P005,C0485,R04,2,187866.0,138446.07,0.1
14992,2025-05-14,P032,C0107,R01,3,35280.0,26563.83,0.0
10021,2025-05-15,P014,C0365,R03,3,96579.0,70386.78,0.1
11125,2025-05-15,P048,C0110,R03,4,70560.0,46972.28,0.1
11142,2025-05-15,P006,C0487,R04,7,1055754.0,811626.4,0.05
11441,2025-05-15,P022,C0028,R03,6,27930.0,15400.32,0.05
12131,2025-05-15,P044,C0169,R01,6,53067.0,36659.39,0.05
12204,2025-05-15,P015,C0170,R03,4,116620.0,91779.44,0.15
12770,2025-05-15,P009,C0336,R04,1,74480.0,55746.65,0.0
14264,2025-05-15,P002,C0173,R04,2,281162.0,220535.67,0.05
14334,2025-05-15,P047,C0354,R01,6,57477.0,39026.14,0.15
14557,2025-05-15,P006,C0156,R01,3,476280.0,359151.96,0.0
10916,2025-05-16,P020,C0428,R02,4,93100.0,64757.19,0.05
11699,2025-05-16,P010,C0186,R04,3,173166.0,127943.59,0.05
11717,2025-05-16,P026,C0222,R01,1,7448.0,4390.22,0.05
13760,2025-05-16,P044,C0476,R02,2,17689.0,12299.52,0.05
14090,2025-05-16,P042,C0241,R02,1,17150.0,11215.9,0.0
14382,2025-05-16,P012,C0201,R01,1,43610.0,30389.65,0.0
14664,2025-05-16,P050,C0456,R04,5,83790.0,58718.9,0.05
10025,2025-05-17,P014,C0357,R02,1,32193.0,23756.6,0.1
10408,2025-05-17,P004,C0303,R04,3,314580.0,238846.19,0.0
10568,2025-05-17,P013,C0469,R01,3,88714.5,63776.67,0.15
10781,2025-05-17,P029,C0433,R02,1,6517.0,3536.42,0.05
11559,2025-05-17,P045,C0307,R04,3,10584.0,7377.45,0.1
11787,2025-05-17,P001,C0009,R04,2,114513.0,80741.3,0.05
11890,2025-05-17,P037,C0390,R01,3,71442.0,54230.34,0.1
12089,2025-05-17,P040,C0249,R01,4,80066.0,59703.02,0.05
12412,2025-05-17,P003,C0348,R03,2,238140.0,187535.31,0.1
13010,2025-05-17,P034,C0027,R03,1,19600.0,14406.66,0.0
13376,2025-05-17,P002,C0106,R02,2,251566.0,192438.56,0.15
14088,2025-05-17,P038,C0350,R01,1,25480.0,19152.28,0.0
14701,2025-05-17,P037,C0103,R01,6,150822.0,111580.44,0.05
12813,2025-05-18,P014,C0387,R04,6,214620.0,156594.51,0.0
10550,2025-05-19,P001,C0152,R03,3,171769.5,124055.27,0.05
11027,2025-05-19,P030,C0046,R04,6,35280.0,20315.29,0.0
11389,2025-05-19,P043,C0107,R01,1,16170.0,11417.23,0.0
12209,2025-05-19,P047,C0202,R01,4,40572.0,28951.77,0.1
12804,2025-05-19,P015,C0158,R01,6,205800.0,153864.67,0.0
14256,2025-05-19,P041,C0110,R03,4,22344.0,14735.01,0.05
10639,2025-05-20,P029,C0002,R01,5,29155.0,16874.19,0.15
10872,2025-05-20,P003,C0014,R04,4,476280.0,344134.38,0.1
11182,2025-05-20,P024,C0059,R04,1,10706.5,5633.22,0.05
11382,2025-05-20,P024,C0393,R01,2,22540.0,14135.12,0.0
11529,2025-05-20,P016,C0165,R02,1,34912.5,25578.55,0.05
11891,2025-05-20,P037,C0292,R04,3,75411.0,54421.96,0.05
12230,2025-05-20,P041,C0229,R03,4,22344.0,16066.82,0.05
12254,2025-05-20,P047,C0318,R02,2,22540.0,15431.58,0.0
12263,2025-05-20,P050,C0043,R02,5,83790.0,61326.28,0.05
12939,2025-05-20,P037,C0279,R01,1,23814.0,16439.18,0.1
13182,2025-05-20,P044,C0360,R03,3,27930.0,19161.57,0.0
13316,2025-05-20,P005,C0416,R04,1,99151.5,79246.33,0.05
13945,2025-05-20,P022,C0409,R03,2,9310.0,5535.76,0.05
14069,2025-05-20,P034,C0030,R01,1,18620.0,14339.28,0.05
14501,2025-05-20,P039,C0014,R04,5,66150.0,49300.02,0.0
14833,2025-05-20,P020,C0133,R04,7,145775.0,103073.93,0.15
10202,2025-05-21,P044,C0426,R02,1,7913.5,5417.26,0.15
10969,2025-05-21,P032,C0120,R04,6,67032.0,49488.76,0.05
11337,2025-05-21,P021,C0250,R01,5,31850.0,18904.92,0.0
12305,2025-05-21,P021,C0252,R04,2,12103.0,6586.83,0.05
12358,2025-05-21,P029,C0106,R02,5,32585.0,20655.05,0.05
13515,2025-05-21,P046,C0197,R01,3,53728.5,36386.08,0.15
11361,2025-05-22,P025,C0001,R02,3,27930.0,15276.77,0.0
11433,2025-05-22,P041,C0290,R04,2,11760.0,7484.84,0.0
11744,2025-05-22,P022,C0170,R03,1,4900.0,2613.32,0.0
11873,2025-05-22,P006,C0272,R02,5,714420.0,557650.18,0.1
13700,2025-05-22,P031,C0297,R01,4,68600.0,50031.64,0.0
14349,2025-05-22,P010,C0267,R03,2,109368.0,80272.93,0.1
10122,2025-05-23,P016,C0157,R01,3,110250.0,84128.55,0.0
10228,2025-05-23,P034,C0361,R02,1,19600.0,14421.02,0.0
11061,2025-05-23,P006,C0478,R04,7,1055754.0,778228.07,0.05
12431,2025-05-23,P026,C0453,R02,3,19992.0,12486.93,0.15
12676,2025-05-23,P045,C0474,R01,3,10584.0,7084.04,0.1
12889,2025-05-23,P013,C0268,R01,1,33050.5,23592.59,0.05
13091,2025-05-23,P034,C0351,R01,8,133280.0,100064.63,0.15
13646,2025-05-23,P007,C0270,R03,1,59780.0,46302.68,0.0
13729,2025-05-23,P002,C0391,R03,7,932274.0,703060.85,0.1
14550,2025-05-23,P007,C0451,R01,4,227164.0,161275.3,0.05
14978,2025-05-23,P016,C0078,R04,3,110250.0,78705.36,0.0
12475,2025-05-24,P048,C0063,R04,9,176400.0,119223.82,0.0
12906,2025-05-24,P012,C0037,R01,1,41429.5,29386.64,0.05
12999,2025-05-24,P039,C0466,R04,1,13230.0,10588.33,0.0
14733,2025-05-24,P010,C0348,R03,1,60760.0,46278.72,0.0
10230,2025-05-25,P047,C0377,R04,1,10143.0,7096.38,0.1
10266,2025-05-25,P010,C0500,R03,4,230888.0,176057.3,0.05
10676,2025-05-25,P030,C0447,R02,2,9996.0,5953.53,0.15
11234,2025-05-25,P023,C0468,R03,1,2793.0,1617.6,0.05
11277,2025-05-25,P037,C0092,R01,1,23814.0,16926.8,0.1
11737,2025-05-25,P044,C0109,R01,3,27930.0,19673.7,0.0
11995,2025-05-25,P009,C0193,R03,5,316540.0,231599.26,0.15
12158,2025-05-25,P045,C0206,R01,2,7448.0,4858.49,0.05
12364,2025-05-25,P005,C0446,R01,3,313110.0,239154.93,0.0
12455,2025-05-25,P022,C0134,R04,1,4900.0,2883.84,0.0
12940,2025-05-25,P042,C0296,R04,1,16292.5,11542.51,0.05
14276,2025-05-25,P032,C0111,R03,1,10584.0,7804.51,0.1
14350,2025-05-25,P046,C0461,R04,5,89547.5,60421.28,0.15
14758,2025-05-25,P035,C0343,R04,2,51205.0,38620.45,0.05
14922,2025-05-25,P013,C0325,R03,3,99151.5,69712.04,0.05
10014,2025-05-26,P020,C0147,R02,2,44100.0,32315.06,0.1
10197,2025-05-26,P044,C0076,R02,3,27930.0,19668.82,0.0
10468,2025-05-26,P024,C0343,R04,3,32119.5,19849.36,0.05
10536,2025-05-26,P035,C0034,R02,3,80850.0,55234.34,0.0
11251,2025-05-26,P042,C0443,R04,2,32585.0,22104.03,0.05
11793,2025-05-26,P021,C0376,R03,4,22932.0,13369.91,0.1
12543,2025-05-26,P001,C0246,R02,3,171769.5,130581.31,0.05
12567,2025-05-26,P019,C0413,R01,3,110323.5,80612.31,0.05
13111,2025-05-26,P032,C0218,R03,3,29988.0,22727.35,0.15
13441,2025-05-26,P035,C0226,R02,2,51205.0,36829.78,0.05
14903,2025-05-26,P005,C0293,R03,4,417480.0,316236.35,0.0
14918,2025-05-26,P002,C0268,R01,1,147980.0,114694.35,0.0
10128,2025-05-27,P022,C0071,R04,1,4655.0,2696.25,0.05
10471,2025-05-27,P019,C0362,R04,6,232260.0,173786.11,0.0
10629,2025-05-27,P030,C0018,R03,9,47628.0,28439.82,0.1
11835,2025-05-27,P048,C0077,R04,5,98000.0,63826.25,0.0
13076,2025-05-27,P033,C0065,R01,2,17640.0,13662.53,0.0
13104,2025-05-27,P050,C0049,R01,3,52920.0,37223.42,0.0
14466,2025-05-27,P005,C0478,R04,4,354858.0,274428.86,0.15
10682,2025-05-28,P015,C0247,R01,5,162925.0,115995.89,0.05
11668,2025-05-28,P027,C0289,R04,1,5390.0,2896.47,0.0
12588,2025-05-28,P013,C0355,R01,1,34790.0,24756.88,0.0
13282,2025-05-28,P026,C0080,R04,1,7840.0,4495.01,0.0
13332,2025-05-28,P007,C0145,R02,3,179340.0,134781.88,0.0
13336,2025-05-28,P001,C0469,R01,1,54243.0,40275.5,0.1
13462,2025-05-28,P021,C0009,R04,4,24206.0,14230.45,0.05
13755,2025-05-28,P004,C0301,R04,3,298851.0,238030.44,0.05
13887,2025-05-28,P003,C0389,R04,4,529200.0,406864.79,0.0
14210,2025-05-28,P004,C0280,R04,1,104860.0,80422.79,0.0
14403,2025-05-28,P021,C0171,R04,4,25480.0,14922.54,0.0
14441,2025-05-28,P025,C0111,R03,6,53067.0,30430.46,0.05
10183,2025-05-29,P039,C0341,R04,1,11907.0,8679.2,0.1
10730,2025-05-29,P041,C0370,R04,5,26460.0,17605.35,0.1
10974,2025-05-29,P013,C0352,R02,2,69580.0,47146.42,0.0
11019,2025-05-29,P015,C0150,R04,6,185220.0,128266.37,0.1
11311,2025-05-29,P044,C0252,R04,2,18620.0,12708.76,0.0
11455,2025-05-29,P039,C0258,R04,1,12568.5,9216.16,0.05
11975,2025-05-29,P004,C0258,R04,1,99617.0,77424.34,0.05
12482,2025-05-29,P027,C0198,R03,4,21560.0,13564.09,0.0
12617,2025-05-29,P047,C0092,R01,6,67620.0,46299.62,0.0
12924,2025-05-29,P005,C0097,R04,5,443572.5,308437.51,0.15
13044,2025-05-29,P048,C0072,R02,2,39200.0,28617.2,0.0
13397,2025-05-29,P032,C0092,R01,3,35280.0,26108.61,0.0
14205,2025-05-29,P017,C0058,R02,3,80850.0,55416.24,0.0
14593,2025-05-29,P024,C0392,R03,5,53532.5,32682.99,0.05
14751,2025-05-29,P038,C0248,R04,3,72618.0,52250.98,0.05
10033,2025-05-30,P044,C0027,R03,1,8379.0,5578.08,0.1
10105,2025-05-30,P045,C0111,R03,2,7840.0,5479.23,0.0
11702,2025-05-30,P050,C0195,R01,1,15876.0,10778.22,0.1
12342,2025-05-30,P033,C0396,R04,4,35280.0,24276.75,0.0
12434,2025-05-30,P044,C0148,R04,1,8844.5,6002.29,0.05
12838,2025-05-30,P026,C0177,R02,2,15680.0,8729.38,0.0
13148,2025-05-30,P033,C0392,R03,1,7938.0,5567.77,0.1
13486,2025-05-30,P010,C0092,R01,4,243040.0,178585.67,0.0
13603,2025-05-30,P033,C0116,R04,2,16758.0,12758.22,0.05
13688,2025-05-30,P025,C0426,R02,1,8379.0,4831.91,0.1
13882,2025-05-30,P003,C0192,R01,1,125685.0,93398.78,0.05
13961,2025-05-30,P007,C0286,R04,3,161406.0,123694.96,0.1
14290,2025-05-30,P017,C0422,R01,1,26950.0,18023.08,0.0
14359,2025-05-30,P047,C0307,R04,2,22540.0,15381.92,0.0
10101,2025-05-31,P048,C0426,R02,2,39200.0,25361.99,0.0
11659,2025-05-31,P037,C0446,R01,1,26460.0,19888.52,0.0
12033,2025-05-31,P042,C0258,R04,3,48877.5,33636.16,0.05
12214,2025-05-31,P024,C0229,R03,4,42826.0,25839.12,0.05
12249,2025-05-31,P014,C0003,R04,3,96579.0,67948.34,0.1
12339,2025-05-31,P028,C0423,R04,8,74480.0,43737.19,0.05
13156,2025-05-31,P007,C0024,R04,2,119560.0,89660.33,0.0
13184,2025-05-31,P041,C0295,R02,3,16758.0,11207.35,0.05
13267,2025-05-31,P014,C0153,R04,1,33981.5,22782.4,0.05
13587,2025-05-31,P042,C0008,R02,4,68600.0,45032.5,0.0
13722,2025-05-31,P024,C0490,R03,4,40572.0,23307.88,0.1
14449,2025-05-31,P033,C0392,R03,3,25137.0,18328.81,0.05
14586,2025-05-31,P028,C0376,R03,6,55860.0,32336.39,0.05
14809,2025-05-31,P016,C0260,R01,4,147000.0,104529.89,0.0
11972,2025-06-01,P045,C0494,R02,1,4000.0,2651.98,0.0
12680,2025-06-01,P007,C0209,R04,3,164700.0,129581.75,0.1
13996,2025-06-01,P047,C0321,R04,3,32775.0,20802.55,0.05
14788,2025-06-01,P048,C0315,R04,5,85000.0,55265.97,0.15
14876,2025-06-01,P032,C0415,R01,2,22800.0,17640.01,0.05
10040,2025-06-02,P048,C0497,R01,5,90000.0,63960.62,0.1
10394,2025-06-02,P009,C0378,R02,1,68400.0,52632.68,0.1
11728,2025-06-02,P033,C0037,R01,6,54000.0,39351.22,0.0
11945,2025-06-02,P037,C0157,R01,3,81000.0,60868.33,0.0
13352,2025-06-02,P039,C0160,R04,5,60750.0,40748.24,0.1
13840,2025-06-02,P005,C0438,R02,2,213000.0,164099.03,0.0
14971,2025-06-02,P037,C0010,R04,2,51300.0,40992.86,0.05
10351,2025-06-03,P009,C0149,R02,1,76000.0,57340.44,0.0
11113,2025-06-03,P048,C0483,R03,1,20000.0,13669.61,0.0
11696,2025-06-03,P007,C0238,R04,1,54900.0,39448.32,0.1
12304,2025-06-03,P022,C0409,R03,2,10000.0,5435.32,0.0
13627,2025-06-03,P023,C0012,R03,2,5400.0,3070.91,0.1
14398,2025-06-03,P013,C0364,R01,3,106500.0,75695.35,0.0
10125,2025-06-04,P027,C0242,R02,4,18700.0,10767.03,0.15
10304,2025-06-04,P041,C0152,R03,1,5100.0,3543.9,0.15
10439,2025-06-04,P031,C0464,R01,4,66500.0,48211.34,0.05
10745,2025-06-04,P004,C0266,R02,5,481500.0,355940.48,0.1
10952,2025-06-04,P043,C0223,R02,2,31350.0,21899.05,0.05
11165,2025-06-04,P027,C0225,R02,2,9900.0,6264.22,0.1
12690,2025-06-04,P035,C0383,R01,1,26125.0,19353.15,0.05
12736,2025-06-04,P014,C0069,R01,3,104025.0,76005.91,0.05
13723,2025-06-04,P044,C0291,R04,4,36100.0,23911.55,0.05
14137,2025-06-04,P047,C0023,R01,1,10925.0,7901.18,0.05
14945,2025-06-04,P011,C0443,R04,1,26600.0,18732.01,0.05
10855,2025-06-05,P025,C0394,R04,7,63175.0,37176.09,0.05
11116,2025-06-05,P009,C0438,R02,4,304000.0,234976.07,0.0
11628,2025-06-05,P010,C0024,R04,3,186000.0,142663.08,0.0
11777,2025-06-05,P019,C0398,R01,2,79000.0,57527.18,0.0
12496,2025-06-05,P028,C0426,R02,3,30000.0,18885.66,0.0
12717,2025-06-05,P015,C0434,R01,2,66500.0,46937.38,0.05
12723,2025-06-05,P039,C0023,R01,3,38475.0,28067.08,0.05
12877,2025-06-05,P040,C0264,R01,5,102125.0,73718.81,0.05
12980,2025-06-05,P028,C0039,R02,2,20000.0,10541.74,0.0
13427,2025-06-05,P044,C0243,R01,4,36100.0,24747.89,0.05
13531,2025-06-05,P009,C0163,R03,10,722000.0,537891.64,0.05
13595,2025-06-05,P038,C0033,R01,3,66300.0,46733.62,0.15
13622,2025-06-05,P018,C0327,R01,6,81000.0,60385.91,0.0
14071,2025-06-05,P018,C0388,R04,2,27000.0,19324.9,0.0
14389,2025-06-05,P029,C0263,R02,2,12600.0,7509.14,0.1
14768,2025-06-05,P042,C0332,R04,4,70000.0,47009.29,0.0
14885,2025-06-05,P034,C0297,R01,5,85000.0,60185.03,0.15
10672,2025-06-06,P039,C0300,R04,1,12825.0,9283.05,0.05
11460,2025-06-06,P004,C0413,R01,1,96300.0,75163.17,0.1
13892,2025-06-06,P043,C0057,R04,2,31350.0,21407.62,0.05
14277,2025-06-06,P040,C0116,R04,3,58050.0,43246.98,0.1
14481,2025-06-06,P007,C0280,R04,3,183000.0,133151.62,0.0
10120,2025-06-07,P011,C0101,R01,3,79800.0,60308.43,0.05
10659,2025-06-07,P048,C0402,R04,2,38000.0,26417.98,0.05
10701,2025-06-07,P004,C0379,R02,1,107000.0,84289.66,0.0
10726,2025-06-07,P042,C0484,R04,1,16625.0,11567.81,0.05
11357,2025-06-07,P027,C0289,R04,3,14850.0,8756.62,0.1
12371,2025-06-07,P002,C0041,R02,4,604000.0,468824.54,0.0
12511,2025-06-07,P026,C0349,R01,4,30400.0,16756.33,0.05
12862,2025-06-07,P048,C0281,R01,2,38000.0,26111.42,0.05
12903,2025-06-07,P028,C0265,R01,1,9500.0,5427.42,0.05
13009,2025-06-07,P034,C0343,R04,1,18000.0,13792.88,0.1
13412,2025-06-07,P009,C0018,R03,3,216600.0,164246.49,0.05
13487,2025-06-07,P027,C0348,R03,3,16500.0,10062.82,0.0
14016,2025-06-07,P038,C0340,R02,3,70200.0,50984.49,0.1
14400,2025-06-07,P023,C0415,R01,1,2700.0,1572.78,0.1
14805,2025-06-07,P048,C0345,R04,4,80000.0,51923.72,0.0
10473,2025-06-08,P049,C0408,R01,2,28800.0,20016.79,0.1
10947,2025-06-08,P010,C0267,R03,2,124000.0,92442.29,0.0
11224,2025-06-08,P044,C0444,R04,1,8550.0,5863.95,0.1
11449,2025-06-08,P025,C0224,R01,5,47500.0,28983.4,0.0
12444,2025-06-08,P026,C0028,R03,1,8000.0,4951.4,0.0
12814,2025-06-08,P047,C0334,R01,6,65550.0,44984.69,0.05
13356,2025-06-08,P034,C0338,R01,1,18000.0,13821.04,0.1
13405,2025-06-08,P012,C0273,R02,4,160200.0,111887.88,0.1
14051,2025-06-08,P031,C0344,R04,1,14875.0,11172.14,0.15
14143,2025-06-08,P020,C0069,R01,2,47500.0,34881.67,0.05
14319,2025-06-08,P049,C0278,R02,4,60800.0,41844.05,0.05
14707,2025-06-08,P048,C0389,R04,4,72000.0,44053.13,0.1
10363,2025-06-09,P010,C0496,R03,1,58900.0,40538.48,0.05
10559,2025-06-09,P015,C0074,R02,2,66500.0,49710.73,0.05
10918,2025-06-09,P015,C0037,R01,1,35000.0,25001.51,0.0
11551,2025-06-09,P002,C0276,R04,5,679500.0,524209.99,0.1
14046,2025-06-09,P011,C0454,R02,1,25200.0,18649.5,0.1
14056,2025-06-09,P041,C0350,R01,2,12000.0,7929.91,0.0
10470,2025-06-10,P027,C0161,R04,3,16500.0,9400.18,0.0
10981,2025-06-10,P047,C0161,R04,2,21850.0,14572.8,0.05
12737,2025-06-10,P044,C0398,R01,1,8075.0,5477.04,0.15
13575,2025-06-10,P043,C0058,R02,3,42075.0,28049.81,0.15
14189,2025-06-10,P016,C0312,R03,3,112500.0,82663.06,0.0
10099,2025-06-11,P049,C0272,R02,5,80000.0,53937.88,0.0
10113,2025-06-11,P022,C0401,R03,6,25500.0,13793.14,0.15
10320,2025-06-11,P027,C0409,R03,2,11000.0,6450.62,0.0
10393,2025-06-11,P037,C0074,R02,3,76950.0,54007.63,0.05
11000,2025-06-11,P038,C0108,R04,3,74100.0,53559.84,0.05
11099,2025-06-11,P028,C0189,R04,3,28500.0,16585.8,0.05
11280,2025-06-11,P004,C0213,R01,5,535000.0,401344.04,0.0
11558,2025-06-11,P017,C0060,R02,3,74250.0,49986.73,0.1
12635,2025-06-11,P027,C0476,R02,3,16500.0,9570.61,0.0
12974,2025-06-11,P023,C0396,R04,1,2850.0,1639.67,0.05
13999,2025-06-11,P034,C0265,R01,4,76000.0,55253.63,0.05
14341,2025-06-11,P011,C0032,R01,1,28000.0,19051.44,0.0
14867,2025-06-11,P005,C0165,R02,3,303525.0,234192.61,0.05
10349,2025-06-12,P038,C0062,R02,5,123500.0,97298.81,0.05
11509,2025-06-12,P032,C0058,R02,2,24000.0,18569.67,0.0
11792,2025-06-12,P017,C0043,R02,2,49500.0,34791.02,0.1
12348,2025-06-12,P013,C0241,R02,4,127800.0,93807.57,0.1
12461,2025-06-12,P017,C0494,R02,2,55000.0,42147.05,0.0
12655,2025-06-12,P022,C0038,R04,4,18000.0,10330.15,0.1
12713,2025-06-12,P008,C0040,R04,1,141000.0,109514.47,0.0
12866,2025-06-12,P046,C0482,R02,5,91375.0,65895.51,0.15
12883,2025-06-12,P002,C0024,R04,3,407700.0,295497.02,0.1
13478,2025-06-12,P027,C0409,R03,1,5500.0,3181.17,0.0
13537,2025-06-12,P009,C0293,R03,2,152000.0,114129.32,0.0
10584,2025-06-13,P031,C0299,R04,4,70000.0,54794.43,0.0
11155,2025-06-13,P028,C0459,R01,4,38000.0,23877.12,0.05
11157,2025-06-13,P033,C0109,R01,3,27000.0,19206.6,0.0
11321,2025-06-13,P008,C0237,R02,3,423000.0,339297.64,0.0
12568,2025-06-13,P005,C0369,R01,2,213000.0,157025.31,0.0
12596,2025-06-13,P050,C0374,R03,6,97200.0,65206.06,0.1
12818,2025-06-13,P028,C0470,R04,6,54000.0,30452.09,0.1
12979,2025-06-13,P040,C0217,R04,2,38700.0,29217.21,0.1
13506,2025-06-13,P012,C0044,R02,1,42275.0,31033.01,0.05
13750,2025-06-13,P005,C0028,R03,6,639000.0,496941.45,0.0
13969,2025-06-13,P012,C0031,R04,2,89000.0,64635.2,0.0
10332,2025-06-14,P042,C0175,R01,4,66500.0,44282.56,0.05
11827,2025-06-14,P031,C0225,R02,4,66500.0,49973.07,0.05
11828,2025-06-14,P032,C0176,R04,4,40800.0,29653.69,0.15
12175,2025-06-14,P006,C0363,R02,3,486000.0,391889.2,0.0
12206,2025-06-14,P040,C0174,R02,3,64500.0,46611.0,0.0
12259,2025-06-14,P049,C0110,R03,1,15200.0,10139.39,0.05
13273,2025-06-14,P002,C0129,R01,7,1004150.0,745457.21,0.05
13624,2025-06-14,P032,C0439,R01,2,22800.0,16815.84,0.05
13871,2025-06-14,P024,C0306,R03,5,51750.0,29691.33,0.1
10108,2025-06-15,P028,C0406,R04,2,19000.0,11607.6,0.05
11333,2025-06-15,P012,C0127,R04,2,89000.0,60281.99,0.0
11568,2025-06-15,P012,C0436,R02,2,84550.0,58689.51,0.05
12581,2025-06-15,P039,C0100,R02,3,40500.0,28835.52,0.0
12643,2025-06-15,P014,C0378,R02,1,34675.0,24858.39,0.05
13578,2025-06-15,P018,C0014,R04,3,38475.0,26434.22,0.05
13618,2025-06-15,P035,C0421,R04,1,27500.0,20123.14,0.0
13726,2025-06-15,P048,C0441,R02,5,90000.0,58730.87,0.1
14123,2025-06-15,P007,C0027,R03,4,244000.0,182818.9,0.0
14158,2025-06-15,P036,C0299,R04,3,22800.0,17599.18,0.05
14798,2025-06-15,P024,C0344,R04,1,9775.0,5804.61,0.15
10498,2025-06-16,P014,C0441,R02,3,104025.0,76419.73,0.05
12715,2025-06-16,P041,C0203,R04,3,18000.0,13353.98,0.0
13446,2025-06-16,P020,C0203,R04,4,100000.0,75418.3,0.0
13900,2025-06-16,P023,C0112,R02,1,3000.0,1706.71,0.0
14953,2025-06-16,P025,C0292,R04,8,64600.0,37990.66,0.15
14959,2025-06-16,P021,C0441,R02,1,5850.0,3452.34,0.1
10262,2025-06-17,P022,C0235,R04,3,15000.0,8439.5,0.0
10462,2025-06-17,P048,C0455,R04,5,95000.0,64391.1,0.05
11009,2025-06-17,P038,C0273,R02,2,52000.0,37586.9,0.0
11143,2025-06-17,P034,C0005,R02,1,18000.0,13841.12,0.1
11263,2025-06-17,P021,C0132,R03,3,19500.0,11136.71,0.0
12708,2025-06-17,P029,C0115,R01,4,26600.0,14518.86,0.05
13263,2025-06-17,P032,C0376,R03,1,10800.0,8142.1,0.1
10270,2025-06-18,P022,C0015,R04,2,10000.0,5998.21,0.0
11031,2025-06-18,P038,C0181,R04,4,98800.0,74758.55,0.05
11959,2025-06-18,P014,C0387,R04,4,146000.0,104935.03,0.0
12030,2025-06-18,P049,C0332,R04,6,81600.0,53276.12,0.15
12673,2025-06-18,P029,C0176,R04,2,14000.0,8628.91,0.0
13048,2025-06-18,P001,C0397,R03,4,221400.0,173569.69,0.1
13215,2025-06-18,P005,C0111,R03,1,101175.0,76398.76,0.05
13232,2025-06-18,P001,C0424,R04,6,350550.0,260907.19,0.05
13491,2025-06-18,P036,C0327,R01,3,20400.0,15348.51,0.15
13548,2025-06-18,P042,C0152,R03,1,16625.0,11308.03,0.05
14164,2025-06-18,P048,C0167,R02,5,100000.0,69169.06,0.0
14216,2025-06-18,P036,C0034,R02,2,15200.0,11619.42,0.05
14616,2025-06-18,P023,C0138,R04,3,8100.0,4617.75,0.1
11278,2025-06-19,P039,C0249,R01,2,25650.0,18237.16,0.05
11806,2025-06-19,P029,C0427,R03,3,18900.0,10536.63,0.1
12293,2025-06-19,P035,C0500,R03,3,74250.0,54513.12,0.1
12439,2025-06-19,P006,C0489,R01,1,145800.0,106612.64,0.1
12469,2025-06-19,P019,C0375,R01,1,39500.0,29287.7,0.0
13527,2025-06-19,P016,C0254,R02,4,135000.0,99776.57,0.1
13805,2025-06-19,P038,C0363,R02,2,49400.0,35206.55,0.05
10823,2025-06-20,P015,C0029,R04,1,35000.0,24816.01,0.0
11196,2025-06-20,P039,C0161,R04,2,27000.0,20045.83,0.0
11572,2025-06-20,P038,C0483,R03,5,130000.0,93228.05,0.0
11626,2025-06-20,P021,C0484,R04,1,6500.0,3269.04,0.0
12125,2025-06-20,P050,C0272,R02,3,51300.0,34257.9,0.05
13786,2025-06-20,P018,C0443,R04,1,12825.0,9390.19,0.05
10059,2025-06-21,P016,C0254,R02,1,37500.0,27263.3,0.0
10476,2025-06-21,P031,C0343,R04,2,33250.0,24067.38,0.05
10861,2025-06-21,P040,C0386,R01,3,61275.0,45524.13,0.05
11812,2025-06-21,P033,C0305,R01,5,42750.0,32263.08,0.05
11900,2025-06-21,P018,C0446,R01,5,67500.0,48883.04,0.0
12040,2025-06-21,P026,C0344,R04,2,15200.0,8525.62,0.05
13126,2025-06-21,P040,C0063,R04,2,38700.0,29244.3,0.1
13326,2025-06-21,P031,C0452,R03,2,33250.0,23785.34,0.05
13629,2025-06-21,P031,C0455,R04,1,17500.0,13188.26,0.0
13943,2025-06-21,P007,C0397,R03,4,219600.0,173252.26,0.1
11532,2025-06-22,P003,C0117,R01,2,256500.0,187298.08,0.05
11616,2025-06-22,P044,C0384,R02,5,40375.0,26914.37,0.15
12245,2025-06-22,P043,C0039,R02,1,16500.0,10792.65,0.0
13218,2025-06-22,P041,C0172,R02,1,5700.0,3801.99,0.05
13739,2025-06-22,P009,C0424,R04,9,581400.0,461877.36,0.15
14217,2025-06-22,P019,C0168,R04,2,71100.0,52767.91,0.1
14303,2025-06-22,P028,C0201,R01,3,28500.0,16560.16,0.05
14823,2025-06-22,P041,C0048,R03,4,21600.0,14225.36,0.1
10016,2025-06-23,P016,C0476,R02,1,35625.0,25596.48,0.05
10261,2025-06-23,P033,C0130,R03,5,45000.0,32601.36,0.0
10793,2025-06-23,P024,C0282,R01,1,11500.0,6529.58,0.0
11990,2025-06-23,P027,C0391,R03,6,31350.0,17039.72,0.05
12009,2025-06-23,P031,C0039,R02,1,15750.0,11315.27,0.1
13051,2025-06-23,P032,C0230,R01,3,34200.0,25566.31,0.05
14131,2025-06-23,P048,C0420,R01,1,19000.0,12896.39,0.05
10271,2025-06-24,P046,C0277,R04,1,19350.0,13508.88,0.1
10279,2025-06-24,P028,C0140,R04,5,47500.0,27326.75,0.05
10478,2025-06-24,P026,C0390,R01,3,22800.0,13442.25,0.05
11470,2025-06-24,P021,C0255,R01,2,12350.0,7014.72,0.05
11553,2025-06-24,P004,C0169,R01,4,428000.0,313192.0,0.0
14666,2025-06-24,P012,C0230,R01,6,267000.0,191144.61,0.0
10024,2025-06-25,P029,C0412,R01,4,28000.0,16063.09,0.0
10660,2025-06-25,P010,C0447,R02,6,334800.0,234813.75,0.1
11176,2025-06-25,P044,C0433,R02,3,27075.0,18994.89,0.05
11514,2025-06-25,P014,C0409,R03,6,208050.0,148677.24,0.05
11746,2025-06-25,P043,C0172,R02,6,99000.0,69091.36,0.0
12332,2025-06-25,P041,C0377,R04,6,34200.0,22430.95,0.05
12592,2025-06-25,P019,C0378,R02,1,39500.0,27541.19,0.0
14048,2025-06-25,P034,C0004,R02,2,36000.0,26589.68,0.1
14344,2025-06-25,P045,C0312,R03,3,11400.0,7907.39,0.05
14453,2025-06-25,P040,C0016,R02,4,81700.0,61098.58,0.05
14906,2025-06-25,P037,C0161,R04,3,72900.0,52651.78,0.1
10201,2025-06-26,P015,C0164,R03,1,35000.0,24952.07,0.0
10316,2025-06-26,P019,C0448,R01,5,197500.0,143588.46,0.0
10724,2025-06-26,P038,C0228,R02,1,23400.0,17324.42,0.1
10808,2025-06-26,P023,C0104,R04,2,5400.0,3092.9,0.1
10836,2025-06-26,P027,C0136,R04,1,5500.0,3200.88,0.0
11098,2025-06-26,P041,C0443,R04,2,10800.0,7150.91,0.1
11210,2025-06-26,P008,C0142,R02,3,423000.0,330271.5,0.0
11681,2025-06-26,P014,C0472,R03,6,208050.0,154425.05,0.05
11816,2025-06-26,P027,C0326,R04,1,5500.0,3211.89,0.0
11848,2025-06-26,P030,C0407,R02,5,27000.0,15474.59,0.1
12130,2025-06-26,P016,C0147,R02,3,106875.0,77011.18,0.05
12242,2025-06-26,P036,C0497,R01,3,22800.0,17099.13,0.05
12616,2025-06-26,P016,C0012,R03,1,35625.0,24179.04,0.05
12644,2025-06-26,P002,C0408,R01,3,453000.0,360012.92,0.0
14151,2025-06-26,P040,C0229,R03,1,20425.0,15795.34,0.05
14375,2025-06-26,P003,C0418,R04,1,128250.0,97067.92,0.05
11036,2025-06-27,P021,C0002,R01,7,43225.0,25726.0,0.05
11330,2025-06-27,P049,C0399,R02,5,76000.0,53768.89,0.05
11644,2025-06-27,P050,C0361,R02,3,54000.0,41038.57,0.0
11797,2025-06-27,P032,C0052,R01,5,54000.0,39525.89,0.1
12126,2025-06-27,P044,C0106,R02,1,9025.0,6318.79,0.05
12148,2025-06-27,P015,C0255,R01,2,63000.0,46938.95,0.1
13772,2025-06-27,P025,C0319,R01,2,19000.0,10569.37,0.0
13828,2025-06-27,P020,C0267,R03,6,150000.0,107833.6,0.0
14044,2025-06-27,P007,C0316,R04,2,122000.0,89922.59,0.0
14689,2025-06-27,P017,C0342,R02,1,27500.0,19968.23,0.0
10787,2025-06-28,P002,C0230,R01,1,151000.0,118191.71,0.0
10950,2025-06-28,P041,C0446,R01,2,12000.0,7939.35,0.0
13761,2025-06-28,P031,C0260,R01,2,33250.0,25033.01,0.05
13827,2025-06-28,P002,C0320,R02,9,1291050.0,924820.73,0.05
13934,2025-06-28,P045,C0139,R03,6,21600.0,14391.73,0.1
14097,2025-06-28,P012,C0378,R02,5,222500.0,156868.44,0.0
14401,2025-06-28,P030,C0359,R04,4,21600.0,12401.11,0.1
10551,2025-06-29,P010,C0286,R04,3,167400.0,120075.65,0.1
11188,2025-06-29,P050,C0008,R02,6,108000.0,68891.95,0.0
11209,2025-06-29,P045,C0405,R04,1,3600.0,2324.96,0.1
12188,2025-06-29,P019,C0419,R04,4,134300.0,97419.55,0.15
12190,2025-06-29,P011,C0197,R01,2,53200.0,35443.49,0.05
12326,2025-06-29,P038,C0455,R04,5,130000.0,92627.05,0.0
12484,2025-06-29,P007,C0027,R03,1,54900.0,38242.59,0.1
13884,2025-06-29,P001,C0033,R01,1,58425.0,43210.06,0.05
14658,2025-06-29,P024,C0331,R02,1,11500.0,6742.63,0.0
14704,2025-06-29,P020,C0149,R02,2,45000.0,33097.23,0.1
10280,2025-06-30,P039,C0430,R01,1,13500.0,9399.88,0.0
10518,2025-06-30,P041,C0032,R01,2,10800.0,7474.31,0.1
10665,2025-06-30,P019,C0225,R02,2,75050.0,54156.96,0.05
10902,2025-06-30,P010,C0146,R02,4,223200.0,175413.31,0.1
10945,2025-06-30,P008,C0117,R01,4,535800.0,404595.31,0.05
11212,2025-06-30,P003,C0312,R03,2,270000.0,199654.56,0.0
11408,2025-06-30,P022,C0024,R04,3,12750.0,6874.63,0.15
11456,2025-06-30,P027,C0392,R03,6,31350.0,17843.73,0.05
11609,2025-06-30,P024,C0045,R01,1,11500.0,6803.37,0.0
12464,2025-06-30,P009,C0062,R02,1,72200.0,56699.96,0.05
12719,2025-06-30,P012,C0375,R01,3,133500.0,89286.55,0.0
13103,2025-06-30,P015,C0098,R02,1,29750.0,21584.35,0.15
13557,2025-06-30,P012,C0306,R03,3,126825.0,92628.22,0.05
13605,2025-06-30,P025,C0342,R02,3,27075.0,15709.32,0.05
13703,2025-06-30,P025,C0390,R01,4,32300.0,19589.79,0.15
13863,2025-06-30,P009,C0055,R03,4,304000.0,232703.42,0.0
14015,2025-06-30,P012,C0339,R01,3,126825.0,93480.29,0.05
14082,2025-06-30,P039,C0151,R04,2,27000.0,20077.79,0.0
14326,2025-06-30,P026,C0229,R03,1,7600.0,4451.18,0.05
14762,2025-06-30,P020,C0483,R03,5,118750.0,84572.85,0.05
10576,2025-07-01,P040,C0253,R03,2,37281.0,27460.74,0.15
10636,2025-07-01,P035,C0016,R02,3,79942.5,57861.67,0.05
12056,2025-07-01,P017,C0304,R01,1,28050.0,20451.29,0.0
10032,2025-07-02,P040,C0393,R01,3,65790.0,49421.68,0.0
10560,2025-07-02,P002,C0074,R02,4,616080.0,469607.79,0.0
10973,2025-07-02,P023,C0224,R01,1,3060.0,1632.2,0.0
12291,2025-07-02,P040,C0407,R02,3,62500.5,46791.64,0.05
12590,2025-07-02,P006,C0197,R01,3,470934.0,345599.91,0.05
13047,2025-07-02,P015,C0393,R01,3,91035.0,63724.96,0.15
13246,2025-07-02,P001,C0387,R04,3,169371.0,127792.97,0.1
14476,2025-07-02,P018,C0084,R01,2,26163.0,18830.0,0.05
11090,2025-07-03,P011,C0415,R01,1,28560.0,20710.9,0.0
11285,2025-07-03,P021,C0272,R02,10,66300.0,38888.86,0.0
11690,2025-07-03,P005,C0203,R04,3,309595.5,242372.35,0.05
11769,2025-07-03,P034,C0329,R01,5,96900.0,67768.79,0.05
12732,2025-07-03,P013,C0342,R02,1,34399.5,23301.99,0.05
13426,2025-07-03,P009,C0268,R01,3,232560.0,182068.81,0.0
14099,2025-07-03,P039,C0157,R01,3,37179.0,27582.78,0.1
14987,2025-07-03,P011,C0455,R04,2,54264.0,39348.39,0.05
10053,2025-07-04,P025,C0250,R01,4,38760.0,20602.15,0.0
10179,2025-07-04,P017,C0150,R04,4,106590.0,78870.9,0.05
10719,2025-07-04,P032,C0485,R04,1,10404.0,7578.8,0.15
11325,2025-07-04,P013,C0125,R03,2,72420.0,53870.54,0.0
11399,2025-07-04,P024,C0264,R01,7,73899.0,44522.53,0.1
11528,2025-07-04,P041,C0338,R01,2,11628.0,7875.06,0.05
11720,2025-07-04,P001,C0316,R04,4,250920.0,193321.09,0.0
11773,2025-07-04,P032,C0061,R02,3,33048.0,24341.36,0.1
13457,2025-07-04,P039,C0249,R01,1,13770.0,10271.75,0.0
13852,2025-07-04,P021,C0416,R04,5,31492.5,18710.88,0.05
14153,2025-07-04,P032,C0052,R01,3,36720.0,25781.78,0.0
14455,2025-07-04,P022,C0472,R03,1,5100.0,2888.76,0.0
14929,2025-07-04,P009,C0212,R01,1,77520.0,61879.2,0.0
10012,2025-07-05,P008,C0037,R01,4,517752.0,410604.98,0.1
10977,2025-07-05,P009,C0287,R04,4,294576.0,217026.66,0.05
11247,2025-07-05,P039,C0489,R01,3,41310.0,30734.35,0.0
11351,2025-07-05,P002,C0361,R02,1,138618.0,103705.79,0.1
11479,2025-07-05,P009,C0342,R02,1,77520.0,62703.0,0.0
11483,2025-07-05,P030,C0489,R01,2,11628.0,6287.72,0.05
12267,2025-07-05,P039,C0409,R03,2,26163.0,20308.91,0.05
12297,2025-07-05,P043,C0389,R04,2,33660.0,22532.45,0.0
12985,2025-07-05,P039,C0075,R01,2,23409.0,16942.05,0.15
12988,2025-07-05,P034,C0191,R02,4,77520.0,58546.37,0.05
13083,2025-07-05,P022,C0130,R03,2,9690.0,5786.25,0.05
13221,2025-07-05,P043,C0141,R02,4,63954.0,42877.73,0.05
13344,2025-07-05,P029,C0125,R03,2,13566.0,7780.3,0.05
13358,2025-07-05,P024,C0105,R04,5,58650.0,33434.88,0.0
14649,2025-07-05,P003,C0460,R02,1,123930.0,89682.93,0.1
14682,2025-07-05,P047,C0420,R01,1,11143.5,7367.43,0.05
10510,2025-07-06,P001,C0040,R04,2,119187.0,93458.53,0.05
10885,2025-07-06,P023,C0101,R01,1,2754.0,1676.23,0.1
11673,2025-07-06,P036,C0103,R01,3,20808.0,14774.56,0.15
13094,2025-07-06,P014,C0460,R02,4,141474.0,107738.93,0.05
13431,2025-07-06,P001,C0113,R03,2,119187.0,94159.57,0.05
13510,2025-07-06,P042,C0171,R04,6,101745.0,70498.81,0.05
14381,2025-07-06,P046,C0352,R02,3,62500.5,44677.78,0.05
10760,2025-07-07,P017,C0152,R03,2,53295.0,38574.76,0.05
10908,2025-07-07,P003,C0329,R01,1,137700.0,106901.68,0.0
11530,2025-07-07,P005,C0026,R02,6,619191.0,494532.68,0.05
11552,2025-07-07,P031,C0216,R04,1,16957.5,12139.34,0.05
13794,2025-07-07,P002,C0060,R02,5,654585.0,522225.27,0.15
14192,2025-07-07,P039,C0189,R04,1,13081.5,9146.84,0.05
14492,2025-07-07,P045,C0453,R02,1,3672.0,2374.21,0.1
14502,2025-07-07,P025,C0491,R04,3,29070.0,16359.35,0.0
14671,2025-07-07,P032,C0483,R03,2,22032.0,16167.79,0.1
14984,2025-07-07,P021,C0334,R01,2,12597.0,7590.73,0.05
10004,2025-07-08,P028,C0443,R04,2,20400.0,11127.61,0.0
10649,2025-07-08,P007,C0464,R01,6,335988.0,246920.19,0.1
10687,2025-07-08,P037,C0008,R02,3,74358.0,58681.23,0.1
11335,2025-07-08,P028,C0298,R04,1,10200.0,6017.52,0.0
11950,2025-07-08,P040,C0283,R04,5,109650.0,77449.6,0.0
12195,2025-07-08,P038,C0004,R02,2,53040.0,40843.4,0.0
12341,2025-07-08,P007,C0390,R01,4,223992.0,170826.87,0.1
13935,2025-07-08,P043,C0282,R01,1,15988.5,10260.53,0.05
14128,2025-07-08,P003,C0269,R04,8,1046520.0,757037.09,0.05
14204,2025-07-08,P030,C0423,R04,1,5814.0,3402.47,0.05
12782,2025-07-09,P005,C0266,R02,3,293301.0,221990.73,0.1
13287,2025-07-09,P037,C0303,R04,1,27540.0,19465.87,0.0
14545,2025-07-09,P049,C0167,R02,6,97920.0,66786.07,0.0
10532,2025-07-10,P046,C0038,R04,1,21930.0,14532.96,0.0
11586,2025-07-10,P026,C0454,R02,1,7752.0,4797.73,0.05
12155,2025-07-10,P045,C0210,R02,1,3876.0,2650.01,0.05
12519,2025-07-10,P009,C0378,R02,5,348840.0,254994.19,0.1
13028,2025-07-10,P045,C0112,R02,5,17340.0,12741.31,0.15
14211,2025-07-10,P028,C0099,R03,3,29070.0,17083.39,0.05
10141,2025-07-11,P046,C0140,R04,1,20833.5,14255.81,0.05
11293,2025-07-11,P032,C0044,R02,1,11016.0,8446.88,0.1
11997,2025-07-11,P024,C0400,R04,2,23460.0,14572.3,0.0
12591,2025-07-11,P047,C0171,R04,2,21114.0,14128.73,0.1
12964,2025-07-11,P030,C0482,R02,5,29070.0,16581.47,0.05
13255,2025-07-11,P043,C0055,R03,2,30294.0,20164.02,0.1
13473,2025-07-11,P035,C0459,R01,2,50490.0,36117.49,0.1
13572,2025-07-11,P044,C0157,R01,2,18411.0,12411.98,0.05
10890,2025-07-12,P019,C0048,R03,4,161160.0,109810.48,0.0
10891,2025-07-12,P035,C0242,R02,3,84150.0,61734.51,0.0
10897,2025-07-12,P005,C0206,R01,6,619191.0,441423.2,0.05
11193,2025-07-12,P001,C0148,R04,1,59593.5,45344.53,0.05
11563,2025-07-12,P042,C0177,R02,2,30345.0,20758.98,0.15
11960,2025-07-12,P028,C0120,R04,7,67830.0,40489.04,0.05
12273,2025-07-12,P039,C0467,R02,1,13770.0,10327.18,0.0
12589,2025-07-12,P037,C0120,R04,6,165240.0,119408.85,0.0
12621,2025-07-12,P011,C0142,R02,3,72828.0,53940.09,0.15
12783,2025-07-12,P046,C0226,R02,2,39474.0,28681.44,0.1
12897,2025-07-12,P017,C0054,R03,1,23842.5,17069.19,0.15
13163,2025-07-12,P040,C0197,R01,1,19737.0,13996.65,0.1
13355,2025-07-12,P001,C0011,R02,3,188190.0,143295.93,0.0
13507,2025-07-12,P005,C0276,R04,3,309595.5,242965.31,0.05
13718,2025-07-12,P016,C0385,R01,1,38250.0,28336.84,0.0
14645,2025-07-12,P032,C0076,R02,5,58140.0,42811.24,0.05
14291,2025-07-13,P012,C0456,R04,5,204255.0,148858.71,0.1
14409,2025-07-13,P043,C0189,R04,3,50490.0,35105.0,0.0
14477,2025-07-13,P027,C0005,R02,6,33660.0,19898.88,0.0
10140,2025-07-14,P004,C0474,R01,3,327420.0,255532.58,0.0
11807,2025-07-14,P026,C0083,R04,2,15504.0,8937.78,0.05
12337,2025-07-14,P036,C0227,R03,4,32640.0,24710.96,0.0
14812,2025-07-14,P040,C0218,R03,4,87720.0,67862.46,0.0
14970,2025-07-14,P024,C0289,R04,5,55717.5,32798.94,0.05
10143,2025-07-15,P005,C0308,R04,4,391068.0,302674.62,0.1
10234,2025-07-16,P011,C0062,R02,1,27132.0,19739.01,0.05
10372,2025-07-16,P032,C0019,R03,1,12240.0,9127.66,0.0
10921,2025-07-16,P037,C0467,R02,1,26163.0,19506.95,0.05
11283,2025-07-16,P014,C0114,R02,2,63291.0,45114.56,0.15
11555,2025-07-16,P031,C0391,R03,1,16957.5,11992.3,0.05
11805,2025-07-16,P008,C0280,R04,2,287640.0,217991.35,0.0
12785,2025-07-16,P001,C0162,R03,3,188190.0,138385.62,0.0
12871,2025-07-16,P014,C0064,R01,2,70737.0,53446.38,0.05
13322,2025-07-16,P007,C0226,R02,4,236436.0,181758.32,0.05
13663,2025-07-16,P038,C0493,R03,1,25194.0,18239.72,0.05
13883,2025-07-16,P020,C0340,R02,1,25500.0,17508.2,0.0
13940,2025-07-16,P014,C0079,R03,2,67014.0,48496.1,0.1
14495,2025-07-16,P038,C0453,R02,2,47736.0,34917.95,0.1
14518,2025-07-16,P039,C0325,R03,6,82620.0,58533.58,0.0
14556,2025-07-16,P012,C0391,R03,4,163404.0,127644.62,0.1
14821,2025-07-16,P027,C0182,R01,1,5049.0,3051.65,0.1
10130,2025-07-17,P027,C0398,R01,2,10659.0,6155.78,0.05
10574,2025-07-17,P041,C0013,R01,7,42840.0,30508.5,0.0
13223,2025-07-17,P025,C0294,R04,1,9205.5,5000.95,0.05
14532,2025-07-17,P016,C0432,R01,4,145350.0,106042.37,0.05
10170,2025-07-18,P044,C0238,R04,1,8721.0,5974.83,0.1
10311,2025-07-18,P037,C0378,R02,2,55080.0,41605.56,0.0
12115,2025-07-18,P045,C0002,R01,6,23256.0,16344.33,0.05
12406,2025-07-18,P012,C0443,R04,1,40851.0,30994.86,0.1
12628,2025-07-18,P040,C0389,R04,1,20833.5,15994.46,0.05
14135,2025-07-18,P032,C0195,R01,5,58140.0,41237.35,0.05
10702,2025-07-19,P030,C0007,R01,6,34884.0,21033.44,0.05
10791,2025-07-19,P007,C0334,R01,1,59109.0,44954.33,0.05
10873,2025-07-19,P029,C0432,R01,2,14280.0,8398.44,0.0
11320,2025-07-19,P020,C0190,R04,1,25500.0,16623.99,0.0
11489,2025-07-19,P034,C0398,R01,4,81600.0,61650.43,0.0
12725,2025-07-19,P006,C0163,R03,3,495720.0,377710.82,0.0
12893,2025-07-19,P009,C0333,R02,4,310080.0,216338.84,0.0
13649,2025-07-19,P047,C0464,R01,3,33430.5,23193.9,0.05
10445,2025-07-20,P019,C0145,R02,5,201450.0,149319.1,0.0
10608,2025-07-20,P044,C0428,R02,2,18411.0,12778.8,0.05
12283,2025-07-20,P035,C0317,R03,3,79942.5,58485.01,0.05
12875,2025-07-20,P022,C0073,R02,1,5100.0,3002.63,0.0
12888,2025-07-20,P047,C0365,R03,6,63342.0,43265.83,0.1
13525,2025-07-20,P021,C0218,R03,3,17901.0,11023.98,0.1
13702,2025-07-20,P005,C0020,R03,3,293301.0,233677.49,0.1
13712,2025-07-20,P041,C0177,R02,3,17442.0,11419.33,0.05
10543,2025-07-21,P004,C0124,R01,1,109140.0,76183.11,0.0
10564,2025-07-21,P012,C0227,R03,5,215602.5,143360.3,0.05
10653,2025-07-21,P040,C0480,R01,2,39474.0,28130.46,0.1
10972,2025-07-21,P006,C0315,R04,2,280908.0,211833.73,0.15
11491,2025-07-21,P034,C0250,R01,4,73440.0,53185.27,0.1
11821,2025-07-21,P008,C0070,R03,2,258876.0,194015.8,0.1
11838,2025-07-21,P003,C0154,R03,3,413100.0,315896.77,0.0
12055,2025-07-21,P019,C0060,R02,2,80580.0,59220.36,0.0
12710,2025-07-21,P010,C0378,R02,1,60078.0,45379.71,0.05
13035,2025-07-21,P037,C0180,R02,2,52326.0,40551.38,0.05
13158,2025-07-21,P033,C0184,R03,3,26163.0,19765.95,0.05
13941,2025-07-21,P024,C0251,R04,5,55717.5,32237.44,0.05
14278,2025-07-21,P016,C0482,R02,2,68850.0,50689.0,0.1
14642,2025-07-21,P016,C0103,R01,10,325125.0,229223.43,0.15
11065,2025-07-22,P024,C0325,R03,2,22287.0,12830.08,0.05
11467,2025-07-22,P042,C0088,R04,2,32130.0,20896.17,0.1
13245,2025-07-22,P046,C0148,R04,1,21930.0,15570.92,0.0
13923,2025-07-22,P003,C0211,R04,1,130815.0,102404.63,0.05
13950,2025-07-22,P034,C0080,R04,3,52020.0,39623.77,0.15
14516,2025-07-22,P005,C0475,R02,5,461677.5,350951.63,0.15
14795,2025-07-22,P008,C0119,R02,2,258876.0,194536.19,0.1
14803,2025-07-22,P012,C0332,R04,1,45390.0,30844.33,0.0
10957,2025-07-23,P019,C0189,R04,3,114826.5,87658.62,0.05
11398,2025-07-23,P038,C0370,R04,7,167076.0,130403.26,0.1
13226,2025-07-23,P026,C0444,R04,1,8160.0,4971.17,0.0
13481,2025-07-23,P014,C0085,R01,1,37230.0,26819.94,0.0
14402,2025-07-23,P044,C0076,R02,8,65892.0,45020.68,0.15
10619,2025-07-24,P002,C0136,R04,3,462060.0,362894.21,0.0
10748,2025-07-24,P022,C0153,R04,3,14535.0,8415.28,0.05
11347,2025-07-24,P035,C0006,R01,3,71527.5,50731.95,0.15
12261,2025-07-24,P012,C0465,R04,2,81702.0,58917.75,0.1
12575,2025-07-24,P017,C0001,R02,1,25245.0,17698.69,0.1
13135,2025-07-24,P017,C0167,R02,1,26647.5,18413.49,0.05
14184,2025-07-24,P014,C0128,R01,1,31645.5,22850.0,0.15
10045,2025-07-25,P049,C0111,R03,4,58752.0,41204.59,0.1
10302,2025-07-25,P002,C0309,R01,1,146319.0,110466.49,0.05
10927,2025-07-25,P013,C0390,R01,4,130356.0,100863.67,0.1
10987,2025-07-25,P049,C0305,R01,4,65280.0,45546.71,0.0
11412,2025-07-25,P024,C0370,R04,3,33430.5,19740.72,0.05
11697,2025-07-25,P015,C0084,R01,2,67830.0,47889.24,0.05
11701,2025-07-25,P043,C0495,R02,4,63954.0,40547.48,0.05
11917,2025-07-25,P050,C0172,R02,2,34884.0,24275.38,0.05
11924,2025-07-25,P006,C0196,R01,2,313956.0,233327.56,0.05
11967,2025-07-25,P046,C0391,R03,1,20833.5,14550.1,0.05
12307,2025-07-25,P028,C0080,R04,1,9690.0,5779.68,0.05
12363,2025-07-25,P004,C0056,R04,3,327420.0,247081.39,0.0
12381,2025-07-25,P038,C0322,R02,4,95472.0,75740.38,0.1
12517,2025-07-25,P002,C0239,R04,1,154020.0,118900.82,0.0
13403,2025-07-25,P038,C0152,R03,2,53040.0,40505.9,0.0
13564,2025-07-25,P026,C0073,R02,2,14688.0,9184.28,0.1
13893,2025-07-25,P027,C0070,R03,1,5329.5,3332.18,0.05
14343,2025-07-25,P030,C0256,R03,1,5202.0,2934.56,0.15
10042,2025-07-26,P034,C0426,R02,4,77520.0,57824.76,0.05
10700,2025-07-26,P036,C0133,R04,3,23256.0,17861.72,0.05
10863,2025-07-26,P003,C0265,R01,6,826200.0,623687.61,0.0
11053,2025-07-26,P034,C0012,R03,3,61200.0,45030.67,0.0
11289,2025-07-26,P016,C0111,R03,1,38250.0,28283.9,0.0
11804,2025-07-26,P015,C0069,R01,2,71400.0,47718.21,0.0
11845,2025-07-26,P004,C0096,R01,2,218280.0,167887.85,0.0
12014,2025-07-26,P018,C0374,R03,4,52326.0,38623.23,0.05
12382,2025-07-26,P018,C0444,R04,5,61965.0,45143.65,0.1
12398,2025-07-26,P049,C0227,R03,5,81600.0,54348.38,0.0
12497,2025-07-26,P046,C0374,R03,3,59211.0,40195.92,0.1
12574,2025-07-26,P003,C0162,R03,1,137700.0,105819.66,0.0
12595,2025-07-26,P034,C0106,R02,3,61200.0,46624.56,0.0
12789,2025-07-26,P043,C0322,R02,3,45441.0,29153.2,0.1
13160,2025-07-26,P021,C0446,R01,2,11934.0,7094.09,0.1
13894,2025-07-26,P008,C0337,R03,1,129438.0,96671.54,0.1
10356,2025-07-27,P003,C0003,R04,1,137700.0,103344.19,0.0
10595,2025-07-27,P013,C0146,R02,3,103198.5,78134.57,0.05
10898,2025-07-27,P038,C0156,R01,1,23868.0,18040.15,0.1
11221,2025-07-27,P035,C0072,R02,1,26647.5,20540.8,0.05
11740,2025-07-27,P048,C0381,R04,6,116280.0,76219.32,0.05
12548,2025-07-27,P020,C0445,R04,1,21675.0,15699.09,0.15
12652,2025-07-27,P019,C0251,R04,1,40290.0,29245.16,0.0
12936,2025-07-27,P019,C0480,R01,4,145044.0,105688.67,0.1
13118,2025-07-27,P021,C0287,R04,6,37791.0,20360.93,0.05
13342,2025-07-27,P045,C0159,R04,1,3876.0,2845.37,0.05
13534,2025-07-27,P038,C0344,R04,4,100776.0,71482.18,0.05
14105,2025-07-27,P018,C0424,R04,2,27540.0,20683.15,0.0
14644,2025-07-27,P032,C0141,R02,1,11628.0,8269.89,0.05
14998,2025-07-27,P035,C0317,R03,1,26647.5,19150.93,0.05
10706,2025-07-28,P047,C0175,R01,1,11143.5,7761.64,0.05
10750,2025-07-28,P008,C0302,R03,7,906066.0,660482.75,0.1
10968,2025-07-28,P012,C0297,R01,1,43120.5,31277.25,0.05
12137,2025-07-28,P006,C0014,R04,5,784890.0,602804.27,0.05
12474,2025-07-28,P006,C0253,R03,3,421362.0,328486.77,0.15
12515,2025-07-28,P032,C0286,R04,5,61200.0,45344.82,0.0
12726,2025-07-28,P028,C0042,R01,4,34680.0,20295.21,0.15
13268,2025-07-28,P038,C0308,R04,4,95472.0,68246.18,0.1
13399,2025-07-28,P030,C0486,R03,2,11016.0,5794.54,0.1
14133,2025-07-28,P031,C0191,R02,2,33915.0,24771.61,0.05
10093,2025-07-29,P007,C0348,R03,2,124440.0,90596.33,0.0
11481,2025-07-29,P003,C0319,R01,6,826200.0,623834.25,0.0
12083,2025-07-29,P029,C0004,R02,5,32130.0,18557.11,0.1
12138,2025-07-29,P031,C0186,R04,3,53550.0,41265.78,0.0
12887,2025-07-29,P048,C0123,R01,7,142800.0,91961.62,0.0
13140,2025-07-29,P009,C0277,R04,1,77520.0,55981.38,0.0
13482,2025-07-29,P023,C0225,R02,6,15606.0,8935.36,0.15
13989,2025-07-29,P010,C0310,R03,1,53754.0,41977.38,0.15
14033,2025-07-29,P040,C0175,R01,2,41667.0,30069.2,0.05
14597,2025-07-29,P002,C0310,R03,5,770100.0,569864.58,0.0
14956,2025-07-29,P044,C0056,R04,4,36822.0,25847.92,0.05
10613,2025-07-30,P037,C0166,R04,3,82620.0,63185.22,0.0
11790,2025-07-30,P048,C0223,R02,1,18360.0,12287.7,0.1
12150,2025-07-30,P019,C0414,R04,5,201450.0,148347.77,0.0
12311,2025-07-30,P015,C0172,R02,3,96390.0,67240.14,0.1
12393,2025-07-30,P030,C0084,R01,2,12240.0,7455.66,0.0
12821,2025-07-30,P046,C0064,R01,5,109650.0,80288.61,0.0
13581,2025-07-30,P023,C0178,R03,2,6120.0,3822.55,0.0
14818,2025-07-30,P005,C0381,R04,6,586602.0,428421.18,0.1
11158,2025-07-31,P038,C0284,R02,3,71604.0,52054.49,0.1
12104,2025-07-31,P011,C0023,R01,5,142800.0,103420.17,0.0
12114,2025-07-31,P017,C0487,R04,2,53295.0,39397.79,0.05
12443,2025-07-31,P008,C0472,R03,8,1093032.0,877163.89,0.05
13124,2025-07-31,P041,C0405,R04,1,5814.0,3708.73,0.05
13155,2025-07-31,P046,C0340,R02,3,65790.0,44791.29,0.0
14188,2025-07-31,P042,C0018,R03,3,50872.5,33233.44,0.05
14822,2025-07-31,P027,C0258,R04,3,15147.0,9271.78,0.1
10383,2025-08-01,P017,C0209,R04,4,104500.0,72934.26,0.05
10388,2025-08-01,P011,C0404,R02,1,25200.0,17206.89,0.1
11126,2025-08-01,P038,C0138,R04,2,52000.0,37719.22,0.0
11159,2025-08-01,P047,C0168,R04,2,21850.0,13832.73,0.05
11618,2025-08-01,P027,C0426,R02,5,24750.0,13586.91,0.1
11889,2025-08-01,P006,C0279,R01,1,153900.0,120431.66,0.05
12932,2025-08-01,P003,C0103,R01,1,135000.0,104318.65,0.0
13088,2025-08-01,P031,C0404,R02,1,16625.0,12283.91,0.05
14317,2025-08-01,P010,C0217,R04,3,186000.0,142492.51,0.0
14473,2025-08-01,P004,C0038,R04,2,203300.0,164514.87,0.05
14552,2025-08-01,P018,C0457,R04,4,48600.0,33353.09,0.1
14894,2025-08-01,P022,C0377,R04,5,23750.0,14438.92,0.05
14913,2025-08-01,P034,C0402,R04,2,38000.0,29093.41,0.05
10575,2025-08-02,P020,C0385,R01,7,175000.0,129220.25,0.0
10598,2025-08-02,P032,C0493,R03,3,36000.0,26499.12,0.0
10795,2025-08-02,P036,C0134,R04,3,24000.0,17911.36,0.0
11141,2025-08-02,P008,C0394,R04,5,669750.0,537247.62,0.05
11732,2025-08-02,P039,C0174,R02,1,13500.0,9992.64,0.0
12405,2025-08-02,P025,C0372,R01,2,19000.0,10468.26,0.0
12858,2025-08-02,P001,C0115,R01,7,387450.0,308271.56,0.1
13366,2025-08-02,P004,C0407,R02,3,304950.0,236948.41,0.05
13535,2025-08-02,P027,C0097,R04,8,44000.0,25000.45,0.0
13788,2025-08-02,P049,C0188,R02,4,64000.0,44417.54,0.0
14763,2025-08-02,P037,C0438,R02,2,45900.0,34428.38,0.15
15000,2025-08-02,P003,C0406,R04,1,128250.0,90687.92,0.05
10208,2025-08-03,P031,C0382,R04,1,17500.0,13086.24,0.0
10711,2025-08-03,P047,C0248,R04,3,32775.0,22311.38,0.05
10882,2025-08-03,P013,C0339,R01,1,33725.0,25415.5,0.05
11403,2025-08-03,P050,C0373,R01,3,54000.0,36452.77,0.0
11934,2025-08-03,P007,C0237,R02,1,57950.0,44304.56,0.05
12191,2025-08-03,P019,C0481,R02,3,106650.0,73457.71,0.1
12441,2025-08-03,P044,C0254,R02,1,8550.0,5860.27,0.1
13986,2025-08-03,P029,C0250,R01,1,6650.0,3990.45,0.05
14294,2025-08-03,P028,C0198,R03,1,10000.0,5689.74,0.0
14429,2025-08-03,P021,C0214,R04,1,6500.0,3679.94,0.0
14944,2025-08-03,P028,C0040,R04,2,19000.0,10978.35,0.05
10875,2025-08-04,P043,C0220,R03,1,16500.0,11343.27,0.0
11150,2025-08-04,P029,C0438,R02,1,7000.0,4039.42,0.0
11694,2025-08-04,P002,C0209,R04,2,302000.0,225816.56,0.0
11977,2025-08-04,P001,C0410,R01,3,156825.0,113343.75,0.15
12016,2025-08-04,P028,C0440,R04,1,9500.0,5418.43,0.05
12228,2025-08-04,P015,C0003,R04,4,133000.0,100606.25,0.05
12727,2025-08-04,P012,C0209,R04,2,84550.0,59792.52,0.05
12823,2025-08-04,P015,C0121,R02,10,315000.0,227343.27,0.1
13069,2025-08-04,P034,C0109,R01,1,17000.0,12667.47,0.15
13194,2025-08-04,P014,C0040,R04,1,34675.0,23977.39,0.05
13963,2025-08-04,P044,C0437,R01,1,8550.0,5645.21,0.1
13977,2025-08-04,P034,C0336,R04,4,72000.0,54764.98,0.1
10011,2025-08-05,P017,C0300,R04,1,24750.0,18440.9,0.1
10112,2025-08-05,P042,C0159,R04,6,105000.0,70771.39,0.0
10370,2025-08-05,P050,C0323,R01,1,18000.0,12867.08,0.0
10982,2025-08-05,P002,C0479,R04,2,256700.0,202156.76,0.15
11426,2025-08-05,P002,C0250,R01,1,128350.0,97280.03,0.15
11464,2025-08-05,P027,C0339,R01,5,27500.0,16282.34,0.0
13308,2025-08-05,P041,C0408,R01,2,10200.0,6855.43,0.15
10086,2025-08-06,P007,C0048,R03,3,173850.0,131743.85,0.05
10184,2025-08-06,P039,C0235,R04,5,64125.0,47468.93,0.05
11096,2025-08-06,P021,C0079,R03,1,5525.0,3430.96,0.15
11393,2025-08-06,P040,C0326,R04,2,38700.0,29641.43,0.1
11743,2025-08-06,P036,C0128,R01,6,45600.0,35161.12,0.05
12065,2025-08-06,P007,C0099,R03,2,122000.0,92981.88,0.0
12071,2025-08-06,P023,C0145,R02,3,8550.0,4977.13,0.05
12937,2025-08-06,P026,C0019,R03,1,8000.0,4667.93,0.0
13039,2025-08-06,P049,C0041,R02,1,15200.0,10617.93,0.05
13272,2025-08-06,P002,C0047,R02,1,135900.0,101354.99,0.1
14706,2025-08-06,P037,C0057,R04,3,72900.0,53171.73,0.1
14844,2025-08-06,P007,C0395,R01,1,57950.0,45451.75,0.05
10245,2025-08-07,P037,C0398,R01,3,76950.0,57229.12,0.05
11903,2025-08-07,P006,C0060,R02,4,615600.0,461172.07,0.05
12013,2025-08-07,P048,C0196,R01,2,36000.0,25165.98,0.1
12470,2025-08-07,P042,C0084,R01,6,105000.0,69907.0,0.0
12508,2025-08-07,P028,C0334,R01,1,10000.0,5595.23,0.0
13061,2025-08-07,P040,C0335,R04,3,61275.0,45781.0,0.05
14619,2025-08-07,P005,C0200,R03,2,181050.0,141965.46,0.15
14947,2025-08-07,P035,C0306,R03,3,74250.0,53482.95,0.1
10621,2025-08-08,P024,C0092,R01,5,54625.0,29822.18,0.05
11297,2025-08-08,P032,C0138,R04,2,22800.0,16642.39,0.05
11622,2025-08-08,P023,C0088,R04,1,3000.0,1873.1,0.0
11735,2025-08-08,P023,C0476,R02,4,10200.0,6181.31,0.15
12927,2025-08-08,P010,C0171,R04,6,372000.0,280188.14,0.0
13214,2025-08-08,P041,C0265,R01,2,12000.0,8046.99,0.0
13313,2025-08-08,P050,C0132,R03,6,108000.0,69820.97,0.0
13845,2025-08-08,P015,C0244,R01,2,70000.0,49781.39,0.0
14702,2025-08-08,P001,C0231,R02,2,123000.0,99799.1,0.0
14843,2025-08-08,P050,C0052,R01,5,90000.0,58511.6,0.0
14966,2025-08-08,P006,C0192,R01,5,688500.0,504050.82,0.15
11246,2025-08-09,P030,C0334,R01,1,6000.0,3277.51,0.0
12050,2025-08-09,P050,C0372,R01,8,129600.0,91104.97,0.1
12171,2025-08-09,P042,C0410,R01,1,17500.0,11685.85,0.0
12881,2025-08-09,P042,C0463,R03,4,63000.0,41534.89,0.1
13062,2025-08-09,P033,C0321,R04,1,9000.0,6857.95,0.0
10384,2025-08-10,P008,C0398,R01,6,761400.0,565363.04,0.1
11625,2025-08-10,P021,C0415,R01,3,16575.0,9756.68,0.15
12468,2025-08-10,P018,C0165,R02,3,34425.0,25391.16,0.15
13038,2025-08-10,P038,C0252,R04,2,49400.0,36412.38,0.05
13068,2025-08-10,P014,C0225,R02,2,65700.0,48210.54,0.1
14786,2025-08-10,P050,C0437,R01,1,17100.0,11774.02,0.05
11581,2025-08-11,P033,C0068,R01,2,18000.0,13478.22,0.0
12005,2025-08-11,P035,C0115,R01,1,23375.0,17533.09,0.15
12978,2025-08-11,P023,C0247,R01,1,2700.0,1541.97,0.1
13620,2025-08-11,P033,C0221,R03,2,17100.0,13158.97,0.05
14325,2025-08-11,P008,C0479,R04,1,126900.0,103506.71,0.1
14360,2025-08-11,P035,C0008,R02,1,27500.0,20267.81,0.0
14486,2025-08-11,P037,C0308,R04,2,51300.0,38670.81,0.05
14536,2025-08-11,P043,C0398,R01,5,82500.0,55363.74,0.0
10548,2025-08-12,P037,C0384,R02,2,48600.0,35735.0,0.1
10591,2025-08-12,P026,C0418,R04,3,24000.0,13804.1,0.0
10640,2025-08-12,P035,C0204,R03,6,148500.0,103788.11,0.1
11175,2025-08-12,P024,C0081,R02,2,23000.0,14002.59,0.0
11536,2025-08-12,P040,C0482,R02,9,193500.0,144732.4,0.0
11670,2025-08-12,P046,C0422,R01,2,43000.0,30791.98,0.0
12132,2025-08-12,P027,C0370,R04,2,10450.0,6028.12,0.05
12580,2025-08-12,P036,C0371,R01,3,24000.0,16890.44,0.0
12984,2025-08-12,P049,C0300,R04,1,16000.0,11248.23,0.0
13789,2025-08-12,P048,C0342,R02,2,38000.0,26407.12,0.05
14357,2025-08-12,P044,C0177,R02,2,19000.0,12647.5,0.0
14673,2025-08-12,P046,C0057,R04,3,58050.0,40547.93,0.1
10138,2025-08-13,P045,C0092,R01,3,12000.0,7645.13,0.0
10367,2025-08-13,P048,C0164,R03,5,85000.0,61234.6,0.15
13307,2025-08-13,P047,C0149,R02,5,57500.0,36853.58,0.0
14946,2025-08-13,P010,C0474,R01,1,52700.0,40265.48,0.15
10013,2025-08-14,P046,C0450,R01,2,40850.0,27592.92,0.05
10661,2025-08-14,P025,C0361,R02,1,9025.0,5589.05,0.05
11024,2025-08-14,P040,C0205,R01,4,86000.0,61106.02,0.0
11083,2025-08-14,P041,C0146,R02,4,21600.0,14739.91,0.1
12318,2025-08-14,P050,C0064,R01,5,85500.0,56655.94,0.05
12394,2025-08-14,P022,C0425,R04,2,9000.0,5408.84,0.1
12722,2025-08-14,P014,C0412,R01,5,173375.0,119274.95,0.05
12926,2025-08-14,P036,C0105,R04,3,24000.0,17553.79,0.0
14162,2025-08-14,P045,C0293,R03,1,3400.0,2329.76,0.15
14749,2025-08-14,P022,C0108,R04,2,10000.0,5897.48,0.0
10546,2025-08-15,P009,C0223,R02,1,76000.0,60825.54,0.0
10884,2025-08-15,P005,C0395,R01,3,271575.0,199794.11,0.15
11691,2025-08-15,P030,C0200,R03,4,24000.0,14190.12,0.0
12046,2025-08-15,P021,C0046,R04,1,6500.0,3895.84,0.0
12692,2025-08-15,P042,C0399,R02,2,31500.0,21044.31,0.1
13015,2025-08-15,P020,C0205,R01,5,118750.0,81590.24,0.05
13121,2025-08-15,P007,C0107,R01,1,57950.0,45193.47,0.05
13320,2025-08-15,P024,C0318,R02,6,69000.0,37527.33,0.0
13533,2025-08-15,P004,C0038,R04,6,642000.0,486023.62,0.0
13633,2025-08-15,P033,C0009,R04,2,18000.0,13852.69,0.0
13716,2025-08-15,P037,C0342,R02,1,27000.0,19351.89,0.0
14433,2025-08-15,P027,C0286,R04,2,9900.0,5567.1,0.1
14621,2025-08-15,P006,C0393,R01,5,729000.0,563184.76,0.1
14794,2025-08-15,P041,C0020,R03,4,24000.0,16779.23,0.0
14993,2025-08-15,P029,C0033,R01,1,6300.0,3735.79,0.1
10214,2025-08-16,P036,C0491,R04,3,24000.0,17820.78,0.0
10289,2025-08-16,P029,C0171,R04,3,21000.0,11274.04,0.0
11522,2025-08-16,P047,C0306,R03,6,65550.0,45839.79,0.05
11549,2025-08-16,P048,C0094,R01,3,51000.0,35378.51,0.15
12546,2025-08-16,P013,C0294,R04,1,33725.0,23416.92,0.05
13174,2025-08-16,P012,C0210,R02,5,222500.0,149654.55,0.0
13193,2025-08-16,P006,C0415,R01,3,486000.0,380267.25,0.0
13808,2025-08-16,P002,C0496,R03,5,755000.0,569507.28,0.0
14157,2025-08-16,P006,C0330,R03,1,153900.0,112812.04,0.05
11020,2025-08-17,P009,C0167,R02,1,76000.0,55377.72,0.0
11760,2025-08-17,P011,C0117,R01,5,133000.0,90509.78,0.05
12909,2025-08-17,P013,C0102,R03,4,142000.0,99532.77,0.0
13040,2025-08-17,P003,C0179,R04,1,114750.0,88230.66,0.15
13874,2025-08-17,P014,C0456,R04,7,255500.0,190090.97,0.0
14298,2025-08-17,P026,C0172,R02,2,14400.0,8474.81,0.1
14851,2025-08-17,P013,C0238,R04,6,213000.0,149996.1,0.0
10364,2025-08-18,P013,C0025,R01,5,177500.0,134834.6,0.0
10647,2025-08-18,P030,C0186,R04,3,17100.0,10241.11,0.05
11911,2025-08-18,P042,C0148,R04,1,17500.0,12273.89,0.0
13016,2025-08-18,P022,C0100,R02,4,19000.0,11164.4,0.05
13382,2025-08-18,P020,C0424,R04,4,90000.0,67870.07,0.1
10727,2025-08-19,P028,C0256,R03,2,17000.0,10662.12,0.15
11501,2025-08-19,P001,C0360,R03,4,233700.0,176925.81,0.05
11557,2025-08-19,P041,C0288,R02,6,32400.0,20942.96,0.1
11641,2025-08-19,P034,C0284,R02,1,19000.0,13839.7,0.05
11671,2025-08-19,P019,C0394,R04,6,225150.0,159907.49,0.05
11738,2025-08-19,P001,C0309,R01,4,233700.0,173693.25,0.05
12322,2025-08-19,P034,C0417,R02,2,38000.0,28818.67,0.05
13139,2025-08-19,P047,C0433,R02,2,21850.0,14731.76,0.05
13266,2025-08-19,P017,C0336,R04,2,55000.0,37919.97,0.0
14423,2025-08-19,P032,C0177,R02,1,11400.0,8094.77,0.05
10928,2025-08-20,P046,C0196,R01,5,102125.0,65488.05,0.05
10940,2025-08-20,P025,C0471,R04,1,8550.0,5043.53,0.1
12227,2025-08-20,P012,C0350,R01,3,126825.0,91840.86,0.05
12550,2025-08-20,P032,C0360,R03,2,22800.0,17996.66,0.05
13032,2025-08-20,P038,C0115,R01,4,98800.0,73323.27,0.05
13691,2025-08-20,P010,C0467,R02,4,235600.0,184034.26,0.05
14066,2025-08-20,P025,C0198,R03,2,18050.0,9802.57,0.05
14626,2025-08-20,P041,C0478,R04,3,18000.0,12028.5,0.0
14952,2025-08-20,P028,C0451,R01,4,34000.0,20119.35,0.15
10862,2025-08-21,P050,C0127,R04,2,30600.0,21544.2,0.15
11452,2025-08-21,P049,C0127,R04,6,91200.0,60364.14,0.05
11745,2025-08-21,P045,C0407,R02,3,11400.0,7802.44,0.05
12019,2025-08-21,P016,C0375,R01,1,37500.0,27578.71,0.0
12930,2025-08-21,P036,C0310,R03,5,40000.0,28078.47,0.0
13924,2025-08-21,P026,C0138,R04,3,21600.0,12657.96,0.1
14660,2025-08-21,P007,C0139,R03,3,173850.0,140544.65,0.05
14781,2025-08-21,P021,C0098,R02,2,11050.0,6060.44,0.15
14121,2025-08-22,P003,C0090,R01,1,121500.0,92480.57,0.1
14697,2025-08-22,P014,C0161,R04,5,173375.0,119882.85,0.05
10355,2025-08-23,P029,C0437,R01,2,14000.0,8072.57,0.0
10925,2025-08-23,P008,C0408,R01,4,535800.0,441387.13,0.05
11682,2025-08-23,P007,C0453,R02,1,51850.0,40959.75,0.15
13249,2025-08-23,P003,C0412,R01,6,729000.0,556648.47,0.1
10242,2025-08-24,P040,C0438,R02,1,18275.0,13476.63,0.15
11266,2025-08-24,P001,C0164,R03,9,525825.0,404849.69,0.05
11733,2025-08-24,P017,C0126,R02,5,130625.0,88664.26,0.05
11815,2025-08-24,P014,C0431,R02,2,69350.0,48559.99,0.05
14185,2025-08-24,P001,C0353,R02,3,166050.0,127388.72,0.1
14439,2025-08-24,P025,C0114,R02,4,36100.0,21709.17,0.05
10247,2025-08-25,P023,C0382,R04,1,2850.0,1713.46,0.05
11526,2025-08-25,P023,C0254,R02,2,5700.0,3461.59,0.05
13323,2025-08-25,P041,C0155,R01,2,10200.0,6860.63,0.15
13339,2025-08-25,P030,C0493,R03,4,24000.0,13938.78,0.0
14187,2025-08-25,P030,C0189,R04,3,16200.0,9671.55,0.1
14240,2025-08-25,P038,C0263,R02,6,156000.0,116440.44,0.0
14396,2025-08-25,P038,C0333,R02,2,49400.0,36533.26,0.05
14766,2025-08-25,P049,C0450,R01,5,76000.0,50325.41,0.05
10433,2025-08-26,P032,C0339,R01,3,34200.0,26570.67,0.05
11707,2025-08-26,P016,C0209,R04,2,75000.0,52276.33,0.0
12740,2025-08-26,P040,C0190,R04,1,21500.0,14867.78,0.0
12874,2025-08-26,P030,C0050,R01,3,18000.0,10175.22,0.0
13159,2025-08-26,P014,C0240,R03,2,69350.0,51731.42,0.05
13257,2025-08-26,P012,C0042,R01,4,178000.0,121782.95,0.0
13423,2025-08-26,P019,C0080,R04,3,118500.0,88071.62,0.0
13553,2025-08-26,P032,C0216,R04,5,60000.0,42708.04,0.0
13971,2025-08-26,P018,C0003,R04,1,13500.0,9737.63,0.0
14393,2025-08-26,P011,C0397,R03,2,56000.0,38249.38,0.0
14580,2025-08-26,P021,C0122,R01,8,52000.0,31944.04,0.0
10157,2025-08-27,P026,C0500,R03,4,30400.0,16818.11,0.05
10453,2025-08-27,P043,C0083,R04,1,16500.0,11404.56,0.0
10707,2025-08-27,P038,C0083,R04,2,49400.0,35570.06,0.05
11560,2025-08-27,P036,C0488,R01,2,15200.0,11458.32,0.05
12107,2025-08-27,P040,C0247,R01,2,43000.0,32965.07,0.0
12219,2025-08-27,P010,C0057,R04,6,334800.0,261313.21,0.1
12334,2025-08-27,P041,C0030,R01,1,5400.0,3676.79,0.1
12374,2025-08-27,P038,C0279,R01,2,49400.0,38569.69,0.05
12904,2025-08-27,P011,C0304,R01,1,23800.0,17277.38,0.15
13115,2025-08-27,P004,C0348,R03,3,321000.0,240801.05,0.0
13419,2025-08-27,P011,C0035,R02,3,75600.0,56156.89,0.1
13974,2025-08-27,P032,C0169,R01,2,22800.0,16109.91,0.05
14748,2025-08-27,P016,C0412,R01,2,71250.0,49802.85,0.05
10095,2025-08-28,P029,C0073,R02,1,6650.0,3910.82,0.05
10115,2025-08-28,P010,C0385,R01,5,294500.0,226230.56,0.05
10590,2025-08-28,P006,C0382,R04,1,153900.0,114083.44,0.05
10744,2025-08-28,P017,C0220,R03,3,70125.0,49722.49,0.15
11269,2025-08-28,P012,C0346,R03,1,42275.0,30367.18,0.05
11386,2025-08-28,P045,C0075,R01,2,7600.0,5130.21,0.05
12420,2025-08-28,P012,C0149,R02,4,160200.0,116982.49,0.1
13284,2025-08-28,P045,C0461,R04,6,20400.0,13887.35,0.15
14863,2025-08-28,P032,C0222,R01,1,12000.0,9158.81,0.0
14927,2025-08-28,P022,C0384,R02,1,4750.0,2684.3,0.05
10527,2025-08-29,P024,C0195,R01,1,10925.0,6271.03,0.05
10901,2025-08-29,P010,C0291,R04,1,58900.0,43741.33,0.05
11565,2025-08-29,P026,C0219,R04,4,30400.0,18408.97,0.05
12845,2025-08-29,P011,C0327,R01,1,25200.0,18406.49,0.1
12898,2025-08-29,P017,C0461,R04,3,74250.0,49865.89,0.1
13372,2025-08-29,P032,C0316,R04,3,34200.0,24495.71,0.05
13539,2025-08-29,P015,C0106,R02,2,70000.0,51834.59,0.0
13641,2025-08-29,P036,C0252,R04,4,30400.0,23426.51,0.05
13873,2025-08-29,P016,C0422,R01,5,168750.0,127182.94,0.1
13975,2025-08-29,P021,C0135,R04,2,11050.0,6443.66,0.15
10686,2025-08-30,P047,C0161,R04,3,34500.0,23112.35,0.0
11152,2025-08-30,P014,C0045,R01,2,62050.0,41586.69,0.15
11346,2025-08-30,P047,C0056,R04,9,93150.0,64378.31,0.1
12387,2025-08-30,P046,C0218,R03,2,38700.0,28100.36,0.1
12784,2025-08-30,P023,C0031,R04,7,18900.0,11055.27,0.1
13556,2025-08-30,P025,C0107,R01,2,17100.0,10354.93,0.1
13645,2025-08-30,P044,C0242,R02,4,34200.0,22253.33,0.1
13891,2025-08-30,P023,C0012,R03,4,10200.0,5984.28,0.15
14270,2025-08-30,P018,C0037,R01,2,27000.0,19378.22,0.0
10269,2025-08-31,P009,C0259,R04,2,144400.0,111047.21,0.05
11153,2025-08-31,P020,C0291,R04,4,85000.0,63952.87,0.15
11784,2025-08-31,P025,C0103,R01,1,9025.0,4972.98,0.05
12864,2025-08-31,P022,C0165,R02,1,5000.0,2862.27,0.0
13004,2025-08-31,P021,C0451,R01,4,24700.0,14575.18,0.05
13078,2025-08-31,P049,C0139,R03,7,112000.0,78867.14,0.0
13610,2025-08-31,P036,C0449,R03,3,20400.0,15578.66,0.15
14478,2025-08-31,P041,C0204,R03,5,30000.0,19706.57,0.0
10354,2025-09-01,P031,C0019,R03,1,18375.0,14659.5,0.0
10389,2025-09-01,P003,C0390,R01,1,141750.0,109491.73,0.0
11103,2025-09-01,P030,C0003,R04,2,10710.0,6797.62,0.15
12024,2025-09-01,P024,C0227,R03,5,60375.0,33857.67,0.0
12025,2025-09-01,P032,C0083,R04,2,25200.0,19361.0,0.0
12174,2025-09-01,P036,C0134,R04,1,7980.0,5874.88,0.05
12850,2025-09-01,P010,C0175,R01,4,234360.0,176859.12,0.1
13075,2025-09-01,P014,C0286,R04,1,34492.5,25917.68,0.1
13650,2025-09-01,P039,C0008,R02,1,14175.0,10537.95,0.0
14907,2025-09-01,P022,C0136,R04,4,19950.0,12479.63,0.05
10497,2025-09-02,P042,C0271,R04,4,73500.0,53015.54,0.0
11058,2025-09-02,P022,C0031,R04,4,19950.0,11000.57,0.05
11261,2025-09-02,P032,C0411,R02,1,11970.0,8982.06,0.05
11638,2025-09-02,P041,C0214,R04,3,17010.0,12274.82,0.1
11693,2025-09-02,P017,C0254,R02,6,173250.0,122105.44,0.0
12063,2025-09-02,P017,C0339,R01,1,25987.5,18807.14,0.1
12142,2025-09-02,P004,C0005,R02,1,112350.0,84479.69,0.0
12435,2025-09-02,P008,C0445,R04,1,148050.0,115656.37,0.0
13265,2025-09-02,P003,C0455,R04,3,361462.5,261649.71,0.15
14285,2025-09-02,P012,C0123,R01,1,42052.5,29515.18,0.1
10187,2025-09-03,P001,C0339,R01,1,64575.0,47547.08,0.0
10752,2025-09-03,P011,C0280,R04,6,158760.0,116531.66,0.1
11723,2025-09-03,P045,C0205,R01,4,15120.0,10500.87,0.1
11825,2025-09-03,P045,C0315,R04,4,15960.0,10997.35,0.05
11956,2025-09-03,P019,C0237,R02,6,223965.0,163414.4,0.1
12598,2025-09-03,P025,C0073,R02,1,8977.5,5403.24,0.1
13070,2025-09-03,P047,C0119,R02,2,24150.0,17291.18,0.0
14203,2025-09-03,P048,C0049,R01,1,21000.0,14992.88,0.0
14534,2025-09-03,P017,C0031,R04,5,129937.5,93185.44,0.1
14808,2025-09-03,P013,C0378,R02,1,35411.25,24850.02,0.05
10176,2025-09-04,P024,C0391,R03,6,72450.0,44118.37,0.0
10845,2025-09-04,P022,C0020,R03,4,17850.0,10093.04,0.15
11295,2025-09-04,P031,C0370,R04,2,36750.0,27481.31,0.0
11722,2025-09-04,P049,C0369,R01,5,79800.0,54481.83,0.05
11958,2025-09-04,P012,C0304,R01,2,84105.0,59218.76,0.1
11994,2025-09-04,P048,C0188,R02,1,19950.0,13760.98,0.05
12477,2025-09-04,P007,C0444,R04,1,64050.0,46214.53,0.0
13386,2025-09-04,P013,C0310,R03,1,35411.25,25294.43,0.05
13793,2025-09-04,P015,C0261,R02,2,62475.0,44886.94,0.15
14035,2025-09-04,P039,C0414,R04,6,80797.5,61226.7,0.05
14053,2025-09-04,P034,C0302,R03,1,19950.0,15464.84,0.05
14226,2025-09-04,P002,C0291,R04,1,158550.0,112225.95,0.0
14250,2025-09-04,P029,C0290,R04,1,7350.0,3926.48,0.0
14366,2025-09-04,P022,C0379,R02,1,4987.5,2918.2,0.05
14384,2025-09-04,P034,C0213,R01,1,21000.0,15491.84,0.0
14967,2025-09-04,P020,C0061,R02,1,26250.0,18062.01,0.0
14972,2025-09-04,P025,C0294,R04,1,9476.25,6080.59,0.05
10295,2025-09-05,P013,C0242,R02,2,74550.0,57181.48,0.0
10747,2025-09-05,P029,C0435,R04,11,80850.0,50634.04,0.0
11198,2025-09-05,P020,C0076,R02,2,47250.0,33472.88,0.1
11496,2025-09-05,P008,C0170,R03,3,444150.0,352392.23,0.0
12053,2025-09-05,P006,C0050,R01,1,144585.0,110813.71,0.15
14072,2025-09-05,P005,C0403,R03,2,223650.0,162447.94,0.0
14410,2025-09-05,P017,C0271,R04,1,25987.5,18633.71,0.1
14579,2025-09-05,P045,C0132,R03,1,4200.0,2806.11,0.0
10287,2025-09-06,P012,C0494,R02,4,168210.0,126272.27,0.1
10606,2025-09-06,P047,C0069,R01,2,22942.5,14437.45,0.05
11882,2025-09-06,P005,C0302,R03,6,603855.0,472622.33,0.1
12437,2025-09-06,P016,C0102,R03,1,37406.25,26502.47,0.05
13057,2025-09-06,P031,C0116,R04,5,82687.5,63083.7,0.1
14346,2025-09-06,P041,C0317,R03,2,12600.0,8488.8,0.0
14727,2025-09-06,P024,C0245,R02,6,68827.5,43195.98,0.05
14790,2025-09-06,P012,C0310,R03,4,177555.0,135439.36,0.05
10296,2025-09-07,P050,C0316,R04,5,94500.0,63147.26,0.0
10301,2025-09-07,P029,C0122,R01,1,7350.0,4428.81,0.0
10446,2025-09-07,P007,C0392,R03,1,60847.5,46187.13,0.05
10723,2025-09-07,P038,C0045,R01,2,51870.0,38650.49,0.05
11490,2025-09-07,P029,C0060,R02,1,6615.0,3725.73,0.1
11569,2025-09-07,P011,C0041,R02,1,24990.0,17640.92,0.15
12545,2025-09-07,P004,C0118,R01,2,213465.0,161088.64,0.05
12683,2025-09-07,P022,C0085,R01,2,9450.0,5328.93,0.1
13278,2025-09-07,P041,C0012,R03,2,11970.0,8035.66,0.05
14408,2025-09-07,P041,C0096,R01,3,17010.0,11558.97,0.1
10137,2025-09-08,P007,C0278,R02,6,365085.0,278175.21,0.05
11348,2025-09-08,P042,C0255,R01,2,36750.0,25461.0,0.0
11429,2025-09-08,P031,C0405,R04,4,66150.0,47965.02,0.1
13847,2025-09-08,P027,C0222,R01,3,16458.75,10166.53,0.05
10755,2025-09-09,P040,C0011,R02,3,64338.75,46761.71,0.05
11729,2025-09-09,P007,C0472,R03,4,243390.0,177797.02,0.05
12928,2025-09-09,P024,C0494,R02,1,12075.0,6561.51,0.0
13089,2025-09-09,P033,C0495,R02,1,8977.5,6934.38,0.05
13301,2025-09-09,P016,C0042,R01,1,39375.0,26232.41,0.0
13379,2025-09-09,P019,C0367,R01,1,37327.5,26233.72,0.1
13498,2025-09-09,P018,C0055,R03,2,26932.5,19672.34,0.05
14397,2025-09-09,P009,C0070,R03,4,287280.0,213740.95,0.1
14416,2025-09-09,P027,C0425,R04,1,5486.25,3177.49,0.05
14472,2025-09-09,P008,C0300,R04,3,444150.0,348285.58,0.0
10064,2025-09-10,P015,C0136,R04,5,183750.0,124452.04,0.0
10094,2025-09-10,P025,C0332,R04,1,9476.25,5187.82,0.05
11360,2025-09-10,P017,C0347,R03,2,54862.5,40327.54,0.05
11600,2025-09-10,P009,C0003,R04,4,303240.0,231021.85,0.05
12921,2025-09-10,P019,C0391,R03,1,39401.25,29433.78,0.05
13560,2025-09-10,P035,C0070,R03,1,28875.0,20819.75,0.0
13713,2025-09-10,P042,C0167,R02,2,36750.0,25436.64,0.0
13826,2025-09-10,P008,C0095,R04,1,140647.5,107602.02,0.05
14074,2025-09-10,P044,C0391,R03,1,9476.25,6630.18,0.05
10106,2025-09-11,P040,C0127,R04,3,64338.75,49540.4,0.05
10721,2025-09-11,P013,C0382,R04,4,141645.0,110290.93,0.05
11254,2025-09-11,P001,C0320,R02,2,109777.5,76853.21,0.15
11520,2025-09-11,P036,C0178,R03,1,7140.0,5472.26,0.15
11605,2025-09-11,P013,C0031,R04,1,31683.75,24126.55,0.15
12795,2025-09-11,P037,C0183,R03,1,26932.5,19792.34,0.05
12995,2025-09-11,P012,C0034,R02,2,79432.5,55112.54,0.15
13130,2025-09-11,P041,C0301,R04,1,5985.0,4179.57,0.05
13279,2025-09-11,P023,C0181,R04,1,2835.0,1538.68,0.1
13296,2025-09-11,P049,C0058,R02,1,16800.0,11848.0,0.0
13483,2025-09-11,P043,C0453,R02,1,14726.25,9893.3,0.15
14032,2025-09-11,P047,C0049,R01,5,60375.0,42389.13,0.0
14076,2025-09-11,P017,C0475,R02,1,28875.0,21750.71,0.0
14607,2025-09-11,P013,C0278,R02,3,95051.25,71314.14,0.15
11052,2025-09-12,P048,C0475,R02,6,119700.0,82747.8,0.05
12481,2025-09-12,P032,C0112,R02,3,35910.0,26508.99,0.05
13543,2025-09-12,P026,C0109,R01,3,25200.0,14313.36,0.0
13915,2025-09-12,P037,C0126,R02,3,76545.0,57171.63,0.1
10110,2025-09-13,P047,C0376,R03,1,12075.0,8218.84,0.0
10175,2025-09-13,P036,C0122,R01,3,23940.0,17436.23,0.05
10321,2025-09-13,P031,C0255,R01,1,18375.0,13357.88,0.0
11301,2025-09-13,P038,C0027,R03,1,27300.0,20122.1,0.0
12087,2025-09-13,P049,C0420,R01,2,33600.0,21583.34,0.0
12533,2025-09-13,P031,C0337,R03,1,16537.5,11647.45,0.1
12890,2025-09-13,P021,C0024,R04,3,19451.25,11335.43,0.05
13241,2025-09-13,P039,C0137,R04,2,28350.0,19517.72,0.0
13857,2025-09-13,P046,C0407,R02,4,81270.0,57161.87,0.1
14038,2025-09-13,P021,C0161,R04,4,25935.0,15597.37,0.05
14538,2025-09-13,P012,C0029,R04,6,280350.0,193735.17,0.0
14852,2025-09-13,P039,C0460,R02,3,38272.5,29104.45,0.1
11839,2025-09-14,P018,C0463,R03,2,28350.0,19945.53,0.0
12285,2025-09-14,P049,C0266,R02,9,128520.0,89059.58,0.15
12411,2025-09-14,P025,C0398,R01,3,28428.75,16092.9,0.05
12618,2025-09-14,P043,C0095,R04,4,65835.0,44600.21,0.05
13774,2025-09-14,P008,C0019,R03,2,296100.0,224861.81,0.0
13919,2025-09-14,P015,C0122,R01,3,110250.0,76670.8,0.0
14271,2025-09-14,P037,C0267,R03,3,85050.0,60362.05,0.0
10207,2025-09-15,P007,C0296,R04,2,128100.0,94947.63,0.0
10799,2025-09-15,P008,C0032,R01,2,251685.0,195930.14,0.15
11298,2025-09-15,P050,C0322,R02,4,68040.0,47354.34,0.1
12000,2025-09-15,P002,C0224,R01,2,317100.0,228180.94,0.0
12340,2025-09-15,P044,C0017,R01,3,28428.75,19235.22,0.05
12841,2025-09-15,P028,C0406,R04,1,8925.0,5194.46,0.15
13037,2025-09-15,P036,C0358,R01,2,16800.0,13382.81,0.0
13173,2025-09-15,P024,C0439,R01,2,24150.0,13659.77,0.0
14355,2025-09-15,P023,C0424,R04,3,8977.5,5081.83,0.05
14507,2025-09-15,P034,C0404,R02,1,21000.0,15802.53,0.0
14656,2025-09-15,P016,C0278,R02,5,196875.0,145124.22,0.0
10444,2025-09-16,P010,C0493,R03,3,185535.0,136426.12,0.05
10615,2025-09-16,P021,C0032,R01,3,17403.75,10625.63,0.15
11227,2025-09-16,P034,C0094,R01,2,39900.0,30400.21,0.05
12220,2025-09-16,P012,C0118,R01,1,44388.75,32150.76,0.05
12867,2025-09-16,P041,C0100,R02,5,31500.0,21346.64,0.0
13012,2025-09-16,P039,C0181,R04,4,51030.0,38662.45,0.1
13435,2025-09-16,P021,C0135,R04,2,12285.0,6866.42,0.1
13502,2025-09-16,P046,C0028,R03,1,22575.0,15647.09,0.0
13598,2025-09-16,P027,C0462,R04,5,27431.25,15996.06,0.05
13683,2025-09-16,P028,C0040,R04,1,9975.0,5891.4,0.05
13937,2025-09-16,P013,C0154,R03,3,95051.25,68987.4,0.15
14149,2025-09-16,P047,C0086,R03,3,36225.0,24787.48,0.0
14206,2025-09-16,P022,C0458,R02,3,14962.5,8502.99,0.05
10654,2025-09-17,P045,C0164,R03,1,3780.0,2613.04,0.1
10766,2025-09-17,P035,C0449,R03,1,28875.0,19813.85,0.0
11573,2025-09-17,P048,C0213,R01,2,42000.0,30656.82,0.0
11712,2025-09-17,P030,C0155,R01,5,28350.0,17088.76,0.1
11799,2025-09-17,P041,C0498,R04,3,18900.0,12886.27,0.0
12290,2025-09-17,P005,C0217,R04,1,111825.0,84180.2,0.0
12500,2025-09-17,P046,C0026,R02,3,57566.25,41480.88,0.15
13242,2025-09-17,P033,C0370,R04,3,28350.0,20063.13,0.0
14073,2025-09-17,P002,C0349,R01,1,158550.0,122444.85,0.0
14167,2025-09-17,P005,C0261,R02,1,111825.0,91632.21,0.0
14413,2025-09-17,P026,C0496,R03,1,8400.0,4573.44,0.0
14564,2025-09-17,P040,C0111,R03,1,21446.25,15798.85,0.05
14628,2025-09-17,P001,C0372,R01,4,219555.0,168841.14,0.15
14699,2025-09-17,P027,C0058,R02,5,28875.0,17352.17,0.0
10111,2025-09-18,P005,C0359,R04,3,285153.75,210807.93,0.15
10313,2025-09-18,P044,C0234,R03,3,28428.75,20213.27,0.05
11008,2025-09-18,P025,C0243,R01,3,28428.75,17254.31,0.05
11439,2025-09-18,P046,C0306,R03,5,112875.0,75590.32,0.0
11631,2025-09-18,P047,C0165,R02,4,48300.0,33948.44,0.0
12127,2025-09-18,P045,C0311,R01,5,19950.0,14418.8,0.05
13022,2025-09-18,P043,C0132,R03,1,14726.25,9349.55,0.15
13470,2025-09-18,P027,C0499,R04,1,5775.0,3291.02,0.0
13493,2025-09-18,P002,C0362,R04,2,301245.0,220843.83,0.05
14726,2025-09-18,P045,C0499,R04,2,7980.0,5473.2,0.05
10488,2025-09-19,P028,C0468,R03,1,9975.0,5834.2,0.05
10753,2025-09-19,P041,C0072,R02,6,34020.0,22657.77,0.1
10903,2025-09-19,P044,C0020,R03,2,19950.0,15173.47,0.0
13596,2025-09-19,P016,C0022,R01,3,118125.0,83192.93,0.0
13607,2025-09-19,P021,C0394,R04,5,34125.0,20590.84,0.0
10009,2025-09-20,P041,C0393,R01,4,23940.0,16438.12,0.05
10538,2025-09-20,P020,C0070,R03,1,24937.5,18729.08,0.05
10545,2025-09-20,P017,C0419,R04,1,24543.75,17478.87,0.15
12513,2025-09-20,P021,C0149,R02,1,6142.5,3699.67,0.1
12698,2025-09-20,P037,C0265,R01,1,25515.0,19346.92,0.1
13838,2025-09-20,P050,C0315,R04,7,132300.0,89403.68,0.0
14207,2025-09-20,P004,C0365,R03,3,303345.0,235393.73,0.1
10906,2025-09-21,P028,C0478,R04,4,39900.0,22356.56,0.05
12603,2025-09-21,P033,C0491,R04,2,17010.0,12921.35,0.1
13036,2025-09-21,P013,C0029,R04,1,37275.0,28559.23,0.0
13270,2025-09-21,P012,C0475,R02,3,133166.25,92417.83,0.05
13304,2025-09-21,P014,C0384,R02,2,72817.5,54449.83,0.05
13635,2025-09-21,P019,C0079,R03,4,141015.0,102745.91,0.15
13949,2025-09-21,P012,C0072,R02,1,44388.75,32058.06,0.05
14024,2025-09-21,P048,C0476,R02,1,19950.0,13041.79,0.05
14287,2025-09-21,P044,C0494,R02,4,33915.0,24849.36,0.15
14624,2025-09-21,P050,C0082,R04,6,113400.0,79511.02,0.0
14853,2025-09-21,P026,C0109,R01,3,22680.0,12499.11,0.1
10049,2025-09-23,P019,C0172,R02,1,41475.0,30408.12,0.0
10253,2025-09-23,P032,C0119,R02,4,42840.0,32334.43,0.15
10784,2025-09-23,P047,C0239,R04,2,22942.5,15158.77,0.05
12395,2025-09-23,P043,C0369,R01,4,62370.0,44040.11,0.1
12625,2025-09-23,P042,C0322,R02,5,82687.5,52801.88,0.1
13340,2025-09-23,P007,C0030,R01,1,64050.0,49809.5,0.0
14027,2025-09-23,P023,C0252,R04,1,3150.0,1918.8,0.0
14904,2025-09-23,P044,C0276,R04,3,29925.0,21153.5,0.0
11028,2025-09-24,P004,C0158,R01,3,303345.0,234893.13,0.1
12103,2025-09-24,P023,C0490,R03,8,22680.0,13145.06,0.1
14873,2025-09-24,P018,C0116,R04,3,40398.75,28615.72,0.05
12488,2025-09-25,P050,C0424,R04,5,85050.0,60099.26,0.1
13167,2025-09-25,P004,C0351,R01,2,224700.0,167854.63,0.0
13393,2025-09-25,P043,C0467,R02,2,32917.5,23382.23,0.05
14086,2025-09-25,P026,C0004,R02,1,7140.0,4475.48,0.15
10123,2025-09-26,P030,C0458,R02,2,11970.0,6846.55,0.05
10277,2025-09-26,P038,C0388,R04,4,109200.0,79747.85,0.0
10491,2025-09-26,P008,C0039,R02,3,421942.5,328753.29,0.05
10911,2025-09-26,P044,C0153,R04,3,28428.75,20382.01,0.05
14049,2025-09-26,P043,C0264,R01,8,124740.0,85221.86,0.1
14142,2025-09-26,P029,C0477,R03,6,44100.0,24961.67,0.0
14968,2025-09-26,P006,C0187,R02,1,153090.0,117728.12,0.1
10085,2025-09-27,P004,C0104,R04,2,213465.0,165318.8,0.05
10090,2025-09-27,P011,C0372,R01,1,26460.0,18247.7,0.1
11561,2025-09-27,P007,C0425,R04,5,304237.5,227522.77,0.05
11713,2025-09-27,P032,C0490,R03,3,35910.0,25578.89,0.05
11853,2025-09-27,P007,C0488,R01,2,115290.0,81080.96,0.1
11964,2025-09-27,P020,C0044,R02,6,141750.0,100423.22,0.1
12807,2025-09-27,P020,C0400,R04,1,26250.0,19203.25,0.0
13298,2025-09-27,P038,C0087,R01,2,51870.0,38057.47,0.05
14019,2025-09-27,P038,C0319,R01,6,139230.0,98118.92,0.15
14506,2025-09-27,P002,C0163,R03,4,570780.0,451478.95,0.1
14813,2025-09-27,P017,C0082,R04,5,137156.25,96521.08,0.05
11508,2025-09-28,P047,C0164,R03,8,96600.0,60803.0,0.0
11783,2025-09-28,P006,C0251,R04,1,170100.0,130651.51,0.0
12017,2025-09-28,P003,C0178,R03,2,269325.0,200264.39,0.05
13428,2025-09-28,P046,C0371,R01,6,115132.5,78901.72,0.15
13542,2025-09-28,P031,C0082,R04,9,157106.25,115597.62,0.05
13870,2025-09-28,P003,C0432,R01,4,567000.0,439607.3,0.0
14321,2025-09-28,P015,C0188,R02,5,156187.5,109226.33,0.15
10910,2025-09-29,P020,C0393,R01,1,24937.5,17603.64,0.05
12258,2025-09-29,P035,C0338,R01,5,137156.25,99079.43,0.05
13260,2025-09-29,P002,C0469,R01,2,301245.0,239026.5,0.05
13434,2025-09-29,P035,C0339,R01,2,57750.0,42723.02,0.0
13672,2025-09-29,P022,C0090,R01,10,52500.0,31322.56,0.0
13734,2025-09-29,P046,C0434,R01,2,45150.0,30277.09,0.0
13798,2025-09-29,P018,C0299,R04,2,28350.0,21459.19,0.0
13861,2025-09-29,P034,C0303,R04,4,71400.0,50834.38,0.15
14854,2025-09-29,P012,C0338,R01,3,140175.0,100043.19,0.0
10209,2025-09-30,P039,C0464,R01,3,38272.5,27656.02,0.1
10369,2025-09-30,P032,C0225,R02,3,34020.0,24807.42,0.1
12328,2025-09-30,P027,C0214,R04,2,9817.5,6345.12,0.15
12682,2025-09-30,P002,C0148,R04,4,634200.0,473103.26,0.0
12750,2025-09-30,P026,C0157,R01,3,23940.0,13172.67,0.05
12960,2025-09-30,P021,C0148,R04,6,40950.0,23778.19,0.0
13137,2025-09-30,P019,C0202,R01,1,41475.0,29767.58,0.0
14267,2025-09-30,P013,C0222,R01,3,106233.75,77691.59,0.05
14269,2025-09-30,P017,C0130,R03,4,98175.0,73532.35,0.15
14977,2025-09-30,P014,C0485,R04,6,218452.5,153385.9,0.05
10160,2025-10-01,P045,C0467,R02,1,3910.0,2866.19,0.15
10337,2025-10-01,P024,C0180,R02,1,12563.75,7155.29,0.05
10859,2025-10-01,P050,C0389,R04,3,62100.0,41248.73,0.0
10937,2025-10-01,P014,C0474,R01,1,39876.25,28992.1,0.05
11123,2025-10-01,P044,C0222,R01,2,21850.0,14863.03,0.0
11213,2025-10-01,P033,C0082,R04,2,19665.0,14753.3,0.05
13084,2025-10-01,P025,C0031,R04,1,9832.5,5581.66,0.1
13310,2025-10-01,P046,C0266,R02,5,123625.0,83035.58,0.0
13333,2025-10-01,P036,C0101,R01,1,8740.0,6466.2,0.05
13619,2025-10-01,P030,C0320,R02,2,13110.0,7497.06,0.05
10056,2025-10-02,P032,C0350,R01,2,27600.0,20263.83,0.0
10352,2025-10-02,P017,C0465,R04,1,31625.0,21634.47,0.0
10509,2025-10-02,P041,C0274,R02,3,20700.0,13388.09,0.0
11688,2025-10-02,P011,C0115,R01,2,64400.0,45561.26,0.0
12996,2025-10-02,P046,C0208,R04,5,117443.75,79821.72,0.05
14511,2025-10-02,P007,C0007,R01,3,199927.5,147389.69,0.05
14641,2025-10-02,P011,C0407,R02,5,161000.0,119344.51,0.0
10917,2025-10-03,P015,C0093,R03,1,38237.5,28068.09,0.05
11411,2025-10-03,P038,C0274,R02,1,29900.0,22419.27,0.0
11427,2025-10-03,P006,C0028,R03,4,670680.0,492854.59,0.1
11485,2025-10-03,P027,C0072,R02,1,6325.0,3583.8,0.0
11591,2025-10-03,P010,C0360,R03,5,356500.0,280702.88,0.0
11627,2025-10-03,P027,C0240,R03,1,6008.75,3648.32,0.05
11943,2025-10-03,P027,C0451,R01,1,6325.0,3733.31,0.0
11993,2025-10-03,P050,C0033,R01,4,82800.0,55652.33,0.0
12164,2025-10-03,P025,C0426,R02,3,32775.0,19172.18,0.0
12778,2025-10-03,P024,C0267,R03,3,39675.0,23078.58,0.0
12809,2025-10-03,P047,C0281,R01,2,25127.5,17060.05,0.05
12861,2025-10-03,P047,C0036,R02,5,66125.0,46557.33,0.0
13740,2025-10-03,P031,C0475,R02,2,36225.0,26588.5,0.1
14057,2025-10-03,P032,C0483,R03,1,13110.0,9408.41,0.05
14077,2025-10-03,P047,C0376,R03,3,37691.25,25836.68,0.05
14878,2025-10-03,P009,C0094,R01,4,349600.0,275273.17,0.0
10200,2025-10-04,P049,C0225,R02,7,122360.0,89153.83,0.05
10248,2025-10-04,P041,C0044,R02,4,26220.0,18325.89,0.05
10703,2025-10-04,P027,C0359,R04,2,12650.0,7901.55,0.0
10881,2025-10-04,P015,C0174,R02,2,76475.0,55928.23,0.05
11011,2025-10-04,P042,C0213,R01,2,38237.5,26223.51,0.05
11296,2025-10-04,P001,C0039,R02,1,67188.75,50298.3,0.05
11435,2025-10-04,P033,C0240,R03,1,9832.5,7259.49,0.05
11593,2025-10-04,P041,C0446,R01,2,13110.0,9314.9,0.05
12176,2025-10-04,P020,C0367,R01,2,57500.0,38633.13,0.0
12210,2025-10-04,P037,C0490,R03,3,88492.5,67865.15,0.05
12665,2025-10-04,P009,C0186,R04,2,174800.0,131037.2,0.0
12724,2025-10-04,P018,C0004,R02,1,14748.75,10364.5,0.05
13512,2025-10-04,P003,C0120,R04,5,776250.0,617799.52,0.0
13568,2025-10-04,P001,C0300,R04,5,335943.75,257101.51,0.05
13955,2025-10-04,P037,C0410,R01,5,155250.0,112447.31,0.0
14304,2025-10-04,P049,C0320,R02,3,55200.0,36030.91,0.0
14485,2025-10-04,P026,C0219,R04,1,8740.0,5053.75,0.05
10142,2025-10-05,P009,C0448,R01,4,349600.0,244557.31,0.0
11081,2025-10-05,P007,C0194,R01,1,63135.0,47480.0,0.1
11089,2025-10-05,P039,C0397,R03,2,27945.0,20341.45,0.1
11646,2025-10-05,P036,C0444,R04,1,9200.0,7059.17,0.0
12376,2025-10-05,P015,C0005,R02,1,40250.0,28313.39,0.0
12541,2025-10-05,P028,C0139,R03,6,69000.0,41787.95,0.0
12825,2025-10-05,P032,C0033,R01,1,12420.0,9344.68,0.1
12987,2025-10-05,P008,C0257,R01,2,308085.0,234460.7,0.05
13064,2025-10-05,P003,C0353,R02,5,737437.5,568985.13,0.05
14596,2025-10-05,P022,C0277,R04,2,11500.0,6447.14,0.0
10443,2025-10-06,P019,C0134,R04,7,317975.0,225704.17,0.0
11878,2025-10-06,P045,C0374,R03,2,7820.0,5358.95,0.15
12022,2025-10-06,P012,C0254,R02,4,204700.0,146300.21,0.0
13324,2025-10-06,P042,C0331,R02,5,90562.5,58900.31,0.1
13264,2025-10-07,P038,C0154,R03,6,152490.0,108188.02,0.15
13540,2025-10-07,P019,C0254,R02,2,86307.5,63604.24,0.05
14022,2025-10-07,P010,C0453,R02,2,128340.0,100717.29,0.1
14316,2025-10-07,P018,C0105,R04,4,62100.0,46098.46,0.0
14318,2025-10-07,P016,C0070,R03,6,245812.5,179258.52,0.05
14634,2025-10-07,P001,C0251,R04,4,268755.0,209376.7,0.05
14985,2025-10-07,P003,C0309,R01,3,419175.0,321157.13,0.1
11245,2025-10-08,P039,C0453,R02,6,88492.5,65085.41,0.05
11730,2025-10-08,P027,C0447,R02,1,6008.75,3599.06,0.05
12147,2025-10-08,P014,C0366,R02,3,125925.0,93723.22,0.0
12594,2025-10-08,P018,C0214,R04,1,13972.5,10143.6,0.1
12632,2025-10-08,P003,C0478,R04,2,279450.0,219519.88,0.1
13220,2025-10-08,P036,C0229,R03,7,61180.0,47338.63,0.05
14010,2025-10-08,P010,C0259,R04,2,142600.0,111098.6,0.0
11801,2025-10-09,P045,C0390,R01,2,8740.0,5767.52,0.05
13285,2025-10-09,P017,C0341,R04,4,126500.0,89276.48,0.0
13675,2025-10-09,P017,C0219,R04,2,56925.0,40172.24,0.1
10976,2025-10-10,P034,C0417,R02,1,23000.0,17881.91,0.0
11235,2025-10-10,P014,C0259,R04,3,125925.0,88239.83,0.0
11661,2025-10-10,P027,C0223,R02,2,12017.5,6670.95,0.05
11762,2025-10-10,P013,C0251,R04,1,38783.75,28408.13,0.05
12851,2025-10-10,P031,C0035,R02,2,36225.0,27268.13,0.1
13642,2025-10-10,P012,C0399,R02,6,276345.0,195847.59,0.1
13801,2025-10-10,P043,C0107,R01,4,72105.0,49764.85,0.05
10451,2025-10-11,P038,C0293,R03,1,28405.0,21417.75,0.05
10692,2025-10-11,P048,C0174,R02,3,65550.0,43920.2,0.05
11986,2025-10-11,P047,C0362,R04,2,22482.5,15693.85,0.15
12118,2025-10-11,P004,C0279,R01,1,104592.5,83418.93,0.15
13576,2025-10-11,P024,C0293,R03,1,11902.5,6602.35,0.1
14963,2025-10-11,P038,C0217,R04,6,170430.0,134919.83,0.05
10041,2025-10-12,P037,C0206,R01,2,52785.0,38834.65,0.15
10092,2025-10-12,P048,C0334,R01,2,43700.0,29735.16,0.05
10133,2025-10-12,P021,C0454,R02,2,14950.0,8436.13,0.0
10181,2025-10-12,P011,C0062,R02,3,91770.0,62463.57,0.05
10398,2025-10-12,P033,C0462,R04,5,46575.0,35852.91,0.1
10717,2025-10-12,P037,C0387,R04,1,29497.5,22602.85,0.05
11202,2025-10-12,P003,C0089,R03,1,147487.5,115998.2,0.05
11324,2025-10-12,P016,C0394,R04,10,431250.0,318914.21,0.0
12038,2025-10-12,P010,C0436,R02,6,385020.0,297183.31,0.1
12451,2025-10-12,P042,C0051,R02,1,19118.75,13502.95,0.05
12700,2025-10-12,P017,C0382,R04,3,94875.0,71266.55,0.0
13054,2025-10-12,P006,C0233,R04,2,372600.0,288137.24,0.0
14194,2025-10-12,P028,C0277,R04,3,34500.0,21442.11,0.0
14737,2025-10-12,P037,C0276,R04,2,55890.0,42853.53,0.1
14796,2025-10-12,P032,C0449,R03,2,24840.0,18917.26,0.1
10377,2025-10-13,P039,C0219,R04,4,62100.0,44400.68,0.0
10552,2025-10-13,P024,C0485,R04,6,75382.5,43889.6,0.05
11085,2025-10-13,P019,C0056,R04,2,86307.5,61721.17,0.05
11305,2025-10-13,P021,C0060,R02,3,21303.75,12669.64,0.05
11604,2025-10-13,P005,C0169,R01,3,367425.0,297087.38,0.0
11698,2025-10-13,P001,C0434,R01,4,240465.0,170937.56,0.15
11925,2025-10-13,P025,C0356,R01,4,39330.0,22969.83,0.1
13191,2025-10-13,P036,C0125,R03,5,39100.0,29137.64,0.15
13225,2025-10-13,P012,C0233,R04,2,97232.5,67406.22,0.05
13679,2025-10-13,P027,C0043,R02,3,18026.25,10272.91,0.05
14085,2025-10-13,P036,C0001,R02,2,16560.0,12337.93,0.1
14531,2025-10-13,P014,C0373,R01,6,214072.5,153013.81,0.15
10080,2025-10-14,P041,C0380,R04,2,13110.0,8775.88,0.05
11239,2025-10-14,P030,C0191,R02,1,6210.0,3565.7,0.1
11465,2025-10-14,P009,C0385,R01,7,520030.0,384280.59,0.15
12212,2025-10-14,P039,C0114,R02,3,46575.0,34016.27,0.0
12537,2025-10-14,P046,C0482,R02,2,49450.0,33314.06,0.0
12731,2025-10-14,P044,C0314,R03,1,10378.75,7355.46,0.05
13011,2025-10-14,P043,C0298,R04,5,85387.5,62230.55,0.1
14454,2025-10-14,P039,C0130,R03,6,93150.0,70855.1,0.0
10198,2025-10-15,P046,C0462,R04,1,23488.75,15059.4,0.05
11450,2025-10-15,P014,C0026,R02,3,113332.5,81026.07,0.1
11874,2025-10-15,P026,C0273,R02,4,34960.0,19797.17,0.05
11893,2025-10-15,P034,C0346,R03,2,41400.0,29408.71,0.1
12081,2025-10-15,P049,C0131,R01,4,73600.0,53738.05,0.0
12151,2025-10-15,P045,C0326,R04,1,4370.0,2906.93,0.05
12300,2025-10-15,P046,C0130,R03,3,70466.25,48367.72,0.05
12438,2025-10-15,P025,C0010,R04,1,10378.75,6100.86,0.05
12663,2025-10-15,P012,C0268,R01,2,97232.5,69797.17,0.05
12759,2025-10-15,P041,C0348,R03,3,19665.0,13909.16,0.05
13119,2025-10-15,P020,C0411,R02,6,155250.0,110769.3,0.1
13979,2025-10-15,P041,C0496,R03,5,34500.0,23830.3,0.0
14058,2025-10-15,P012,C0218,R03,4,204700.0,152791.08,0.0
14554,2025-10-15,P044,C0370,R04,5,51893.75,35507.73,0.05
14617,2025-10-15,P039,C0073,R02,2,31050.0,23280.43,0.0
11162,2025-10-16,P012,C0042,R01,2,97232.5,69618.28,0.05
12356,2025-10-16,P008,C0289,R04,2,324300.0,245965.35,0.0
12684,2025-10-16,P025,C0291,R04,5,54625.0,30521.19,0.0
13175,2025-10-16,P032,C0478,R04,5,69000.0,53348.85,0.0
13190,2025-10-16,P040,C0076,R02,9,211398.75,161082.23,0.05
13421,2025-10-16,P034,C0227,R03,1,21850.0,15748.73,0.05
13790,2025-10-16,P045,C0209,R04,5,20700.0,15020.74,0.1
14020,2025-10-16,P015,C0015,R04,2,76475.0,58636.28,0.05
14028,2025-10-16,P021,C0248,R04,1,7475.0,4465.8,0.0
14685,2025-10-16,P024,C0340,R02,2,25127.5,15158.18,0.05
14696,2025-10-16,P008,C0378,R02,2,324300.0,251374.61,0.0
14931,2025-10-16,P028,C0258,R04,1,10925.0,5893.22,0.05
10813,2025-10-17,P012,C0212,R01,4,184230.0,137856.35,0.1
11655,2025-10-17,P018,C0404,R02,1,15525.0,11294.39,0.0
11929,2025-10-17,P011,C0148,R04,6,164220.0,117390.4,0.15
12678,2025-10-17,P008,C0061,R02,6,924255.0,709169.97,0.05
12863,2025-10-17,P032,C0346,R03,3,35190.0,26968.47,0.15
12933,2025-10-17,P049,C0042,R01,5,87400.0,57337.81,0.05
14339,2025-10-17,P016,C0267,R03,1,43125.0,31061.0,0.0
14622,2025-10-17,P026,C0302,R03,3,27600.0,16496.7,0.0
14669,2025-10-17,P031,C0346,R03,1,19118.75,14122.93,0.05
10002,2025-10-18,P025,C0025,R01,6,65550.0,39200.91,0.0
10275,2025-10-18,P007,C0412,R01,2,126270.0,96745.24,0.1
10605,2025-10-18,P021,C0392,R03,3,22425.0,13640.78,0.0
10869,2025-10-18,P050,C0277,R04,2,39330.0,26575.06,0.05
11780,2025-10-18,P022,C0137,R04,2,11500.0,6795.06,0.0
12173,2025-10-18,P016,C0455,R04,1,40968.75,28955.82,0.05
12997,2025-10-18,P021,C0172,R02,6,44850.0,27770.35,0.0
13204,2025-10-18,P047,C0397,R03,1,11241.25,7964.51,0.15
13879,2025-10-18,P013,C0496,R03,6,232702.5,169162.01,0.05
14031,2025-10-18,P046,C0161,R04,5,123625.0,82191.27,0.0
14170,2025-10-18,P022,C0050,R01,2,11500.0,6706.82,0.0
14292,2025-10-18,P016,C0009,R04,6,258750.0,192957.65,0.0
14451,2025-10-18,P001,C0107,R01,2,120232.5,92569.21,0.15
14916,2025-10-18,P005,C0205,R01,3,330682.5,237854.73,0.1
11344,2025-10-19,P004,C0187,R02,1,116897.5,87397.06,0.05
11503,2025-10-19,P020,C0181,R04,3,81937.5,59087.2,0.05
13030,2025-10-19,P016,C0443,R04,2,81937.5,59120.67,0.05
13387,2025-10-19,P034,C0312,R03,2,43700.0,35494.4,0.05
13430,2025-10-19,P023,C0260,R01,2,6555.0,3782.44,0.05
14025,2025-10-19,P027,C0361,R02,4,25300.0,13958.42,0.0
14130,2025-10-19,P048,C0380,R04,2,43700.0,28894.56,0.05
14923,2025-10-19,P017,C0104,R04,4,120175.0,81965.2,0.05
10626,2025-10-20,P004,C0485,R04,3,350692.5,282714.62,0.05
11640,2025-10-20,P038,C0083,R04,3,89700.0,65187.56,0.0
12180,2025-10-20,P048,C0357,R02,2,43700.0,29987.97,0.05
14539,2025-10-20,P042,C0304,R01,4,80500.0,57821.46,0.0
10293,2025-10-21,P044,C0331,R02,1,10925.0,7968.96,0.0
10631,2025-10-21,P003,C0361,R02,5,776250.0,618778.4,0.0
11262,2025-10-21,P017,C0038,R04,1,30043.75,21303.44,0.05
11364,2025-10-21,P005,C0199,R01,5,520518.75,396554.94,0.15
12379,2025-10-21,P041,C0045,R01,2,12420.0,8104.17,0.1
12490,2025-10-21,P014,C0126,R02,1,39876.25,28722.55,0.05
12925,2025-10-21,P043,C0429,R04,3,56925.0,39209.51,0.0
13982,2025-10-21,P034,C0217,R04,3,65550.0,50227.88,0.05
10003,2025-10-22,P031,C0115,R01,4,76475.0,58067.87,0.05
10171,2025-10-22,P002,C0398,R01,1,156285.0,115461.31,0.1
10493,2025-10-22,P040,C0357,R02,1,23488.75,17305.44,0.05
10894,2025-10-22,P019,C0487,R04,3,129461.25,96319.4,0.05
10962,2025-10-22,P038,C0303,R04,1,28405.0,21245.18,0.05
11310,2025-10-22,P028,C0304,R01,4,43700.0,24205.2,0.05
11752,2025-10-22,P027,C0322,R02,1,6325.0,3602.25,0.0
11800,2025-10-22,P043,C0030,R01,9,162236.25,106881.64,0.05
11920,2025-10-22,P029,C0403,R03,2,14490.0,8411.85,0.1
11948,2025-10-22,P006,C0100,R02,1,176985.0,130898.07,0.05
12399,2025-10-22,P032,C0074,R02,3,39330.0,30431.02,0.05
12413,2025-10-22,P032,C0473,R02,2,27600.0,19286.09,0.0
13041,2025-10-22,P050,C0328,R01,3,62100.0,40248.54,0.0
13055,2025-10-22,P036,C0007,R01,4,34960.0,26443.26,0.05
13236,2025-10-22,P039,C0079,R03,2,31050.0,23955.63,0.0
13396,2025-10-22,P036,C0319,R01,2,16560.0,13267.38,0.1
13406,2025-10-22,P036,C0209,R04,7,61180.0,44189.75,0.05
13464,2025-10-22,P049,C0042,R01,2,34960.0,24148.67,0.05
13468,2025-10-22,P025,C0045,R01,3,31136.25,16521.49,0.05
14297,2025-10-22,P001,C0474,R01,8,537510.0,424176.98,0.05
14379,2025-10-22,P037,C0165,R02,1,26392.5,19464.04,0.15
10375,2025-10-23,P039,C0165,R02,3,46575.0,33101.13,0.0
10569,2025-10-23,P042,C0093,R03,2,38237.5,26295.37,0.05
10625,2025-10-23,P024,C0319,R01,1,12563.75,7227.65,0.05
11446,2025-10-23,P028,C0353,R02,5,57500.0,33277.09,0.0
11795,2025-10-23,P006,C0205,R01,1,167670.0,126202.57,0.1
12317,2025-10-23,P024,C0296,R04,3,39675.0,22315.9,0.0
10485,2025-10-24,P029,C0076,R02,9,65205.0,32713.5,0.1
11353,2025-10-24,P028,C0160,R04,2,20700.0,11896.68,0.1
11495,2025-10-24,P020,C0440,R04,4,103500.0,73916.42,0.1
11887,2025-10-24,P021,C0453,R02,4,29900.0,17070.78,0.0
12251,2025-10-24,P018,C0228,R02,1,15525.0,11550.76,0.0
12429,2025-10-24,P026,C0215,R01,2,18400.0,10696.04,0.0
13026,2025-10-24,P023,C0132,R03,6,18630.0,10066.86,0.1
13170,2025-10-24,P021,C0149,R02,1,7475.0,4274.21,0.0
13489,2025-10-24,P042,C0148,R04,1,19118.75,13401.73,0.05
13699,2025-10-24,P016,C0349,R01,2,81937.5,56933.98,0.05
13813,2025-10-24,P040,C0369,R01,5,111262.5,81536.99,0.1
10876,2025-10-25,P020,C0277,R04,1,27312.5,20132.73,0.05
10905,2025-10-25,P043,C0017,R01,1,18975.0,12018.59,0.0
10979,2025-10-25,P009,C0011,R02,1,83030.0,59725.12,0.05
11493,2025-10-25,P015,C0493,R03,2,72450.0,50730.49,0.1
11936,2025-10-25,P026,C0118,R01,2,17480.0,9778.63,0.05
12414,2025-10-25,P048,C0198,R03,6,138000.0,97188.53,0.0
12695,2025-10-25,P023,C0231,R02,2,6900.0,3928.39,0.0
12714,2025-10-25,P011,C0229,R03,4,128800.0,92232.6,0.0
12772,2025-10-25,P040,C0401,R03,7,173075.0,123579.68,0.0
13003,2025-10-25,P039,C0208,R04,5,73743.75,54137.27,0.05
13176,2025-10-25,P032,C0003,R04,5,58650.0,45927.42,0.15
14712,2025-10-25,P021,C0227,R03,2,13455.0,8006.87,0.1
10525,2025-10-26,P050,C0184,R03,6,105570.0,72932.43,0.15
10720,2025-10-26,P032,C0097,R04,5,69000.0,50965.08,0.0
11012,2025-10-26,P014,C0055,R03,1,41975.0,30090.69,0.0
11535,2025-10-26,P015,C0012,R03,2,72450.0,52613.53,0.1
11718,2025-10-26,P045,C0001,R02,2,9200.0,6423.68,0.0
12248,2025-10-26,P020,C0314,R03,6,155250.0,120429.21,0.1
12260,2025-10-26,P036,C0132,R03,5,46000.0,35923.78,0.0
12623,2025-10-26,P005,C0007,R01,1,122475.0,94701.28,0.0
13475,2025-10-26,P009,C0435,R04,4,314640.0,235166.2,0.1
14129,2025-10-26,P024,C0325,R03,2,23805.0,13856.57,0.1
14770,2025-10-26,P043,C0081,R02,1,18026.25,12473.36,0.05
10696,2025-10-27,P034,C0282,R01,3,65550.0,46335.56,0.05
11087,2025-10-27,P032,C0203,R04,1,13110.0,10366.29,0.05
11178,2025-10-27,P014,C0086,R03,4,159505.0,108654.86,0.05
11545,2025-10-27,P014,C0465,R04,2,79752.5,56215.6,0.05
12011,2025-10-27,P024,C0418,R04,2,26450.0,14944.36,0.0
12830,2025-10-27,P014,C0330,R03,3,125925.0,87745.68,0.0
12840,2025-10-27,P021,C0158,R01,1,6727.5,3937.03,0.1
13049,2025-10-27,P046,C0076,R02,1,24725.0,17475.37,0.0
13569,2025-10-27,P023,C0299,R04,3,10350.0,5897.66,0.0
14293,2025-10-27,P023,C0102,R03,2,6555.0,3795.95,0.05
14989,2025-10-27,P009,C0224,R01,2,174800.0,123886.56,0.0
11255,2025-10-28,P043,C0148,R04,1,17077.5,12539.21,0.1
11274,2025-10-28,P001,C0181,R04,3,180348.75,134421.3,0.15
12110,2025-10-28,P050,C0392,R03,3,62100.0,42230.01,0.0
12859,2025-10-28,P022,C0480,R01,3,17250.0,9746.25,0.0
13297,2025-10-28,P023,C0447,R02,3,9315.0,5222.84,0.1
13526,2025-10-28,P047,C0477,R03,4,52900.0,34222.52,0.0
13594,2025-10-28,P013,C0159,R04,6,244950.0,172129.37,0.0
13735,2025-10-28,P046,C0289,R04,1,23488.75,15078.68,0.05
14113,2025-10-28,P026,C0079,R03,2,16560.0,10004.92,0.1
14223,2025-10-28,P046,C0121,R02,2,49450.0,34104.28,0.0
14249,2025-10-28,P009,C0483,R03,2,166060.0,128461.79,0.05
10215,2025-10-29,P004,C0239,R04,3,369150.0,280616.15,0.0
12035,2025-10-29,P045,C0088,R04,2,9200.0,6381.64,0.0
12831,2025-10-29,P044,C0463,R03,1,10378.75,7219.02,0.05
13067,2025-10-29,P037,C0286,R04,3,83835.0,59815.92,0.1
13566,2025-10-29,P013,C0082,R04,6,220455.0,152661.6,0.1
14160,2025-10-29,P019,C0312,R03,3,129461.25,94137.35,0.05
14201,2025-10-29,P004,C0499,R04,2,246100.0,184227.63,0.0
14338,2025-10-29,P018,C0058,R02,6,93150.0,70874.65,0.0
11034,2025-10-30,P042,C0394,R04,4,72450.0,50578.21,0.1
11051,2025-10-30,P046,C0228,R02,4,93955.0,63859.44,0.05
12654,2025-10-30,P013,C0112,R02,1,38783.75,29113.83,0.05
13153,2025-10-30,P002,C0040,R04,4,694600.0,532024.04,0.0
13496,2025-10-30,P017,C0410,R01,3,94875.0,69304.97,0.0
10385,2025-10-31,P020,C0393,R01,2,51750.0,37441.82,0.1
10482,2025-10-31,P020,C0336,R04,2,57500.0,41757.54,0.0
11345,2025-10-31,P037,C0335,R04,2,52785.0,39343.18,0.15
11577,2025-10-31,P047,C0409,R03,3,39675.0,26524.17,0.0
11813,2025-10-31,P004,C0157,R01,3,313777.5,242909.37,0.15
12280,2025-10-31,P024,C0026,R02,5,66125.0,35173.94,0.0
12762,2025-10-31,P033,C0103,R01,5,43987.5,33383.07,0.15
13901,2025-10-31,P046,C0483,R03,1,22252.5,15759.47,0.1
14789,2025-10-31,P043,C0392,R03,3,51232.5,34511.67,0.1
10180,2025-11-01,P026,C0152,R03,3,31200.0,17538.98,0.0
10996,2025-11-01,P021,C0334,R01,6,48165.0,27802.7,0.05
11542,2025-11-01,P010,C0191,R02,5,342550.0,243497.67,0.15
12058,2025-11-01,P005,C0441,R02,1,131527.5,99238.94,0.05
12139,2025-11-01,P019,C0335,R04,6,292695.0,210551.83,0.05
12403,2025-11-01,P034,C0398,R01,6,148200.0,115791.17,0.05
13604,2025-11-01,P034,C0394,R04,1,26000.0,19013.77,0.0
10999,2025-11-02,P002,C0015,R04,5,981500.0,779328.64,0.0
11905,2025-11-02,P010,C0146,R02,4,306280.0,238909.52,0.05
12057,2025-11-02,P012,C0068,R01,1,57850.0,40828.55,0.0
13472,2025-11-02,P013,C0316,R04,3,117682.5,84283.36,0.15
13609,2025-11-02,P011,C0171,R04,3,109200.0,79030.48,0.0
13918,2025-11-02,P037,C0256,R03,1,31590.0,22742.55,0.1
14275,2025-11-02,P027,C0269,R04,6,36465.0,20160.74,0.15
11016,2025-11-03,P022,C0252,R04,3,19500.0,11552.43,0.0
11765,2025-11-03,P027,C0118,R01,4,24310.0,13273.7,0.15
11985,2025-11-03,P013,C0114,R02,2,83070.0,59387.01,0.1
12950,2025-11-03,P011,C0327,R01,2,65520.0,46052.59,0.1
13394,2025-11-03,P014,C0384,R02,2,80665.0,55520.39,0.15
14373,2025-11-03,P007,C0307,R04,1,67405.0,50560.57,0.15
14420,2025-11-03,P033,C0248,R04,3,35100.0,26048.89,0.0
14475,2025-11-03,P015,C0182,R01,6,273000.0,185116.61,0.0
14618,2025-11-03,P008,C0425,R04,4,696540.0,563204.8,0.05
10670,2025-11-04,P001,C0480,R01,3,239850.0,185221.92,0.0
11220,2025-11-04,P047,C0383,R01,5,67275.0,48571.29,0.1
11226,2025-11-04,P011,C0335,R04,5,172900.0,121145.43,0.05
11580,2025-11-04,P022,C0031,R04,5,30875.0,18445.17,0.05
11952,2025-11-04,P015,C0452,R03,5,227500.0,163364.99,0.0
12156,2025-11-04,P024,C0173,R04,3,42607.5,22678.91,0.05
12232,2025-11-04,P012,C0423,R04,2,109915.0,77423.82,0.05
13467,2025-11-04,P018,C0415,R01,2,35100.0,24911.87,0.0
14239,2025-11-04,P050,C0189,R04,6,126360.0,89194.86,0.1
14274,2025-11-04,P023,C0322,R02,1,3705.0,1939.33,0.05
14394,2025-11-04,P032,C0100,R02,2,28080.0,21207.56,0.1
14920,2025-11-04,P046,C0063,R04,3,75465.0,51582.94,0.1
14999,2025-11-04,P013,C0219,R04,2,92300.0,65810.79,0.0
11026,2025-11-05,P022,C0311,R01,4,26000.0,14341.07,0.0
11076,2025-11-05,P005,C0413,R01,2,263055.0,199148.05,0.05
11748,2025-11-05,P038,C0494,R02,4,121680.0,86345.23,0.1
12031,2025-11-05,P044,C0500,R03,2,22230.0,14925.43,0.1
12292,2025-11-05,P042,C0220,R03,2,45500.0,29709.31,0.0
12755,2025-11-05,P004,C0448,R01,2,264290.0,203225.75,0.05
13033,2025-11-05,P033,C0268,R01,1,11115.0,8302.53,0.05
13369,2025-11-05,P024,C0458,R02,2,25415.0,14432.44,0.15
13538,2025-11-05,P018,C0423,R04,2,35100.0,24190.78,0.0
13554,2025-11-05,P045,C0226,R02,1,5200.0,3675.38,0.0
13685,2025-11-05,P027,C0235,R04,2,13585.0,7011.43,0.05
13710,2025-11-05,P031,C0041,R02,1,22750.0,16772.34,0.0
13839,2025-11-05,P044,C0169,R01,4,49400.0,32718.68,0.0
14252,2025-11-05,P025,C0117,R01,1,11732.5,6296.55,0.05
10326,2025-11-06,P021,C0291,R04,1,8027.5,4557.99,0.05
10374,2025-11-06,P018,C0068,R01,5,87750.0,64430.88,0.0
10628,2025-11-06,P039,C0026,R02,1,16672.5,13221.45,0.05
11810,2025-11-06,P020,C0361,R02,3,92625.0,68428.93,0.05
11942,2025-11-06,P045,C0046,R04,1,4940.0,3410.69,0.05
12614,2025-11-06,P016,C0006,R01,4,185250.0,137165.71,0.05
12798,2025-11-06,P034,C0475,R02,1,23400.0,17561.27,0.1
12839,2025-11-06,P031,C0239,R04,1,20475.0,14155.22,0.1
14756,2025-11-06,P031,C0380,R04,4,86450.0,63956.72,0.05
10308,2025-11-07,P050,C0177,R02,1,22230.0,14815.56,0.05
10652,2025-11-07,P034,C0252,R04,2,49400.0,35607.58,0.05
10685,2025-11-07,P030,C0096,R01,6,46800.0,26588.93,0.0
11872,2025-11-07,P019,C0027,R03,6,308100.0,218557.34,0.0
12396,2025-11-07,P017,C0147,R02,2,60775.0,45286.03,0.15
12454,2025-11-07,P035,C0083,R04,6,203775.0,147604.7,0.05
12994,2025-11-07,P001,C0209,R04,2,151905.0,108054.42,0.05
14065,2025-11-07,P043,C0200,R03,6,128700.0,89083.85,0.0
14191,2025-11-07,P010,C0106,R02,1,68510.0,51043.94,0.15
14535,2025-11-07,P004,C0354,R01,2,236470.0,186150.19,0.15
14802,2025-11-07,P003,C0302,R03,6,1000350.0,775212.43,0.05
10237,2025-11-08,P040,C0436,R02,1,25155.0,19240.4,0.1
10319,2025-11-08,P050,C0404,R02,3,66690.0,48235.92,0.05
11002,2025-11-08,P015,C0343,R04,1,40950.0,29949.09,0.1
11650,2025-11-08,P043,C0128,R01,2,40755.0,26926.67,0.05
12791,2025-11-08,P020,C0021,R03,5,162500.0,113394.0,0.0
13117,2025-11-08,P034,C0491,R04,2,52000.0,40296.64,0.0
13202,2025-11-08,P005,C0041,R02,6,830700.0,613620.09,0.0
13704,2025-11-08,P015,C0323,R01,2,91000.0,66931.8,0.0
14055,2025-11-08,P047,C0373,R01,1,14202.5,9063.3,0.05
14305,2025-11-08,P034,C0029,R04,2,52000.0,36850.96,0.0
14869,2025-11-08,P021,C0276,R04,2,15210.0,9117.83,0.1
10889,2025-11-09,P044,C0318,R02,1,11115.0,7553.4,0.1
13725,2025-11-09,P037,C0162,R03,1,33345.0,24172.43,0.05
14412,2025-11-09,P001,C0106,R02,1,71955.0,51979.81,0.1
14720,2025-11-09,P003,C0007,R01,1,175500.0,131742.35,0.0
11521,2025-11-10,P022,C0373,R01,3,18525.0,10533.73,0.05
12989,2025-11-10,P043,C0004,R02,2,42900.0,28633.13,0.0
13179,2025-11-10,P003,C0114,R02,2,333450.0,255894.29,0.05
13795,2025-11-10,P019,C0237,R02,2,92430.0,64901.18,0.1
14087,2025-11-10,P018,C0464,R01,5,78975.0,54784.9,0.1
14494,2025-11-10,P026,C0289,R04,2,18720.0,10901.82,0.1
10627,2025-11-11,P014,C0014,R04,4,180310.0,125296.36,0.05
11208,2025-11-11,P006,C0128,R01,1,200070.0,148251.41,0.05
12129,2025-11-11,P003,C0211,R04,2,333450.0,255177.85,0.05
12751,2025-11-11,P009,C0263,R02,5,469300.0,359223.12,0.05
12857,2025-11-11,P013,C0060,R02,4,175370.0,129202.16,0.05
13293,2025-11-11,P010,C0028,R03,4,290160.0,233605.39,0.1
14514,2025-11-11,P044,C0331,R02,2,20995.0,13770.47,0.15
11587,2025-11-12,P015,C0177,R02,1,45500.0,32148.05,0.0
11619,2025-11-12,P033,C0119,R02,6,59670.0,45584.61,0.15
12767,2025-11-12,P026,C0066,R02,5,46800.0,29686.98,0.1
13045,2025-11-12,P016,C0038,R04,6,263250.0,194805.54,0.1
14470,2025-11-12,P047,C0300,R04,2,26910.0,18781.91,0.1
14657,2025-11-12,P029,C0470,R04,6,49140.0,29164.58,0.1
10812,2025-11-13,P044,C0005,R02,1,11732.5,7767.09,0.05
11454,2025-11-13,P010,C0183,R03,1,80600.0,58434.79,0.0
11901,2025-11-13,P031,C0497,R01,1,22750.0,17061.51,0.0
12372,2025-11-13,P001,C0283,R04,6,407745.0,304148.81,0.15
13095,2025-11-13,P023,C0186,R04,4,14820.0,8350.61,0.05
13567,2025-11-13,P023,C0191,R02,1,3705.0,2288.37,0.05
13666,2025-11-13,P042,C0474,R01,2,38675.0,25686.12,0.15
13842,2025-11-13,P002,C0412,R01,1,186485.0,148280.73,0.05
10047,2025-11-14,P005,C0056,R04,9,1246050.0,933619.39,0.0
10165,2025-11-14,P009,C0173,R04,3,251940.0,193367.82,0.15
10411,2025-11-14,P039,C0441,R02,2,35100.0,27661.98,0.0
10655,2025-11-14,P048,C0239,R04,4,104000.0,78000.22,0.0
12433,2025-11-14,P005,C0178,R03,6,747630.0,554024.6,0.1
13294,2025-11-14,P002,C0448,R01,6,1177800.0,890578.15,0.0
13465,2025-11-14,P049,C0337,R03,2,37440.0,26522.55,0.1
11010,2025-11-15,P014,C0103,R01,3,135232.5,93182.64,0.05
11272,2025-11-15,P001,C0347,R03,5,379762.5,294828.71,0.05
11341,2025-11-15,P041,C0415,R01,2,14820.0,9426.06,0.05
11906,2025-11-15,P038,C0450,R01,2,64220.0,49423.61,0.05
12296,2025-11-15,P012,C0186,R04,1,57850.0,41020.73,0.0
12480,2025-11-15,P003,C0299,R04,1,175500.0,130300.25,0.0
13636,2025-11-15,P024,C0131,R01,4,56810.0,32427.39,0.05
11233,2025-11-16,P019,C0417,R02,1,48782.5,33387.65,0.05
11856,2025-11-16,P031,C0265,R01,1,21612.5,15677.9,0.05
12250,2025-11-16,P047,C0304,R01,6,89700.0,61038.58,0.0
13381,2025-11-16,P009,C0428,R02,1,98800.0,73394.06,0.0
13966,2025-11-16,P037,C0009,R04,3,89505.0,65797.12,0.15
14107,2025-11-16,P038,C0423,R04,5,169000.0,117157.76,0.0
14614,2025-11-16,P023,C0060,R02,4,14820.0,8651.51,0.05
14797,2025-11-16,P034,C0165,R02,4,88400.0,66232.63,0.15
10169,2025-11-17,P001,C0371,R01,9,647595.0,476613.79,0.1
10348,2025-11-17,P027,C0226,R02,3,20377.5,11474.07,0.05
10751,2025-11-17,P037,C0074,R02,3,94770.0,67361.01,0.1
10920,2025-11-17,P019,C0036,R02,3,146347.5,105321.82,0.05
11074,2025-11-17,P034,C0347,R03,3,78000.0,61705.72,0.0
11091,2025-11-17,P009,C0080,R04,3,296400.0,217594.63,0.0
12452,2025-11-17,P035,C0210,R02,3,101887.5,79810.84,0.05
12453,2025-11-17,P011,C0030,R01,1,34580.0,24508.59,0.05
12650,2025-11-17,P007,C0026,R02,4,269620.0,202413.73,0.15
13579,2025-11-17,P050,C0069,R01,1,21060.0,15145.84,0.1
13613,2025-11-17,P013,C0385,R01,2,83070.0,61640.35,0.1
13721,2025-11-17,P020,C0024,R04,6,185250.0,132290.37,0.05
14549,2025-11-17,P020,C0223,R02,3,92625.0,66885.11,0.05
14799,2025-11-17,P040,C0186,R04,2,53105.0,40280.52,0.05
10121,2025-11-18,P026,C0453,R02,3,31200.0,17442.35,0.0
10258,2025-11-18,P032,C0495,R02,5,78000.0,57682.98,0.0
10452,2025-11-18,P010,C0482,R02,7,507780.0,378560.21,0.1
11148,2025-11-18,P002,C0316,R04,5,981500.0,739141.41,0.0
11884,2025-11-18,P040,C0401,R03,4,106210.0,79085.7,0.05
11914,2025-11-18,P044,C0020,R03,2,20995.0,13577.94,0.15
10182,2025-11-19,P028,C0220,R03,4,52000.0,30746.41,0.0
10477,2025-11-19,P044,C0353,R02,1,11115.0,7566.05,0.1
11078,2025-11-19,P027,C0083,R04,1,7150.0,4103.33,0.0
11672,2025-11-19,P007,C0018,R03,1,75335.0,58278.57,0.05
12402,2025-11-19,P020,C0385,R01,4,130000.0,98398.55,0.0
13319,2025-11-19,P034,C0115,R01,3,70200.0,57403.2,0.1
14659,2025-11-19,P006,C0186,R04,2,400140.0,308821.29,0.05
10465,2025-11-20,P038,C0192,R01,4,121680.0,91481.1,0.1
10506,2025-11-20,P008,C0188,R02,1,183300.0,136730.95,0.0
12189,2025-11-20,P003,C0496,R03,5,833625.0,636769.94,0.05
12954,2025-11-20,P036,C0092,R01,2,18720.0,13916.78,0.1
13224,2025-11-20,P031,C0373,R01,1,22750.0,17606.32,0.0
13939,2025-11-20,P007,C0146,R02,1,79300.0,61148.65,0.0
14132,2025-11-20,P002,C0228,R02,2,372970.0,277530.74,0.05
10162,2025-11-21,P030,C0259,R04,2,14820.0,7839.46,0.05
10844,2025-11-21,P049,C0189,R04,6,124800.0,80242.25,0.0
11216,2025-11-21,P037,C0012,R03,2,63180.0,45159.04,0.1
12532,2025-11-21,P031,C0355,R01,4,91000.0,61771.97,0.0
13132,2025-11-21,P033,C0256,R03,1,11115.0,8422.34,0.05
13995,2025-11-21,P020,C0004,R02,2,65000.0,47083.8,0.0
14045,2025-11-21,P002,C0156,R01,4,745940.0,596780.82,0.05
14089,2025-11-21,P029,C0187,R02,2,17290.0,9738.7,0.05
14145,2025-11-21,P011,C0099,R03,3,103740.0,73227.56,0.05
10811,2025-11-22,P047,C0467,R02,3,42607.5,28865.29,0.05
11554,2025-11-22,P017,C0059,R04,1,30387.5,21778.89,0.15
11588,2025-11-22,P026,C0062,R02,1,10400.0,5932.9,0.0
12182,2025-11-22,P017,C0279,R01,2,67925.0,52038.62,0.05
12525,2025-11-22,P037,C0185,R01,1,33345.0,25133.64,0.05
12667,2025-11-22,P016,C0261,R02,1,41437.5,28735.74,0.15
13677,2025-11-22,P023,C0475,R02,3,10530.0,6125.78,0.1
10035,2025-11-23,P031,C0308,R04,1,21612.5,15102.94,0.05
10116,2025-11-23,P021,C0219,R04,1,8027.5,4430.38,0.05
11349,2025-11-23,P025,C0174,R02,1,11732.5,7128.13,0.05
11448,2025-11-23,P001,C0384,R02,2,143910.0,112297.64,0.1
11582,2025-11-23,P049,C0335,R04,3,53040.0,37644.24,0.15
12036,2025-11-23,P035,C0238,R04,1,32175.0,24521.68,0.1
13311,2025-11-23,P009,C0308,R04,1,98800.0,74491.35,0.0
13389,2025-11-23,P015,C0055,R03,6,245700.0,180962.19,0.1
14938,2025-11-23,P016,C0369,R01,6,292500.0,207001.99,0.0
12965,2025-11-24,P041,C0115,R01,1,7020.0,4655.0,0.1
10278,2025-11-25,P007,C0432,R01,2,134810.0,101543.36,0.15
10831,2025-11-25,P018,C0018,R03,4,70200.0,51714.7,0.0
11658,2025-11-25,P039,C0260,R01,5,74587.5,51527.62,0.15
11809,2025-11-25,P025,C0082,R04,2,23465.0,13338.13,0.05
14161,2025-11-25,P023,C0117,R01,9,31590.0,18320.77,0.1
14385,2025-11-25,P004,C0341,R04,2,236470.0,169201.62,0.15
14590,2025-11-25,P045,C0057,R04,5,24700.0,17341.56,0.05
14662,2025-11-25,P035,C0135,R04,5,178750.0,135937.19,0.0
14902,2025-11-25,P007,C0043,R02,1,71370.0,52505.77,0.1
10048,2025-11-26,P005,C0373,R01,4,526110.0,385368.14,0.05
13407,2025-11-26,P016,C0157,R01,1,41437.5,29964.19,0.15
13552,2025-11-26,P025,C0460,R02,4,46930.0,26555.16,0.05
14541,2025-11-26,P032,C0161,R04,2,28080.0,21348.19,0.1
14771,2025-11-26,P031,C0051,R02,1,19337.5,15475.54,0.15
14888,2025-11-26,P027,C0498,R04,1,6792.5,3708.73,0.05
10067,2025-11-27,P015,C0179,R04,3,129675.0,92721.41,0.05
10759,2025-11-27,P019,C0179,R04,2,102700.0,73493.01,0.0
11050,2025-11-27,P013,C0478,R04,2,92300.0,65767.33,0.0
11109,2025-11-27,P035,C0010,R04,1,35750.0,27046.21,0.0
12613,2025-11-27,P027,C0203,R04,3,18232.5,10267.03,0.15
10523,2025-11-28,P042,C0053,R01,1,22750.0,15980.28,0.0
10798,2025-11-28,P003,C0421,R04,4,666900.0,497330.96,0.05
11880,2025-11-28,P048,C0315,R04,3,78000.0,51622.1,0.0
12240,2025-11-28,P040,C0134,R04,2,47515.0,35962.13,0.15
12463,2025-11-28,P006,C0343,R04,1,210600.0,168764.84,0.0
12619,2025-11-28,P016,C0361,R02,1,46312.5,32693.78,0.05
12696,2025-11-28,P006,C0187,R02,4,758160.0,558540.04,0.1
14407,2025-11-28,P036,C0269,R04,2,20800.0,16173.03,0.0
14474,2025-11-28,P011,C0413,R01,1,36400.0,26031.11,0.0
12377,2025-11-29,P017,C0269,R04,4,128700.0,91766.18,0.1
12425,2025-11-29,P034,C0147,R02,2,46800.0,34631.29,0.1
12524,2025-11-29,P007,C0083,R04,1,71370.0,50289.63,0.1
12615,2025-11-29,P044,C0370,R04,2,22230.0,14606.02,0.1
12822,2025-11-29,P040,C0157,R01,5,132762.5,102261.48,0.05
13400,2025-11-29,P011,C0061,R02,2,69160.0,47257.33,0.05
13737,2025-11-29,P039,C0325,R03,3,52650.0,39032.42,0.0
14625,2025-11-29,P012,C0414,R04,11,636350.0,440003.44,0.0
10001,2025-11-30,P022,C0340,R02,4,26000.0,15716.09,0.0
10139,2025-11-30,P025,C0460,R02,1,11115.0,6463.82,0.1
10343,2025-11-30,P026,C0063,R04,3,29640.0,15615.02,0.05
11105,2025-11-30,P021,C0380,R04,5,38025.0,22071.43,0.1
11444,2025-11-30,P015,C0099,R03,4,172900.0,126056.25,0.05
11858,2025-11-30,P040,C0302,R03,4,100620.0,72067.1,0.1
12162,2025-11-30,P048,C0199,R01,3,78000.0,51553.58,0.0
12910,2025-11-30,P022,C0295,R02,3,19500.0,11256.84,0.0
13742,2025-11-30,P018,C0360,R03,5,78975.0,56255.74,0.1
13865,2025-11-30,P028,C0144,R01,5,55250.0,28657.04,0.15
13938,2025-11-30,P011,C0435,R04,4,145600.0,106799.42,0.0
14222,2025-11-30,P023,C0405,R04,1,3900.0,2306.95,0.0
14323,2025-11-30,P033,C0202,R01,1,10530.0,7504.04,0.1
14336,2025-11-30,P021,C0206,R01,1,8027.5,4427.3,0.05
14810,2025-11-30,P034,C0441,R02,6,132600.0,101195.51,0.15
14866,2025-11-30,P015,C0234,R03,4,163800.0,114100.29,0.1
11044,2025-12-01,P046,C0099,R03,4,105995.0,78027.08,0.15
13492,2025-12-01,P006,C0105,R04,5,1174500.0,829622.21,0.0
13680,2025-12-01,P042,C0347,R03,3,76125.0,47713.04,0.0
14280,2025-12-01,P039,C0148,R04,2,39150.0,28415.13,0.0
14497,2025-12-01,P023,C0081,R02,1,4350.0,2542.68,0.0
14508,2025-12-01,P043,C0409,R03,3,68186.25,46741.65,0.05
14528,2025-12-01,P031,C0396,R04,1,24106.25,18261.54,0.05
10206,2025-12-02,P007,C0161,R04,2,168055.0,127488.72,0.05
10392,2025-12-02,P035,C0049,R01,1,37881.25,28148.9,0.05
11328,2025-12-02,P039,C0020,R03,3,49916.25,36888.91,0.15
12161,2025-12-02,P038,C0219,R04,6,214890.0,159628.81,0.05
13142,2025-12-02,P037,C0294,R04,2,74385.0,54448.42,0.05
13234,2025-12-02,P029,C0350,R01,4,38570.0,22556.1,0.05
14754,2025-12-02,P009,C0251,R04,5,468350.0,374027.51,0.15
10019,2025-12-03,P031,C0008,R02,3,72318.75,55878.89,0.05
10496,2025-12-03,P015,C0059,R04,2,91350.0,64411.56,0.1
10729,2025-12-03,P012,C0134,R04,1,64525.0,44369.06,0.0
11244,2025-12-03,P038,C0488,R01,2,71630.0,51497.65,0.05
12472,2025-12-03,P003,C0019,R03,4,704700.0,547301.28,0.1
12879,2025-12-03,P001,C0011,R02,1,84716.25,67649.27,0.05
13150,2025-12-03,P036,C0050,R01,3,33060.0,23612.47,0.05
13459,2025-12-03,P034,C0025,R01,2,49300.0,39516.68,0.15
13730,2025-12-03,P030,C0258,R04,1,8700.0,5527.09,0.0
14260,2025-12-03,P016,C0308,R04,1,48937.5,34808.24,0.1
14667,2025-12-03,P013,C0270,R03,1,48901.25,33319.68,0.05
10132,2025-12-04,P013,C0246,R02,2,97802.5,70177.16,0.05
10380,2025-12-04,P044,C0355,R01,1,13775.0,8686.07,0.0
10522,2025-12-04,P038,C0352,R02,10,320450.0,236653.49,0.15
10531,2025-12-04,P017,C0478,R04,6,227287.5,163060.1,0.05
10549,2025-12-04,P043,C0212,R01,2,47850.0,33451.14,0.0
11045,2025-12-04,P006,C0125,R03,1,234900.0,185374.55,0.0
11466,2025-12-04,P023,C0169,R01,8,33060.0,18886.93,0.05
12229,2025-12-04,P036,C0279,R01,6,59160.0,43859.68,0.15
12247,2025-12-04,P037,C0152,R03,2,74385.0,55557.67,0.05
12473,2025-12-04,P047,C0362,R04,2,33350.0,21918.09,0.0
12704,2025-12-04,P029,C0346,R03,7,63945.0,36661.88,0.1
13330,2025-12-04,P041,C0312,R03,1,8265.0,5395.79,0.05
13664,2025-12-04,P018,C0216,R04,3,58725.0,41871.82,0.0
13670,2025-12-04,P020,C0357,R02,1,36250.0,26852.62,0.0
14307,2025-12-04,P018,C0163,R03,5,92981.25,66852.48,0.05
14680,2025-12-04,P019,C0088,R04,2,114550.0,85118.09,0.0
10544,2025-12-05,P006,C0144,R01,3,669465.0,511822.06,0.05
11243,2025-12-05,P050,C0360,R03,2,44370.0,30106.25,0.15
11384,2025-12-05,P038,C0069,R01,2,71630.0,53235.61,0.05
11594,2025-12-05,P042,C0351,R01,8,172550.0,113079.37,0.15
11603,2025-12-05,P027,C0186,R04,1,7576.25,4702.26,0.05
12060,2025-12-05,P007,C0172,R02,2,150365.0,117535.95,0.15
12157,2025-12-05,P035,C0281,R01,1,37881.25,28364.67,0.05
12662,2025-12-05,P017,C0429,R04,2,71775.0,47228.99,0.1
12803,2025-12-05,P019,C0096,R01,2,103095.0,73685.68,0.1
13071,2025-12-05,P009,C0248,R04,2,220400.0,161695.94,0.0
13082,2025-12-05,P017,C0036,R02,2,71775.0,48147.84,0.1
14496,2025-12-05,P019,C0290,R04,2,108822.5,75758.05,0.05
12319,2025-12-06,P047,C0234,R03,5,79206.25,49807.56,0.05
13006,2025-12-06,P023,C0439,R01,5,18487.5,11142.52,0.15
10196,2025-12-07,P022,C0327,R01,6,43500.0,25613.3,0.0
10454,2025-12-07,P034,C0428,R02,4,116000.0,89729.24,0.0
11459,2025-12-07,P037,C0482,R02,1,37192.5,28715.96,0.05
11736,2025-12-07,P019,C0363,R02,4,217645.0,162119.27,0.05
12880,2025-12-07,P023,C0477,R03,2,8265.0,4947.3,0.05
13634,2025-12-07,P022,C0109,R01,1,6525.0,3807.41,0.1
10415,2025-12-08,P018,C0438,R02,1,18596.25,13272.71,0.05
11794,2025-12-08,P033,C0463,R03,2,26100.0,19896.62,0.0
11909,2025-12-08,P025,C0116,R04,2,26172.5,14744.99,0.05
13127,2025-12-08,P017,C0254,R02,4,151525.0,116138.56,0.05
13841,2025-12-08,P026,C0486,R03,1,10440.0,6231.87,0.1
14225,2025-12-08,P035,C0259,R04,1,35887.5,26760.93,0.1
14301,2025-12-08,P048,C0267,R03,1,26100.0,17338.1,0.1
14468,2025-12-08,P015,C0111,R03,5,253750.0,187186.4,0.0
10530,2025-12-09,P038,C0318,R02,1,35815.0,26285.97,0.05
11575,2025-12-09,P045,C0500,R03,3,15660.0,10222.66,0.1
11981,2025-12-09,P008,C0016,R02,1,204450.0,152412.98,0.0
12764,2025-12-09,P046,C0249,R01,6,187050.0,123351.57,0.0
12949,2025-12-09,P042,C0361,R02,4,96425.0,68449.94,0.05
13853,2025-12-09,P033,C0466,R04,2,24795.0,18051.79,0.05
13889,2025-12-09,P004,C0123,R01,1,155150.0,115781.62,0.0
14814,2025-12-09,P038,C0152,R03,4,150800.0,112477.37,0.0
14850,2025-12-09,P038,C0215,R01,2,75400.0,52840.51,0.0
10008,2025-12-10,P031,C0252,R04,1,21568.75,16486.48,0.15
10438,2025-12-10,P049,C0035,R02,2,44080.0,29693.94,0.05
11177,2025-12-10,P020,C0469,R01,1,36250.0,27040.68,0.0
11190,2025-12-10,P050,C0008,R02,2,46980.0,31209.24,0.1
12773,2025-12-10,P041,C0320,R02,1,8700.0,5567.41,0.0
13954,2025-12-10,P050,C0262,R04,6,140940.0,94496.9,0.1
14547,2025-12-10,P043,C0087,R01,4,86130.0,56883.36,0.1
10226,2025-12-11,P050,C0184,R03,2,49590.0,32100.02,0.05
10587,2025-12-11,P017,C0231,R02,5,179437.5,130223.1,0.1
10839,2025-12-11,P045,C0458,R02,1,5800.0,3906.8,0.0
10960,2025-12-11,P042,C0405,R04,3,72318.75,49539.37,0.05
12966,2025-12-11,P004,C0230,R01,5,775750.0,586916.27,0.0
14215,2025-12-11,P041,C0274,R02,1,8265.0,5711.3,0.05
14306,2025-12-11,P049,C0354,R01,2,46400.0,31175.36,0.0
10658,2025-12-12,P025,C0297,R01,1,12397.5,6916.88,0.1
11114,2025-12-12,P049,C0427,R03,1,22040.0,15364.36,0.05
12136,2025-12-12,P003,C0385,R01,6,1174500.0,882737.81,0.0
12366,2025-12-12,P019,C0202,R01,1,57275.0,40797.43,0.0
12766,2025-12-12,P001,C0083,R04,1,84716.25,63315.01,0.05
12998,2025-12-12,P040,C0248,R04,3,93525.0,70004.48,0.0
13796,2025-12-12,P013,C0102,R03,2,92655.0,65853.99,0.1
13952,2025-12-12,P039,C0057,R04,1,17617.5,12775.09,0.1
14236,2025-12-12,P031,C0197,R01,5,107843.75,77690.53,0.15
10554,2025-12-13,P019,C0497,R01,2,114550.0,81608.5,0.0
10769,2025-12-13,P048,C0152,R03,1,29000.0,18410.83,0.0
11472,2025-12-13,P010,C0404,R02,2,170810.0,126434.81,0.05
12873,2025-12-13,P024,C0313,R02,3,50025.0,31477.8,0.0
13074,2025-12-13,P012,C0454,R02,6,387150.0,274736.18,0.0
14515,2025-12-13,P044,C0270,R03,4,55100.0,34734.52,0.0
10715,2025-12-14,P017,C0088,R04,2,75762.5,55222.71,0.05
12900,2025-12-14,P046,C0273,R02,2,62350.0,42666.38,0.0
13154,2025-12-14,P050,C0469,R01,1,24795.0,16974.76,0.05
13628,2025-12-14,P014,C0263,R02,4,211700.0,158457.37,0.0
13968,2025-12-14,P048,C0281,R01,5,145000.0,99068.42,0.0
14372,2025-12-14,P036,C0037,R01,1,9860.0,6820.75,0.15
10396,2025-12-15,P002,C0064,R01,2,437900.0,333925.27,0.0
10997,2025-12-15,P016,C0162,R03,1,54375.0,38513.37,0.0
14172,2025-12-15,P005,C0299,R04,2,308850.0,244134.27,0.0
14197,2025-12-15,P042,C0083,R04,3,68512.5,47106.11,0.1
14860,2025-12-15,P025,C0498,R04,1,13775.0,8798.58,0.0
10495,2025-12-16,P030,C0161,R04,1,7830.0,4604.39,0.1
10824,2025-12-16,P007,C0011,R02,6,451095.0,344459.37,0.15
10886,2025-12-16,P039,C0101,R01,1,18596.25,13754.83,0.05
11242,2025-12-16,P005,C0458,R02,2,262522.5,208812.19,0.15
11332,2025-12-16,P050,C0394,R04,9,234900.0,159199.48,0.0
11941,2025-12-16,P045,C0440,R04,1,5800.0,3735.01,0.0
12308,2025-12-16,P042,C0420,R01,1,22837.5,15349.41,0.1
12531,2025-12-16,P030,C0489,R01,2,16530.0,9013.86,0.05
12771,2025-12-16,P003,C0388,R04,1,185962.5,141324.68,0.05
14283,2025-12-16,P042,C0190,R04,5,114187.5,77114.63,0.1
14725,2025-12-16,P012,C0461,R04,1,58072.5,41486.03,0.1
10623,2025-12-17,P048,C0126,R02,3,82650.0,56934.74,0.05
11168,2025-12-17,P049,C0394,R04,5,116000.0,78418.99,0.0
11195,2025-12-17,P009,C0415,R01,2,220400.0,164394.49,0.0
11326,2025-12-17,P044,C0262,R04,3,39258.75,26938.67,0.05
11502,2025-12-17,P002,C0156,R01,1,186107.5,146677.22,0.15
11695,2025-12-17,P036,C0318,R02,3,33060.0,24369.75,0.05
11926,2025-12-17,P033,C0377,R04,3,37192.5,27575.85,0.05
12658,2025-12-17,P033,C0352,R02,6,74385.0,54253.62,0.05
13146,2025-12-17,P037,C0037,R01,1,35235.0,26297.86,0.1
13200,2025-12-17,P038,C0126,R02,5,188500.0,138767.48,0.0
13501,2025-12-17,P013,C0074,R02,2,92655.0,62650.46,0.1
14322,2025-12-17,P034,C0368,R04,2,49300.0,36594.64,0.15
14577,2025-12-17,P014,C0025,R01,1,47632.5,34736.37,0.1
11267,2025-12-18,P006,C0457,R04,2,446310.0,325831.87,0.05
11727,2025-12-18,P049,C0227,R03,2,41760.0,28181.35,0.1
11774,2025-12-18,P027,C0291,R04,1,7576.25,4594.07,0.05
13105,2025-12-18,P002,C0031,R04,1,208002.5,151947.49,0.05
14919,2025-12-18,P006,C0203,R04,3,704700.0,527924.47,0.0
10466,2025-12-19,P031,C0113,R03,1,24106.25,17546.4,0.05
11007,2025-12-19,P006,C0208,R04,1,234900.0,175150.44,0.0
11820,2025-12-19,P003,C0027,R03,1,176175.0,132566.18,0.1
12004,2025-12-19,P015,C0045,R01,2,101500.0,67680.07,0.0
12384,2025-12-19,P006,C0464,R01,5,1057050.0,812091.24,0.1
13024,2025-12-19,P010,C0373,R01,5,449500.0,337593.27,0.0
13866,2025-12-19,P042,C0352,R02,5,107843.75,75910.99,0.15
14730,2025-12-19,P017,C0318,R02,4,151525.0,114284.02,0.05
10017,2025-12-20,P026,C0494,R02,1,9860.0,5641.83,0.15
10347,2025-12-20,P030,C0002,R01,1,8265.0,4748.61,0.05
12706,2025-12-20,P026,C0250,R01,5,58000.0,33255.78,0.0
13274,2025-12-20,P023,C0259,R04,1,3697.5,2130.88,0.15
13867,2025-12-20,P026,C0117,R01,4,41760.0,25192.2,0.1
14760,2025-12-20,P011,C0084,R01,5,182700.0,132645.0,0.1
10362,2025-12-21,P030,C0438,R02,2,16530.0,9453.8,0.05
10416,2025-12-21,P040,C0080,R04,2,62350.0,46730.33,0.0
11843,2025-12-21,P020,C0183,R03,4,137750.0,99049.15,0.05
12561,2025-12-21,P049,C0141,R02,1,20880.0,13342.85,0.1
13149,2025-12-21,P042,C0116,R04,2,48212.5,32070.59,0.05
13500,2025-12-21,P015,C0430,R01,3,137025.0,95832.22,0.1
14288,2025-12-21,P029,C0205,R01,2,19285.0,10914.76,0.05
14530,2025-12-21,P002,C0041,R02,4,788220.0,627368.68,0.1
11115,2025-12-22,P005,C0420,R01,3,440111.25,341138.48,0.05
11300,2025-12-22,P020,C0161,R04,3,108750.0,75505.87,0.0
11779,2025-12-22,P026,C0183,R03,3,34800.0,19031.15,0.0
11892,2025-12-22,P033,C0365,R03,2,22185.0,15347.61,0.15
13334,2025-12-22,P023,C0298,R04,8,33060.0,18835.46,0.05
13778,2025-12-22,P002,C0435,R04,4,788220.0,605557.99,0.1
13819,2025-12-22,P018,C0037,R01,5,97875.0,69617.83,0.0
14233,2025-12-22,P013,C0059,R04,2,102950.0,77685.59,0.0
14378,2025-12-22,P008,C0397,R03,1,194227.5,142767.27,0.05
10097,2025-12-23,P019,C0044,R02,5,272056.25,188695.86,0.05
10102,2025-12-23,P025,C0399,R02,3,41325.0,24197.21,0.0
10256,2025-12-23,P023,C0292,R04,5,19575.0,11506.79,0.1
10699,2025-12-23,P020,C0047,R02,6,184875.0,131087.59,0.15
10837,2025-12-23,P029,C0336,R04,1,10150.0,6051.39,0.0
11192,2025-12-23,P016,C0172,R02,4,206625.0,145035.35,0.05
11428,2025-12-23,P019,C0128,R01,1,54411.25,40451.76,0.05
11499,2025-12-23,P032,C0384,R02,3,52200.0,40134.48,0.0
11611,2025-12-23,P014,C0359,R04,6,285795.0,210570.18,0.1
12177,2025-12-23,P018,C0234,R03,3,55788.75,40916.6,0.05
13018,2025-12-23,P035,C0487,R04,5,199375.0,147511.36,0.0
13458,2025-12-23,P041,C0495,R02,3,23490.0,15481.34,0.1
13984,2025-12-23,P024,C0231,R02,1,14173.75,8546.63,0.15
14246,2025-12-23,P018,C0137,R04,1,17617.5,13182.47,0.1
14930,2025-12-23,P025,C0256,R03,3,41325.0,23710.49,0.0
10190,2025-12-24,P019,C0374,R03,4,217645.0,162262.75,0.05
10425,2025-12-24,P009,C0115,R01,6,595080.0,442076.25,0.1
10930,2025-12-24,P043,C0093,R03,1,20336.25,13386.64,0.15
11480,2025-12-24,P031,C0311,R01,6,152250.0,112962.0,0.0
11915,2025-12-24,P021,C0172,R02,5,42412.5,24838.82,0.1
12208,2025-12-24,P033,C0030,R01,2,26100.0,18572.52,0.0
12316,2025-12-24,P001,C0109,R01,1,84716.25,66219.03,0.05
14199,2025-12-24,P021,C0086,R03,1,8482.5,5030.0,0.1
11032,2025-12-25,P002,C0078,R04,4,875800.0,690369.88,0.0
11294,2025-12-25,P025,C0025,R01,7,91603.75,53106.55,0.05
12558,2025-12-25,P035,C0462,R04,2,75762.5,53486.84,0.05
12868,2025-12-25,P045,C0161,R04,2,11600.0,8489.04,0.0
14320,2025-12-25,P038,C0117,R01,6,226200.0,163428.63,0.0
14510,2025-12-25,P007,C0141,R02,2,168055.0,135429.55,0.05
14551,2025-12-25,P020,C0108,R04,4,123250.0,92014.33,0.15
10643,2025-12-26,P031,C0433,R02,1,25375.0,18883.85,0.0
10689,2025-12-26,P014,C0028,R03,6,301672.5,215905.61,0.05
11135,2025-12-26,P025,C0279,R01,1,13086.25,7608.1,0.05
11180,2025-12-26,P022,C0313,R02,6,41325.0,22761.22,0.05
11933,2025-12-26,P050,C0420,R01,1,23490.0,16979.56,0.1
11951,2025-12-26,P014,C0157,R01,2,105850.0,74336.97,0.0
12020,2025-12-26,P012,C0192,R01,2,129050.0,86450.13,0.0
12092,2025-12-26,P042,C0206,R01,7,150981.25,100670.23,0.15
12361,2025-12-26,P025,C0426,R02,6,78517.5,47929.71,0.05
12495,2025-12-26,P043,C0467,R02,2,45457.5,30335.89,0.05
12677,2025-12-26,P030,C0153,R04,4,33060.0,19917.11,0.05
13098,2025-12-26,P018,C0313,R02,3,49916.25,36126.47,0.15
13100,2025-12-26,P002,C0158,R01,3,624007.5,491562.57,0.05
13109,2025-12-26,P023,C0391,R03,5,20662.5,11839.89,0.05
13343,2025-12-26,P016,C0267,R03,5,258281.25,194039.01,0.05
13363,2025-12-26,P024,C0391,R03,2,33350.0,18896.07,0.0
14601,2025-12-26,P019,C0060,R02,4,217645.0,159697.97,0.05
10503,2025-12-27,P013,C0023,R01,1,43753.75,31931.52,0.15
12079,2025-12-27,P038,C0164,R03,9,339300.0,244611.75,0.0
12306,2025-12-27,P017,C0375,R01,1,33893.75,24519.41,0.15
10072,2025-12-28,P012,C0475,R02,3,193575.0,139029.6,0.0
10573,2025-12-28,P002,C0085,R01,1,208002.5,162992.44,0.05
11633,2025-12-28,P041,C0231,R02,1,7830.0,5496.69,0.1
14050,2025-12-28,P006,C0288,R02,4,798660.0,579341.55,0.15
14983,2025-12-28,P021,C0492,R04,2,17907.5,10958.3,0.05
10664,2025-12-29,P032,C0192,R01,4,62640.0,46362.28,0.1
10758,2025-12-29,P045,C0487,R04,7,34510.0,24076.8,0.15
11094,2025-12-29,P028,C0340,R02,3,39150.0,22006.24,0.1
11111,2025-12-29,P040,C0088,R04,1,29616.25,21818.96,0.05
11219,2025-12-29,P026,C0016,R02,3,34800.0,20551.74,0.0
13504,2025-12-29,P010,C0236,R02,1,80910.0,60621.27,0.1
13824,2025-12-29,P047,C0443,R04,1,15007.5,9769.15,0.1
14200,2025-12-29,P049,C0082,R04,9,198360.0,146642.82,0.05
14575,2025-12-29,P017,C0279,R01,1,39875.0,28361.29,0.0
14845,2025-12-29,P047,C0173,R04,3,47523.75,31746.32,0.05
10866,2025-12-30,P019,C0204,R03,2,114550.0,83136.06,0.0
14060,2025-12-30,P019,C0401,R03,4,194735.0,141682.41,0.15
14964,2025-12-30,P004,C0215,R01,1,139635.0,96609.8,0.1
10422,2025-12-31,P038,C0001,R02,2,64090.0,49488.97,0.15
10440,2025-12-31,P033,C0152,R03,1,12397.5,9021.34,0.05
10743,2025-12-31,P040,C0136,R04,3,93525.0,65931.73,0.0
11049,2025-12-31,P040,C0402,R04,6,177697.5,120889.2,0.05
11402,2025-12-31,P043,C0195,R01,5,119625.0,78911.04,0.0
12105,2025-12-31,P005,C0066,R02,2,277965.0,209086.34,0.1
13765,2025-12-31,P017,C0099,R03,1,37881.25,25768.18,0.05
14374,2025-12-31,P014,C0119,R02,4,201115.0,148517.36,0.05
14661,2025-12-31,P032,C0348,R03,1,17400.0,13081.6,0.0
14806,2025-12-31,P043,C0325,R03,3,68186.25,45617.21,0.05
10022,2026-01-01,P039,C0443,R04,3,34627.5,25062.47,0.05
10583,2026-01-01,P031,C0493,R03,5,74812.5,57841.53,0.05
12051,2026-01-01,P036,C0013,R01,7,47880.0,37104.44,0.05
12192,2026-01-01,P036,C0030,R01,3,20520.0,15282.28,0.05
13314,2026-01-01,P041,C0208,R04,1,4860.0,3233.08,0.1
10134,2026-01-02,P027,C0320,R02,2,8910.0,4674.35,0.1
11304,2026-01-02,P038,C0042,R01,4,88920.0,68341.86,0.05
11930,2026-01-02,P028,C0359,R04,6,51300.0,27705.52,0.05
12116,2026-01-02,P017,C0081,R02,1,24750.0,18312.28,0.0
12235,2026-01-02,P010,C0350,R01,2,106020.0,81603.27,0.05
13684,2026-01-02,P017,C0191,R02,2,49500.0,34850.88,0.0
14081,2026-01-02,P026,C0113,R03,2,12240.0,7087.83,0.15
14284,2026-01-02,P009,C0415,R01,1,68400.0,52360.27,0.0
10192,2026-01-03,P044,C0338,R01,2,17100.0,11593.33,0.0
11437,2026-01-03,P005,C0473,R02,3,258795.0,193450.65,0.1
12123,2026-01-03,P016,C0211,R04,4,128250.0,94977.7,0.05
12788,2026-01-03,P006,C0266,R02,3,415530.0,321969.72,0.05
13359,2026-01-03,P037,C0304,R01,2,48600.0,36273.24,0.0
14583,2026-01-03,P013,C0204,R03,2,63900.0,46517.91,0.0
14635,2026-01-03,P022,C0096,R01,4,17100.0,9100.64,0.05
14647,2026-01-03,P014,C0151,R04,1,31207.5,21839.82,0.05
14837,2026-01-03,P022,C0269,R04,3,12825.0,7668.3,0.05
11282,2026-01-04,P043,C0371,R01,6,75735.0,49868.43,0.15
11356,2026-01-04,P030,C0108,R04,10,54000.0,32105.52,0.0
11654,2026-01-04,P039,C0180,R02,4,43740.0,32702.87,0.1
12833,2026-01-04,P007,C0405,R04,3,164700.0,119863.2,0.0
13364,2026-01-04,P005,C0352,R02,7,637402.5,486155.71,0.05
13524,2026-01-04,P029,C0431,R02,3,17010.0,9280.23,0.1
13631,2026-01-04,P005,C0081,R02,4,364230.0,282702.88,0.05
13802,2026-01-04,P028,C0224,R01,6,48600.0,28791.04,0.1
13958,2026-01-04,P010,C0488,R01,2,100440.0,77534.98,0.1
13962,2026-01-04,P024,C0411,R02,4,41400.0,23304.85,0.0
14198,2026-01-04,P018,C0267,R03,1,10327.5,7617.15,0.15
14445,2026-01-04,P049,C0468,R03,4,54720.0,37443.52,0.05
14870,2026-01-04,P024,C0148,R04,6,58995.0,34509.92,0.05
10050,2026-01-05,P009,C0076,R02,6,410400.0,318171.23,0.0
10449,2026-01-05,P012,C0258,R04,1,34042.5,23485.91,0.15
10486,2026-01-05,P040,C0341,R04,1,17415.0,12883.66,0.1
10705,2026-01-05,P031,C0287,R04,4,56700.0,41779.94,0.1
10953,2026-01-05,P040,C0100,R02,4,77400.0,52368.01,0.0
12629,2026-01-05,P046,C0372,R01,5,91912.5,63719.27,0.05
13611,2026-01-05,P040,C0353,R02,2,36765.0,29136.14,0.05
14612,2026-01-05,P039,C0342,R02,4,48600.0,37081.45,0.0
14670,2026-01-05,P031,C0454,R02,2,29925.0,22348.79,0.05
10038,2026-01-06,P050,C0343,R04,1,16200.0,10908.46,0.0
10582,2026-01-06,P007,C0346,R03,2,104310.0,80701.93,0.05
10780,2026-01-06,P008,C0467,R02,4,431460.0,333963.85,0.15
11222,2026-01-06,P002,C0088,R04,1,135900.0,100303.47,0.0
11432,2026-01-06,P030,C0221,R03,2,10800.0,6233.05,0.0
11664,2026-01-06,P047,C0293,R03,1,10350.0,6828.86,0.0
11768,2026-01-06,P011,C0493,R03,2,47880.0,34645.95,0.05
12224,2026-01-06,P039,C0096,R01,1,10327.5,7564.58,0.15
12547,2026-01-06,P001,C0169,R01,2,110700.0,80988.23,0.0
12630,2026-01-06,P002,C0370,R04,4,516420.0,405807.62,0.05
12853,2026-01-06,P047,C0410,R01,1,10350.0,6954.85,0.0
13902,2026-01-06,P005,C0383,R01,2,162945.0,124315.43,0.15
10474,2026-01-07,P035,C0170,R03,4,99000.0,73677.65,0.0
10513,2026-01-07,P035,C0111,R03,2,44550.0,32318.4,0.1
10941,2026-01-07,P030,C0421,R04,5,25650.0,15675.48,0.05
11708,2026-01-07,P006,C0091,R01,2,262440.0,187755.38,0.1
11879,2026-01-07,P022,C0392,R03,2,7650.0,4501.16,0.15
12820,2026-01-07,P007,C0144,R01,3,156465.0,122323.59,0.05
13563,2026-01-07,P036,C0102,R03,6,41040.0,30247.42,0.05
13582,2026-01-07,P018,C0090,R01,1,12150.0,8663.57,0.0
13588,2026-01-07,P006,C0132,R03,5,656100.0,500941.09,0.1
13667,2026-01-07,P005,C0390,R01,1,91057.5,69603.84,0.05
14537,2026-01-07,P016,C0176,R04,6,182250.0,127431.71,0.1
14690,2026-01-07,P011,C0237,R02,5,126000.0,92028.53,0.0
14747,2026-01-07,P019,C0027,R03,2,63990.0,48140.63,0.1
11443,2026-01-08,P003,C0459,R01,5,577125.0,436258.36,0.05
12154,2026-01-08,P026,C0450,R01,1,6840.0,4030.48,0.05
12314,2026-01-08,P028,C0324,R04,4,34200.0,19668.28,0.05
13019,2026-01-08,P028,C0328,R01,2,16200.0,9800.82,0.1
14182,2026-01-08,P038,C0137,R04,3,63180.0,49297.46,0.1
14780,2026-01-08,P019,C0428,R02,1,30217.5,19958.73,0.15
14962,2026-01-08,P003,C0088,R04,1,121500.0,90181.38,0.0
12916,2026-01-09,P043,C0474,R01,4,59400.0,40168.76,0.0
13438,2026-01-09,P008,C0472,R03,3,380700.0,278433.76,0.0
14014,2026-01-09,P035,C0453,R02,1,24750.0,18493.74,0.0
10423,2026-01-10,P028,C0289,R04,3,22950.0,13662.33,0.15
12275,2026-01-10,P002,C0071,R04,2,244620.0,189501.08,0.1
12777,2026-01-10,P031,C0009,R04,3,47250.0,35078.77,0.0
13872,2026-01-10,P008,C0473,R02,8,1015200.0,773138.03,0.0
14482,2026-01-10,P034,C0059,R04,2,32400.0,24758.7,0.1
14996,2026-01-10,P003,C0157,R01,1,115425.0,90166.43,0.05
10286,2026-01-11,P024,C0222,R01,3,31050.0,17349.17,0.0
10857,2026-01-11,P018,C0193,R03,3,36450.0,26353.5,0.0
11662,2026-01-11,P040,C0307,R04,2,34830.0,24576.67,0.1
11907,2026-01-11,P013,C0349,R01,2,60705.0,41991.82,0.05
12745,2026-01-11,P033,C0458,R02,5,40500.0,31636.74,0.0
13114,2026-01-11,P003,C0076,R02,7,850500.0,650196.48,0.0
14783,2026-01-11,P044,C0115,R01,8,64980.0,43222.08,0.05
11092,2026-01-12,P041,C0135,R04,2,10260.0,7235.75,0.05
11531,2026-01-12,P008,C0316,R04,6,761400.0,596448.68,0.0
11940,2026-01-12,P002,C0116,R04,3,366930.0,288868.33,0.1
12222,2026-01-12,P001,C0182,R01,5,276750.0,214341.39,0.0
12516,2026-01-12,P037,C0461,R04,1,21870.0,16089.59,0.1
12705,2026-01-12,P021,C0323,R01,1,5557.5,2899.56,0.05
13129,2026-01-12,P021,C0363,R02,1,5850.0,3564.27,0.0
13347,2026-01-12,P008,C0250,R01,2,241110.0,191940.99,0.05
13367,2026-01-12,P043,C0166,R04,2,26730.0,18081.18,0.1
13385,2026-01-12,P010,C0351,R01,6,334800.0,236937.74,0.0
13541,2026-01-12,P003,C0018,R03,7,765450.0,609907.74,0.1
13651,2026-01-12,P045,C0195,R01,4,12960.0,8461.47,0.1
10931,2026-01-13,P027,C0028,R03,1,4950.0,2700.62,0.0
11714,2026-01-13,P014,C0150,R04,2,62415.0,46271.54,0.05
11867,2026-01-13,P017,C0428,R02,1,23512.5,17556.48,0.05
12279,2026-01-13,P012,C0447,R02,3,120150.0,78004.32,0.0
12385,2026-01-13,P041,C0282,R01,2,10800.0,7274.68,0.0
13227,2026-01-13,P020,C0332,R04,3,60750.0,45001.84,0.1
13425,2026-01-13,P033,C0369,R01,3,21870.0,16396.09,0.1
13844,2026-01-13,P020,C0422,R01,2,42750.0,30157.42,0.05
14602,2026-01-13,P008,C0147,R02,3,380700.0,292040.87,0.0
10386,2026-01-14,P050,C0412,R01,3,46170.0,30384.56,0.05
10614,2026-01-14,P018,C0125,R03,6,65610.0,44349.38,0.1
11556,2026-01-14,P029,C0175,R01,2,11340.0,6648.84,0.1
11830,2026-01-14,P024,C0190,R04,2,20700.0,11714.39,0.0
12501,2026-01-14,P026,C0361,R02,2,13680.0,7920.5,0.05
12709,2026-01-14,P005,C0353,R02,1,91057.5,69726.44,0.05
12746,2026-01-14,P027,C0143,R02,2,9405.0,5388.78,0.05
13371,2026-01-14,P050,C0013,R01,7,102060.0,70531.33,0.1
13416,2026-01-14,P026,C0169,R01,3,21600.0,12049.11,0.0
10166,2026-01-15,P040,C0117,R01,1,17415.0,13413.7,0.1
10290,2026-01-15,P040,C0061,R02,2,36765.0,28255.07,0.05
10596,2026-01-15,P033,C0217,R04,5,40500.0,29668.37,0.0
14443,2026-01-15,P034,C0114,R02,1,18000.0,14030.47,0.0
10404,2026-01-16,P009,C0479,R04,1,64980.0,50032.94,0.05
11623,2026-01-16,P001,C0094,R01,2,110700.0,81156.21,0.0
11726,2026-01-16,P025,C0469,R01,1,8122.5,4860.51,0.05
13210,2026-01-16,P001,C0446,R01,5,262912.5,197444.26,0.05
13565,2026-01-16,P047,C0339,R01,2,20700.0,14461.75,0.0
13711,2026-01-16,P013,C0348,R03,1,31950.0,22686.63,0.0
10519,2026-01-17,P026,C0031,R04,3,20520.0,12137.96,0.05
10922,2026-01-17,P033,C0348,R03,1,7290.0,5289.2,0.1
11440,2026-01-17,P027,C0499,R04,5,24750.0,14681.54,0.0
12262,2026-01-17,P035,C0027,R03,1,24750.0,18506.19,0.0
13235,2026-01-17,P026,C0488,R01,5,30600.0,16524.58,0.15
14345,2026-01-17,P046,C0325,R03,2,38700.0,25768.89,0.0
14877,2026-01-17,P002,C0016,R02,2,271800.0,205608.36,0.0
10298,2026-01-18,P041,C0328,R01,1,5130.0,3319.67,0.05
10603,2026-01-18,P027,C0268,R01,2,9900.0,5454.83,0.0
10668,2026-01-18,P040,C0232,R03,1,16447.5,11881.18,0.15
10955,2026-01-18,P019,C0302,R03,1,35550.0,27613.12,0.0
11299,2026-01-18,P045,C0208,R04,6,21600.0,14795.14,0.0
11363,2026-01-18,P040,C0442,R02,7,128677.5,93774.8,0.05
12347,2026-01-18,P018,C0417,R02,2,23085.0,16425.96,0.05
12923,2026-01-18,P027,C0410,R01,3,14850.0,8422.79,0.0
12962,2026-01-18,P013,C0021,R03,2,60705.0,44551.46,0.05
14421,2026-01-18,P018,C0088,R04,4,46170.0,33448.23,0.05
14694,2026-01-18,P038,C0223,R02,5,117000.0,86978.02,0.0
12090,2026-01-19,P006,C0072,R02,5,692550.0,542073.96,0.05
14880,2026-01-19,P039,C0452,R03,4,46170.0,34810.99,0.05
14884,2026-01-19,P010,C0372,R01,5,279000.0,220948.78,0.0
11130,2026-01-20,P047,C0332,R04,1,10350.0,7000.13,0.0
11786,2026-01-20,P031,C0492,R04,1,14962.5,10883.67,0.05
11837,2026-01-20,P033,C0215,R01,1,6885.0,4723.98,0.15
13767,2026-01-20,P012,C0389,R04,1,40050.0,27244.51,0.0
13953,2026-01-20,P018,C0220,R03,1,11542.5,8220.93,0.05
14347,2026-01-20,P037,C0035,R02,2,41310.0,29609.04,0.15
14488,2026-01-20,P024,C0350,R01,6,55890.0,33150.37,0.1
14591,2026-01-20,P043,C0117,R01,4,59400.0,37893.65,0.0
10255,2026-01-21,P023,C0390,R01,1,2700.0,1518.87,0.0
12659,2026-01-21,P012,C0101,R01,1,38047.5,26363.91,0.05
14140,2026-01-21,P039,C0332,R04,2,20655.0,15155.7,0.15
14574,2026-01-21,P014,C0101,R01,4,131400.0,93213.9,0.0
14862,2026-01-21,P029,C0238,R04,1,5670.0,3418.97,0.1
10023,2026-01-22,P006,C0377,R04,2,277020.0,202330.67,0.05
10068,2026-01-22,P019,C0367,R01,1,31995.0,22681.16,0.1
10069,2026-01-22,P022,C0254,R02,2,8550.0,5209.03,0.05
10464,2026-01-22,P004,C0002,R01,6,491130.0,368460.82,0.15
11676,2026-01-22,P050,C0354,R01,7,96390.0,62886.7,0.15
11947,2026-01-22,P050,C0447,R02,3,46170.0,31207.08,0.05
12367,2026-01-22,P013,C0207,R04,2,60705.0,43156.68,0.05
14418,2026-01-22,P009,C0028,R03,4,273600.0,209684.11,0.0
14767,2026-01-22,P046,C0456,R04,1,19350.0,13721.95,0.0
10412,2026-01-23,P016,C0459,R01,2,67500.0,51662.26,0.0
10515,2026-01-23,P032,C0334,R01,1,10260.0,7582.98,0.05
10895,2026-01-23,P013,C0285,R01,4,127800.0,92781.71,0.0
11077,2026-01-23,P002,C0053,R01,1,129105.0,104749.34,0.05
11772,2026-01-23,P037,C0485,R04,4,97200.0,70602.29,0.0
12181,2026-01-23,P025,C0184,R03,5,38475.0,22259.12,0.1
12202,2026-01-23,P024,C0071,R04,2,19665.0,11538.47,0.05
12272,2026-01-23,P043,C0334,R01,3,42322.5,28832.91,0.05
13747,2026-01-23,P002,C0499,R04,3,407700.0,290595.55,0.0
14021,2026-01-23,P032,C0337,R03,6,58320.0,42133.86,0.1
11564,2026-01-24,P032,C0498,R04,5,51300.0,38594.57,0.05
11579,2026-01-24,P046,C0434,R01,4,77400.0,55114.14,0.0
11656,2026-01-24,P038,C0077,R04,4,84240.0,60135.37,0.1
12432,2026-01-24,P019,C0367,R01,3,106650.0,78998.44,0.0
12945,2026-01-24,P032,C0073,R02,2,18360.0,13417.97,0.15
12955,2026-01-24,P028,C0347,R03,6,54000.0,33824.81,0.0
13508,2026-01-24,P007,C0208,R04,5,260775.0,203934.07,0.05
13855,2026-01-24,P016,C0373,R01,4,114750.0,80871.16,0.15
14115,2026-01-24,P048,C0291,R04,2,32400.0,21426.07,0.1
10018,2026-01-25,P013,C0124,R01,1,31950.0,21946.78,0.0
10081,2026-01-25,P005,C0407,R02,2,172530.0,137852.98,0.1
11068,2026-01-25,P017,C0302,R03,6,126225.0,97224.2,0.15
11636,2026-01-25,P025,C0097,R04,7,56857.5,33534.95,0.05
11761,2026-01-25,P026,C0095,R04,3,18360.0,10480.33,0.15
11863,2026-01-25,P043,C0091,R01,8,112860.0,76867.75,0.05
12636,2026-01-25,P037,C0466,R04,1,24300.0,18753.22,0.0
12749,2026-01-25,P048,C0052,R01,3,45900.0,29882.29,0.15
12794,2026-01-25,P038,C0342,R02,5,117000.0,95013.6,0.0
13807,2026-01-25,P026,C0297,R01,4,28800.0,16039.36,0.0
14746,2026-01-25,P004,C0051,R02,1,96300.0,69795.59,0.0
14889,2026-01-25,P019,C0497,R01,6,202635.0,139679.35,0.05
10235,2026-01-26,P029,C0498,R04,1,5355.0,3142.36,0.15
10775,2026-01-26,P038,C0442,R02,7,147420.0,106749.64,0.1
10804,2026-01-26,P031,C0500,R03,2,28350.0,20932.54,0.1
10936,2026-01-26,P036,C0149,R02,1,6840.0,5029.04,0.05
11996,2026-01-26,P032,C0430,R01,1,10260.0,7662.42,0.05
12536,2026-01-26,P009,C0260,R01,4,246240.0,197474.19,0.1
13165,2026-01-26,P045,C0045,R01,5,16200.0,10628.68,0.1
13454,2026-01-26,P046,C0379,R02,1,16447.5,10833.87,0.15
10051,2026-01-27,P040,C0417,R02,3,58050.0,43155.49,0.0
10790,2026-01-27,P015,C0329,R01,5,149625.0,103049.58,0.05
11400,2026-01-27,P026,C0180,R02,1,6840.0,3978.42,0.05
12172,2026-01-27,P009,C0431,R02,6,410400.0,296379.19,0.0
12362,2026-01-27,P009,C0194,R01,5,324900.0,243066.87,0.05
12689,2026-01-27,P042,C0074,R02,2,31500.0,21496.77,0.0
13338,2026-01-27,P030,C0433,R02,4,18360.0,11722.43,0.15
14013,2026-01-27,P040,C0490,R03,2,38700.0,29040.58,0.0
14368,2026-01-27,P045,C0467,R02,1,3420.0,2325.49,0.05
14465,2026-01-27,P001,C0417,R02,1,52582.5,40247.46,0.05
10193,2026-01-28,P025,C0245,R02,1,8122.5,4529.56,0.05
10459,2026-01-28,P016,C0035,R02,4,121500.0,87679.78,0.1
10816,2026-01-28,P014,C0210,R02,6,187245.0,130056.82,0.05
11107,2026-01-28,P004,C0331,R02,3,288900.0,218223.59,0.0
11819,2026-01-28,P020,C0361,R02,2,45000.0,31950.51,0.0
12165,2026-01-28,P039,C0225,R02,4,43740.0,33257.85,0.1
12459,2026-01-28,P041,C0350,R01,1,5400.0,3671.16,0.0
12779,2026-01-28,P005,C0131,R01,2,191700.0,151016.9,0.0
12854,2026-01-28,P018,C0022,R01,5,57712.5,39389.62,0.05
13448,2026-01-28,P043,C0145,R02,2,29700.0,21121.74,0.0
13706,2026-01-28,P033,C0490,R03,5,34425.0,25399.37,0.15
14363,2026-01-28,P007,C0241,R02,3,148230.0,111631.46,0.1
14364,2026-01-28,P039,C0361,R02,6,72900.0,52889.56,0.0
14517,2026-01-28,P020,C0100,R02,1,22500.0,16755.82,0.0
14546,2026-01-28,P028,C0037,R01,3,27000.0,14405.47,0.0
10074,2026-01-29,P041,C0060,R02,2,9180.0,6252.18,0.15
10229,2026-01-29,P024,C0275,R04,2,19665.0,11875.02,0.05
11685,2026-01-29,P017,C0163,R03,1,24750.0,18488.51,0.0
11715,2026-01-29,P004,C0452,R03,1,81855.0,64307.09,0.15
11955,2026-01-29,P004,C0486,R03,3,274455.0,212703.24,0.05
12383,2026-01-29,P026,C0091,R01,4,28800.0,17136.8,0.0
12400,2026-01-29,P039,C0314,R03,2,24300.0,18607.2,0.0
13222,2026-01-29,P030,C0276,R04,1,5130.0,3041.78,0.05
14461,2026-01-29,P023,C0301,R04,3,8100.0,4562.17,0.0
11079,2026-01-30,P011,C0350,R01,2,47880.0,34515.68,0.05
11824,2026-01-30,P047,C0338,R01,3,29497.5,20906.21,0.05
11999,2026-01-30,P042,C0004,R02,4,63000.0,41946.53,0.0
12120,2026-01-30,P008,C0060,R02,3,380700.0,268081.66,0.0
12504,2026-01-30,P024,C0476,R02,3,31050.0,17555.25,0.0
12993,2026-01-30,P047,C0184,R03,1,9315.0,6482.85,0.1
13197,2026-01-30,P009,C0126,R02,1,61560.0,47873.99,0.1
13331,2026-01-30,P028,C0042,R01,5,38250.0,21762.0,0.15
13608,2026-01-30,P034,C0007,R01,6,108000.0,76286.31,0.0
13910,2026-01-30,P038,C0136,R04,1,21060.0,14270.49,0.1
14436,2026-01-30,P037,C0180,R02,1,23085.0,17314.96,0.05
11965,2026-01-31,P025,C0081,R02,1,7695.0,4140.71,0.1
12729,2026-01-31,P050,C0483,R03,4,64800.0,45684.4,0.0
13128,2026-01-31,P031,C0314,R03,2,31500.0,23286.56,0.0
14265,2026-01-31,P026,C0223,R02,2,12960.0,7555.59,0.1
14369,2026-01-31,P024,C0061,R02,1,9315.0,5057.51,0.1
14588,2026-01-31,P030,C0459,R01,5,27000.0,15917.15,0.0
14605,2026-01-31,P024,C0146,R02,4,37260.0,21804.56,0.1
10679,2026-02-01,P005,C0227,R03,4,337392.0,247230.25,0.1
12237,2026-02-01,P045,C0246,R02,5,16720.0,11432.03,0.05
12359,2026-02-01,P010,C0050,R01,1,49104.0,37185.67,0.1
12674,2026-02-01,P043,C0020,R03,6,82764.0,59153.8,0.05
13275,2026-02-01,P029,C0435,R04,1,6160.0,3469.96,0.0
14101,2026-02-01,P037,C0046,R04,4,80784.0,56090.92,0.15
10077,2026-02-02,P050,C0044,R02,6,80784.0,53420.95,0.15
10508,2026-02-02,P023,C0254,R02,2,5280.0,3026.89,0.0
10722,2026-02-02,P044,C0368,R04,5,39710.0,25037.9,0.05
10932,2026-02-02,P012,C0333,R02,5,186010.0,134458.95,0.05
10939,2026-02-02,P008,C0283,R04,1,124080.0,93709.68,0.0
11021,2026-02-02,P033,C0327,R01,3,23760.0,17332.42,0.0
11643,2026-02-02,P038,C0321,R04,4,86944.0,63413.37,0.05
12111,2026-02-02,P036,C0274,R02,1,5984.0,4570.68,0.15
12624,2026-02-02,P027,C0059,R04,2,9196.0,5505.22,0.05
12639,2026-02-02,P044,C0219,R04,8,56848.0,38325.32,0.15
12946,2026-02-02,P010,C0447,R02,6,310992.0,230075.65,0.05
13696,2026-02-02,P007,C0367,R01,1,50996.0,38224.71,0.05
14463,2026-02-02,P002,C0254,R02,4,504944.0,381597.97,0.05
14479,2026-02-02,P034,C0026,R02,3,52800.0,39582.51,0.0
10334,2026-02-03,P003,C0204,R03,2,225720.0,169857.2,0.05
10430,2026-02-03,P037,C0377,R04,7,158004.0,123866.31,0.05
10735,2026-02-03,P045,C0360,R03,2,5984.0,4055.3,0.15
11046,2026-02-03,P029,C0004,R02,6,36960.0,22479.83,0.0
11338,2026-02-03,P015,C0006,R01,3,83160.0,56375.94,0.1
12252,2026-02-03,P029,C0218,R03,5,27720.0,16329.37,0.1
12720,2026-02-03,P010,C0481,R02,1,54560.0,39483.58,0.0
13592,2026-02-03,P017,C0340,R02,5,114950.0,82531.71,0.05
13678,2026-02-03,P047,C0056,R04,4,40480.0,26553.9,0.0
13849,2026-02-03,P022,C0232,R03,1,4400.0,2651.31,0.0
14148,2026-02-03,P026,C0294,R04,1,7040.0,3966.29,0.0
14232,2026-02-03,P044,C0143,R02,3,22572.0,14107.18,0.1
14775,2026-02-03,P009,C0139,R03,1,66880.0,49397.47,0.0
14936,2026-02-03,P016,C0311,R01,1,31350.0,22818.25,0.05
10148,2026-02-04,P031,C0445,R04,1,14630.0,10441.14,0.05
12648,2026-02-04,P041,C0035,R02,6,26928.0,18448.2,0.15
14710,2026-02-04,P006,C0083,R04,1,135432.0,103477.93,0.05
10174,2026-02-05,P025,C0447,R02,10,79420.0,48282.54,0.05
10233,2026-02-05,P043,C0171,R04,1,13794.0,9998.66,0.05
12225,2026-02-05,P030,C0101,R01,2,10560.0,6460.42,0.0
12465,2026-02-05,P028,C0175,R01,4,29920.0,17274.56,0.15
12657,2026-02-05,P039,C0294,R04,1,10098.0,6847.4,0.15
12817,2026-02-05,P040,C0125,R03,1,18920.0,13838.22,0.0
13177,2026-02-05,P047,C0356,R01,1,8602.0,5473.6,0.15
13178,2026-02-05,P043,C0091,R01,5,68970.0,48952.16,0.05
13328,2026-02-05,P034,C0490,R03,1,16720.0,12462.3,0.05
13770,2026-02-05,P009,C0187,R02,5,300960.0,230575.93,0.1
13859,2026-02-05,P038,C0440,R04,1,22880.0,17078.14,0.0
13967,2026-02-05,P039,C0125,R03,3,33858.0,25024.26,0.05
14061,2026-02-05,P014,C0293,R03,2,61028.0,43909.89,0.05
14268,2026-02-05,P019,C0490,R03,8,278080.0,200263.49,0.0
14419,2026-02-05,P009,C0097,R04,1,63536.0,46631.36,0.05
14879,2026-02-05,P027,C0366,R02,3,13794.0,7690.02,0.05
10236,2026-02-06,P024,C0101,R01,1,9108.0,4669.22,0.1
11203,2026-02-06,P029,C0481,R02,2,12320.0,6993.89,0.0
11236,2026-02-06,P036,C0199,R01,1,6336.0,4707.76,0.1
11373,2026-02-06,P015,C0180,R02,1,29260.0,22170.36,0.05
11420,2026-02-06,P031,C0334,R01,3,46200.0,33944.36,0.0
12187,2026-02-06,P050,C0367,R01,1,15048.0,10465.76,0.05
10204,2026-02-07,P023,C0010,R04,3,7524.0,4125.67,0.05
10418,2026-02-07,P031,C0286,R04,1,14630.0,10592.43,0.05
10505,2026-02-07,P032,C0328,R01,3,28512.0,21895.67,0.1
10924,2026-02-07,P048,C0354,R01,3,52800.0,35585.04,0.0
11303,2026-02-07,P027,C0487,R04,6,27588.0,16708.78,0.05
11417,2026-02-07,P027,C0437,R01,3,13794.0,7394.71,0.05
11962,2026-02-07,P040,C0088,R04,4,71896.0,55626.61,0.05
12106,2026-02-07,P012,C0076,R02,9,334818.0,246696.76,0.05
12693,2026-02-07,P005,C0412,R01,1,89034.0,66569.29,0.05
13262,2026-02-07,P044,C0187,R02,2,15048.0,10545.74,0.1
13271,2026-02-07,P003,C0353,R02,3,320760.0,226423.81,0.1
14228,2026-02-07,P024,C0275,R04,6,54648.0,32140.83,0.1
14648,2026-02-07,P032,C0052,R01,4,40128.0,31107.25,0.05
14716,2026-02-07,P035,C0390,R01,1,22990.0,16758.87,0.05
14728,2026-02-07,P040,C0252,R04,1,17028.0,12499.31,0.1
11678,2026-02-08,P050,C0167,R02,5,75240.0,48213.57,0.05
12799,2026-02-08,P003,C0215,R01,1,112860.0,83108.21,0.05
12908,2026-02-08,P047,C0284,R02,3,30360.0,20363.56,0.0
14070,2026-02-08,P015,C0058,R02,1,29260.0,21005.52,0.05
14367,2026-02-08,P020,C0203,R04,2,41800.0,27892.59,0.05
14842,2026-02-08,P001,C0023,R01,1,48708.0,37553.01,0.1
14901,2026-02-08,P034,C0289,R04,2,29920.0,21687.95,0.15
14957,2026-02-08,P037,C0486,R03,1,22572.0,17469.14,0.05
10842,2026-02-09,P001,C0463,R03,1,46002.0,35400.8,0.15
10909,2026-02-09,P004,C0268,R01,1,80036.0,60223.26,0.15
12029,2026-02-09,P015,C0156,R01,6,184800.0,125937.35,0.0
12084,2026-02-09,P045,C0451,R01,6,21120.0,14755.16,0.0
13639,2026-02-09,P014,C0256,R03,2,64240.0,47732.3,0.0
13912,2026-02-09,P024,C0277,R04,2,19228.0,10958.66,0.05
14000,2026-02-09,P041,C0050,R01,3,15048.0,10521.33,0.05
14007,2026-02-09,P021,C0014,R04,2,10868.0,6728.04,0.05
12560,2026-02-10,P035,C0175,R01,4,96800.0,71035.92,0.0
12566,2026-02-10,P048,C0496,R03,9,150480.0,101107.63,0.05
13450,2026-02-10,P050,C0238,R04,3,45144.0,30777.2,0.05
13600,2026-02-10,P042,C0254,R02,2,26180.0,18992.82,0.15
14152,2026-02-10,P006,C0273,R02,1,142560.0,103791.39,0.0
11963,2026-02-11,P015,C0101,R01,2,61600.0,44095.8,0.0
12226,2026-02-11,P030,C0184,R03,5,26400.0,16176.84,0.0
14259,2026-02-11,P017,C0270,R03,1,24200.0,17796.33,0.0
10027,2026-02-12,P043,C0382,R04,2,29040.0,20364.93,0.0
10395,2026-02-12,P035,C0166,R04,3,72600.0,56938.0,0.0
10414,2026-02-12,P013,C0425,R04,1,29678.0,21358.43,0.05
10698,2026-02-12,P037,C0339,R01,1,23760.0,17341.92,0.0
10762,2026-02-12,P007,C0202,R01,3,144936.0,112931.74,0.1
10880,2026-02-12,P043,C0462,R04,1,12342.0,8563.62,0.15
11018,2026-02-12,P035,C0341,R04,2,45980.0,33850.85,0.05
11189,2026-02-12,P004,C0167,R02,1,89452.0,69449.03,0.05
11197,2026-02-12,P014,C0196,R01,10,305140.0,209810.39,0.05
11519,2026-02-12,P006,C0314,R03,3,384912.0,290884.21,0.1
12552,2026-02-12,P048,C0328,R01,2,33440.0,23991.81,0.05
12739,2026-02-12,P022,C0294,R04,4,17600.0,10567.28,0.0
12765,2026-02-12,P019,C0455,R04,3,104280.0,75827.15,0.0
13956,2026-02-12,P011,C0380,R04,2,46816.0,34144.96,0.05
13960,2026-02-12,P049,C0479,R04,2,26752.0,18184.83,0.05
14224,2026-02-12,P040,C0029,R04,4,75680.0,54821.85,0.0
14892,2026-02-12,P015,C0107,R01,2,55440.0,37899.64,0.1
14954,2026-02-12,P024,C0372,R01,4,38456.0,20882.5,0.05
10164,2026-02-13,P050,C0159,R04,1,15840.0,11122.73,0.0
10563,2026-02-13,P014,C0283,R04,7,224840.0,156858.1,0.0
10782,2026-02-13,P040,C0073,R02,6,107844.0,78833.59,0.05
11086,2026-02-13,P004,C0138,R04,2,178904.0,137261.8,0.05
11979,2026-02-13,P037,C0201,R01,3,64152.0,49531.4,0.1
12133,2026-02-13,P016,C0298,R04,6,188100.0,135861.34,0.05
12419,2026-02-13,P043,C0437,R01,3,39204.0,26029.09,0.1
12476,2026-02-13,P024,C0198,R03,2,20240.0,11862.14,0.0
12885,2026-02-13,P012,C0290,R04,1,33286.0,24952.97,0.15
13728,2026-02-13,P013,C0207,R04,3,93720.0,66642.36,0.0
13921,2026-02-13,P032,C0093,R03,2,19008.0,13425.54,0.1
14150,2026-02-13,P042,C0088,R04,6,83160.0,57180.78,0.1
14286,2026-02-13,P013,C0414,R04,1,29678.0,21302.24,0.05
14467,2026-02-13,P026,C0420,R01,3,19008.0,10962.03,0.1
14623,2026-02-13,P020,C0420,R01,5,110000.0,80864.28,0.0
14709,2026-02-13,P042,C0187,R02,3,43890.0,29718.76,0.05
10883,2026-02-14,P007,C0189,R04,3,136884.0,106314.54,0.15
10888,2026-02-14,P012,C0182,R01,1,37202.0,27479.89,0.05
11033,2026-02-14,P003,C0141,R02,1,106920.0,83162.27,0.1
11129,2026-02-14,P024,C0480,R01,1,10120.0,5569.57,0.0
11932,2026-02-14,P010,C0355,R01,3,163680.0,126268.99,0.0
12221,2026-02-14,P032,C0163,R03,5,52800.0,40838.4,0.0
12416,2026-02-14,P040,C0031,R04,6,107844.0,78113.2,0.05
13113,2026-02-14,P040,C0005,R02,1,17028.0,12925.25,0.1
14244,2026-02-14,P042,C0036,R02,3,43890.0,30326.92,0.05
10147,2026-02-15,P038,C0168,R04,1,22880.0,16372.22,0.0
10986,2026-02-15,P026,C0184,R03,4,28160.0,16632.47,0.0
11507,2026-02-15,P043,C0323,R01,4,55176.0,38645.79,0.05
11523,2026-02-15,P031,C0165,R02,2,30800.0,23313.49,0.0
11632,2026-02-15,P032,C0442,R02,3,31680.0,24094.17,0.0
11665,2026-02-15,P050,C0297,R01,3,47520.0,32706.1,0.0
12196,2026-02-15,P025,C0149,R02,3,21318.0,12477.49,0.15
12942,2026-02-15,P040,C0112,R02,2,37840.0,27746.39,0.0
12958,2026-02-15,P009,C0045,R01,5,334400.0,257975.68,0.0
13868,2026-02-15,P006,C0021,R03,3,427680.0,335530.95,0.0
14104,2026-02-15,P024,C0437,R01,4,38456.0,22647.07,0.05
14196,2026-02-15,P029,C0488,R01,4,24640.0,13435.55,0.0
10158,2026-02-16,P011,C0439,R01,5,117040.0,81969.91,0.05
10644,2026-02-16,P036,C0206,R01,1,6688.0,4947.75,0.05
10802,2026-02-16,P025,C0113,R03,1,8360.0,4649.72,0.0
10964,2026-02-16,P026,C0443,R04,6,40128.0,25332.83,0.05
10967,2026-02-16,P049,C0450,R01,6,80256.0,53346.97,0.05
11264,2026-02-16,P008,C0342,R02,1,124080.0,87883.76,0.0
11505,2026-02-16,P050,C0259,R04,4,60192.0,41685.43,0.05
11506,2026-02-16,P008,C0022,R01,3,372240.0,289644.82,0.0
11634,2026-02-16,P041,C0065,R01,1,4488.0,2975.41,0.15
11651,2026-02-16,P049,C0390,R01,4,56320.0,37954.99,0.0
11789,2026-02-16,P036,C0036,R02,2,14080.0,10474.21,0.0
12124,2026-02-16,P041,C0339,R01,6,30096.0,20391.78,0.05
12239,2026-02-16,P048,C0377,R04,1,16720.0,11175.56,0.05
13201,2026-02-16,P042,C0363,R02,1,15400.0,10387.03,0.0
13586,2026-02-16,P008,C0126,R02,1,105468.0,84965.92,0.15
13834,2026-02-16,P050,C0218,R03,4,60192.0,39798.83,0.05
14009,2026-02-16,P025,C0122,R01,3,23826.0,13421.46,0.05
14080,2026-02-16,P042,C0123,R01,4,58520.0,38510.66,0.05
14337,2026-02-16,P034,C0145,R02,3,50160.0,36555.52,0.05
14674,2026-02-16,P047,C0300,R04,4,38456.0,26360.55,0.05
10657,2026-02-17,P045,C0325,R03,3,10032.0,6787.22,0.05
11912,2026-02-17,P005,C0468,R03,3,253044.0,188024.25,0.1
12286,2026-02-17,P011,C0136,R04,1,23408.0,16459.07,0.05
14348,2026-02-17,P036,C0138,R04,1,6688.0,5039.76,0.05
10188,2026-02-18,P012,C0115,R01,6,223212.0,155504.96,0.05
10194,2026-02-18,P049,C0303,R04,2,26752.0,17423.64,0.05
10391,2026-02-18,P006,C0217,R04,2,270864.0,213361.93,0.05
11231,2026-02-18,P037,C0320,R02,5,100980.0,72345.78,0.15
11739,2026-02-18,P010,C0025,R01,3,155496.0,120422.62,0.05
12276,2026-02-18,P043,C0024,R04,4,55176.0,36758.24,0.05
12582,2026-02-18,P011,C0213,R01,3,66528.0,47162.54,0.1
12956,2026-02-18,P021,C0196,R01,1,5148.0,2660.61,0.1
13187,2026-02-18,P027,C0006,R01,6,27588.0,15604.03,0.05
13797,2026-02-18,P037,C0161,R04,3,60588.0,42878.58,0.15
14308,2026-02-18,P029,C0424,R04,5,30800.0,17595.52,0.0
14406,2026-02-18,P039,C0410,R01,2,22572.0,16395.84,0.05
14686,2026-02-18,P014,C0180,R02,2,64240.0,45265.0,0.0
14719,2026-02-18,P001,C0349,R01,6,324720.0,255417.88,0.0
10034,2026-02-19,P025,C0046,R04,2,16720.0,9116.78,0.0
10259,2026-02-19,P026,C0241,R02,2,13376.0,7814.94,0.05
10325,2026-02-19,P025,C0238,R04,3,25080.0,13979.54,0.0
10437,2026-02-19,P032,C0436,R02,4,40128.0,31609.62,0.05
10764,2026-02-19,P028,C0024,R04,3,26400.0,15363.79,0.0
11822,2026-02-19,P027,C0443,R04,6,29040.0,15828.7,0.0
11836,2026-02-19,P044,C0417,R02,3,23826.0,15281.32,0.05
11989,2026-02-19,P039,C0263,R02,1,11286.0,8129.56,0.05
12102,2026-02-19,P050,C0482,R02,5,75240.0,51599.86,0.05
12253,2026-02-19,P049,C0467,R02,3,35904.0,25309.46,0.15
12266,2026-02-19,P048,C0170,R03,4,66880.0,44979.2,0.05
12633,2026-02-19,P007,C0128,R01,1,53680.0,39513.22,0.0
13063,2026-02-19,P003,C0109,R01,1,112860.0,85334.85,0.05
13461,2026-02-19,P020,C0165,R02,2,39600.0,29082.88,0.1
13474,2026-02-19,P037,C0130,R03,1,20196.0,14865.33,0.15
13520,2026-02-19,P007,C0441,R02,2,96624.0,74722.08,0.1
14041,2026-02-19,P005,C0262,R04,6,562320.0,418453.54,0.0
14047,2026-02-19,P020,C0040,R04,1,20900.0,14620.33,0.05
14235,2026-02-19,P001,C0261,R02,2,108240.0,83467.65,0.0
14447,2026-02-19,P005,C0133,R04,6,534204.0,417155.04,0.05
14676,2026-02-19,P033,C0491,R04,2,15048.0,10905.77,0.05
11385,2026-02-20,P001,C0054,R03,5,230010.0,177480.19,0.15
11686,2026-02-20,P033,C0248,R04,4,30096.0,21887.04,0.05
12097,2026-02-20,P010,C0027,R03,1,51832.0,37895.32,0.05
14571,2026-02-20,P041,C0057,R04,5,25080.0,16835.01,0.05
14627,2026-02-20,P026,C0137,R04,5,31680.0,18003.2,0.1
10846,2026-02-21,P011,C0309,R01,1,22176.0,15461.29,0.1
11023,2026-02-21,P023,C0323,R01,4,9504.0,5441.96,0.1
11309,2026-02-21,P031,C0402,R04,1,15400.0,11643.27,0.0
11851,2026-02-21,P006,C0006,R01,1,142560.0,107590.34,0.0
12093,2026-02-21,P048,C0330,R03,2,33440.0,21781.57,0.05
12269,2026-02-21,P031,C0432,R01,3,41580.0,29621.97,0.1
12747,2026-02-21,P017,C0483,R03,4,87120.0,65136.2,0.1
13357,2026-02-21,P006,C0048,R03,2,256608.0,197525.62,0.1
14310,2026-02-21,P046,C0252,R04,2,35948.0,25370.81,0.05
14469,2026-02-21,P004,C0030,R01,5,423720.0,325349.29,0.1
14883,2026-02-21,P037,C0483,R03,2,47520.0,35775.4,0.0
14951,2026-02-21,P026,C0411,R02,4,25344.0,14272.46,0.1
10083,2026-02-22,P009,C0153,R04,2,127072.0,97308.59,0.05
10358,2026-02-22,P020,C0054,R03,3,62700.0,44830.73,0.05
11167,2026-02-22,P008,C0284,R02,5,589380.0,420317.12,0.05
11759,2026-02-22,P013,C0090,R01,1,29678.0,21183.66,0.05
12169,2026-02-22,P017,C0465,R04,5,121000.0,85733.86,0.0
13325,2026-02-22,P034,C0292,R04,5,74800.0,53883.47,0.15
13976,2026-02-22,P009,C0133,R04,1,66880.0,49050.55,0.0
14243,2026-02-22,P024,C0390,R01,4,34408.0,20290.37,0.15
14314,2026-02-22,P004,C0119,R02,2,188320.0,143504.23,0.0
14351,2026-02-22,P034,C0088,R04,4,63360.0,45268.01,0.1
10119,2026-02-23,P024,C0051,R02,4,36432.0,19989.05,0.1
10378,2026-02-23,P009,C0203,R04,3,180576.0,134757.43,0.1
10431,2026-02-23,P023,C0476,R02,1,2508.0,1338.27,0.05
10630,2026-02-23,P026,C0334,R01,1,6336.0,3790.15,0.1
13864,2026-02-23,P048,C0357,R02,4,66880.0,47146.42,0.05
14309,2026-02-23,P010,C0266,R02,7,343728.0,276273.91,0.1
12010,2026-02-24,P010,C0015,R04,2,103664.0,82456.23,0.05
13929,2026-02-24,P012,C0377,R04,5,176220.0,125629.95,0.1
13993,2026-02-24,P005,C0376,R03,5,468600.0,365155.95,0.0
10324,2026-02-25,P012,C0227,R03,6,223212.0,166979.89,0.05
11574,2026-02-25,P034,C0377,R04,7,117040.0,84123.38,0.05
12324,2026-02-25,P018,C0210,R02,1,11286.0,8440.51,0.05
12934,2026-02-25,P013,C0396,R04,4,118712.0,82747.2,0.05
13477,2026-02-25,P012,C0124,R01,2,74404.0,55452.47,0.05
13769,2026-02-25,P033,C0058,R02,4,31680.0,22605.62,0.0
14440,2026-02-25,P050,C0367,R01,2,31680.0,21860.89,0.0
14868,2026-02-25,P040,C0364,R01,1,18920.0,13208.08,0.0
10983,2026-02-26,P009,C0242,R02,2,133760.0,103514.84,0.0
11612,2026-02-26,P007,C0429,R04,1,50996.0,37682.93,0.05
13944,2026-02-26,P040,C0002,R01,3,51084.0,38271.31,0.1
14994,2026-02-26,P031,C0158,R01,2,26180.0,18704.22,0.15
10340,2026-02-27,P039,C0242,R02,1,10692.0,8132.53,0.1
10800,2026-02-27,P028,C0179,R04,6,50160.0,28070.83,0.05
10856,2026-02-27,P017,C0305,R01,1,22990.0,16754.49,0.05
11124,2026-02-27,P032,C0374,R03,1,10032.0,7567.35,0.05
11145,2026-02-27,P011,C0488,R01,3,66528.0,47462.11,0.1
11421,2026-02-27,P024,C0488,R01,6,60720.0,35463.02,0.0
11576,2026-02-27,P030,C0335,R04,3,15840.0,8986.04,0.0
12032,2026-02-27,P010,C0138,R04,2,109120.0,81947.21,0.0
12346,2026-02-27,P021,C0226,R02,6,30888.0,18105.47,0.1
13577,2026-02-27,P049,C0385,R01,6,71808.0,47298.17,0.15
13732,2026-02-27,P031,C0047,R02,4,61600.0,42895.42,0.0
14221,2026-02-27,P005,C0023,R01,3,238986.0,182191.42,0.15
14948,2026-02-27,P028,C0499,R04,1,8360.0,5347.27,0.05
10593,2026-02-28,P011,C0192,R01,5,110880.0,78099.7,0.1
11405,2026-03-01,P042,C0056,R04,6,99750.0,69116.96,0.0
13151,2026-03-01,P026,C0435,R04,3,20520.0,12338.62,0.1
13615,2026-03-01,P005,C0330,R03,1,101175.0,74723.98,0.0
13777,2026-03-01,P019,C0243,R01,7,249541.25,185484.77,0.05
12335,2026-03-02,P045,C0268,R01,1,3610.0,2563.15,0.05
12707,2026-03-02,P025,C0245,R02,1,8573.75,5232.65,0.05
14723,2026-03-02,P035,C0118,R01,2,52250.0,38643.75,0.0
10213,2026-03-03,P002,C0207,R04,2,272555.0,209411.79,0.05
10267,2026-03-03,P029,C0219,R04,1,6650.0,3643.68,0.0
10641,2026-03-03,P040,C0123,R01,1,20425.0,15010.96,0.0
11005,2026-03-03,P002,C0007,R01,5,609662.5,452129.82,0.15
13166,2026-03-03,P024,C0003,R04,3,32775.0,18309.71,0.0
13947,2026-03-03,P025,C0093,R03,4,32490.0,19271.79,0.1
13980,2026-03-03,P049,C0197,R01,2,28880.0,20092.15,0.05
14175,2026-03-03,P033,C0177,R02,3,25650.0,18934.39,0.0
10046,2026-03-04,P033,C0106,R02,5,42750.0,31386.14,0.0
10570,2026-03-04,P030,C0460,R02,1,5415.0,3317.37,0.05
10785,2026-03-04,P040,C0387,R04,4,77615.0,56753.25,0.05
11101,2026-03-04,P011,C0197,R01,1,25270.0,18716.3,0.05
11117,2026-03-04,P016,C0489,R01,1,33843.75,23269.44,0.05
12274,2026-03-04,P044,C0469,R01,1,9025.0,6091.13,0.0
12527,2026-03-04,P034,C0043,R02,2,38000.0,27862.04,0.0
14155,2026-03-04,P048,C0123,R01,2,34200.0,23888.81,0.1
10144,2026-03-05,P004,C0269,R04,3,304950.0,240353.53,0.0
11946,2026-03-05,P044,C0303,R04,2,16245.0,11590.96,0.1
11982,2026-03-05,P011,C0284,R02,3,75810.0,52819.15,0.05
13131,2026-03-05,P025,C0478,R04,2,17147.5,10170.1,0.05
10052,2026-03-06,P033,C0470,R04,3,21802.5,16366.85,0.15
10434,2026-03-06,P050,C0266,R02,5,85500.0,59152.47,0.0
10604,2026-03-06,P044,C0308,R04,2,18050.0,12489.3,0.0
10624,2026-03-06,P001,C0075,R01,4,233700.0,179849.75,0.0
10690,2026-03-06,P036,C0255,R01,2,13680.0,9903.49,0.1
10852,2026-03-06,P023,C0054,R03,2,5700.0,3473.23,0.0
11808,2026-03-06,P036,C0399,R02,3,22800.0,17262.96,0.0
12756,2026-03-06,P002,C0180,R02,1,129105.0,96608.53,0.1
13494,2026-03-06,P042,C0210,R02,3,44887.5,31006.48,0.1
13555,2026-03-06,P032,C0206,R01,6,68400.0,47690.96,0.0
13898,2026-03-06,P046,C0380,R04,3,55147.5,37974.22,0.1
14427,2026-03-06,P040,C0402,R04,4,77615.0,60557.96,0.05
14462,2026-03-06,P017,C0406,R04,2,49637.5,37792.95,0.05
14708,2026-03-06,P039,C0329,R01,4,43605.0,34070.95,0.15
14937,2026-03-06,P047,C0490,R03,1,10925.0,7555.01,0.0
10382,2026-03-07,P038,C0266,R02,5,117325.0,82167.22,0.05
12003,2026-03-07,P003,C0012,R03,4,513000.0,384199.22,0.0
13106,2026-03-07,P007,C0261,R02,4,220210.0,168081.79,0.05
13413,2026-03-07,P049,C0309,R01,1,14440.0,9796.34,0.05
13621,2026-03-07,P040,C0212,R01,6,110295.0,79592.88,0.1
13948,2026-03-07,P011,C0481,R02,4,101080.0,74005.15,0.05
14093,2026-03-07,P025,C0033,R01,4,30685.0,17415.52,0.15
14296,2026-03-07,P029,C0408,R01,1,5985.0,3136.26,0.1
14815,2026-03-07,P042,C0043,R02,4,66500.0,44119.48,0.0
11043,2026-03-08,P042,C0124,R01,1,14962.5,10263.54,0.1
12738,2026-03-08,P037,C0354,R01,5,115425.0,77878.97,0.1
12780,2026-03-08,P034,C0104,R04,4,76000.0,56696.09,0.0
13445,2026-03-08,P012,C0062,R02,6,240967.5,175090.71,0.05
14512,2026-03-08,P009,C0072,R02,2,137180.0,110635.23,0.05
14729,2026-03-08,P023,C0492,R04,4,9690.0,5497.07,0.15
10109,2026-03-09,P027,C0190,R04,2,9405.0,5445.47,0.1
10232,2026-03-09,P023,C0312,R03,3,8550.0,4808.49,0.0
10345,2026-03-09,P036,C0419,R04,1,7600.0,5832.08,0.0
10697,2026-03-09,P018,C0072,R02,1,12183.75,8667.6,0.05
11035,2026-03-09,P015,C0400,R04,1,29925.0,21059.18,0.1
11597,2026-03-09,P039,C0331,R02,3,36551.25,25451.35,0.05
11647,2026-03-09,P043,C0127,R04,2,29782.5,19694.86,0.05
11770,2026-03-09,P026,C0297,R01,4,28880.0,16882.56,0.05
12216,2026-03-09,P040,C0171,R04,5,91912.5,68249.84,0.1
12357,2026-03-09,P026,C0272,R02,3,22800.0,13819.03,0.0
12380,2026-03-09,P045,C0223,R02,3,11400.0,7955.57,0.0
12599,2026-03-09,P006,C0131,R01,1,138510.0,108141.46,0.1
13388,2026-03-09,P045,C0316,R04,3,11400.0,7274.71,0.0
14643,2026-03-09,P038,C0377,R04,1,23465.0,17085.96,0.05
14895,2026-03-09,P039,C0423,R04,6,73102.5,55668.41,0.05
10740,2026-03-10,P017,C0194,R01,4,99275.0,70890.05,0.05
12369,2026-03-10,P024,C0383,R01,2,20757.5,12258.61,0.05
14219,2026-03-10,P020,C0258,R04,4,95000.0,67751.7,0.0
14491,2026-03-10,P014,C0477,R03,4,138700.0,99055.56,0.0
14926,2026-03-10,P023,C0424,R04,2,5130.0,2881.02,0.1
14949,2026-03-10,P033,C0427,R03,3,24367.5,17831.03,0.05
10161,2026-03-11,P046,C0303,R04,1,20425.0,13376.68,0.0
10168,2026-03-11,P031,C0341,R04,3,49875.0,37402.8,0.0
10406,2026-03-11,P006,C0376,R03,4,615600.0,470750.46,0.0
11199,2026-03-11,P044,C0126,R02,5,40612.5,28522.21,0.1
11916,2026-03-11,P011,C0314,R03,1,23940.0,18424.64,0.1
12043,2026-03-11,P043,C0030,R01,4,62700.0,43066.22,0.0
13116,2026-03-11,P028,C0154,R03,6,51300.0,28689.45,0.1
13134,2026-03-11,P008,C0032,R01,1,133950.0,102015.45,0.0
13917,2026-03-11,P016,C0368,R04,3,106875.0,78715.73,0.0
10998,2026-03-12,P018,C0460,R02,2,23085.0,17057.08,0.1
11093,2026-03-12,P050,C0051,R02,1,17100.0,11245.18,0.0
11436,2026-03-12,P035,C0260,R01,6,156750.0,120233.03,0.0
12194,2026-03-12,P025,C0130,R03,2,18050.0,10599.92,0.0
12660,2026-03-12,P030,C0217,R04,1,5700.0,3294.68,0.0
13014,2026-03-12,P003,C0229,R03,1,128250.0,94927.59,0.0
13420,2026-03-12,P002,C0488,R01,1,121932.5,93626.26,0.15
13763,2026-03-12,P004,C0433,R02,2,193135.0,144861.57,0.05
14100,2026-03-12,P025,C0319,R01,2,15342.5,8204.59,0.15
10078,2026-03-13,P026,C0357,R02,3,19380.0,10837.41,0.15
10419,2026-03-13,P034,C0027,R03,2,32300.0,24851.37,0.15
10517,2026-03-13,P024,C0454,R02,2,20757.5,12629.31,0.05
10929,2026-03-13,P031,C0385,R01,6,99750.0,72375.74,0.0
11174,2026-03-13,P020,C0176,R04,6,135375.0,94522.79,0.05
11442,2026-03-13,P048,C0273,R02,4,76000.0,55034.18,0.0
11829,2026-03-13,P041,C0184,R03,2,10260.0,6442.37,0.1
12343,2026-03-13,P018,C0030,R01,5,60918.75,46011.03,0.05
12509,2026-03-13,P002,C0293,R03,1,136277.5,104152.13,0.05
13665,2026-03-13,P008,C0074,R02,6,803700.0,632003.11,0.0
13876,2026-03-13,P017,C0361,R02,1,26125.0,20171.61,0.0
14819,2026-03-13,P028,C0356,R01,1,8550.0,4839.02,0.1
14932,2026-03-13,P003,C0097,R04,6,769500.0,610116.52,0.0
10066,2026-03-14,P004,C0220,R03,1,96567.5,71865.98,0.05
10100,2026-03-14,P005,C0424,R04,1,101175.0,73107.38,0.0
10254,2026-03-14,P003,C0174,R02,1,121837.5,98199.51,0.05
10281,2026-03-14,P011,C0222,R01,2,50540.0,34582.63,0.05
10428,2026-03-14,P004,C0075,R01,2,203300.0,147748.83,0.0
10709,2026-03-14,P049,C0351,R01,3,41040.0,27599.07,0.1
10900,2026-03-14,P015,C0227,R03,2,59850.0,41790.69,0.1
11537,2026-03-14,P027,C0157,R01,2,9927.5,5181.91,0.05
11660,2026-03-14,P021,C0348,R03,1,5866.25,3069.38,0.05
11866,2026-03-14,P008,C0122,R01,7,843885.0,640336.45,0.1
11888,2026-03-14,P010,C0483,R03,1,53010.0,39195.23,0.1
11928,2026-03-14,P009,C0328,R01,1,72200.0,55135.53,0.0
12570,2026-03-14,P010,C0039,R02,1,55955.0,41347.17,0.05
12620,2026-03-14,P041,C0169,R01,2,11400.0,8097.34,0.0
13143,2026-03-14,P012,C0156,R01,1,38047.5,28032.43,0.1
13497,2026-03-14,P041,C0452,R03,2,11400.0,7749.39,0.0
14001,2026-03-14,P012,C0490,R03,8,321290.0,231623.83,0.05
14238,2026-03-14,P045,C0468,R03,4,15200.0,10627.57,0.0
14371,2026-03-14,P008,C0217,R04,5,602775.0,462601.93,0.1
14785,2026-03-14,P046,C0480,R01,1,19403.75,12974.47,0.05
10586,2026-03-15,P024,C0235,R04,2,19665.0,11821.46,0.1
10739,2026-03-15,P037,C0379,R02,1,23085.0,16740.72,0.1
11366,2026-03-15,P028,C0282,R01,3,25650.0,14756.5,0.1
11372,2026-03-15,P033,C0048,R03,6,51300.0,35662.78,0.0
11513,2026-03-15,P026,C0435,R04,6,41040.0,24054.18,0.1
12027,2026-03-15,P036,C0151,R04,5,36100.0,26031.97,0.05
12428,2026-03-15,P032,C0251,R04,3,34200.0,25910.16,0.0
14094,2026-03-15,P002,C0306,R03,2,272555.0,202184.04,0.05
14714,2026-03-15,P027,C0422,R01,3,15675.0,9641.12,0.0
11088,2026-03-16,P043,C0284,R02,3,44673.75,29407.42,0.05
14139,2026-03-16,P001,C0124,R01,1,58425.0,41376.56,0.0
10484,2026-03-17,P004,C0100,R02,2,193135.0,147878.03,0.05
11362,2026-03-17,P009,C0330,R03,4,274360.0,199282.79,0.05
11802,2026-03-17,P033,C0466,R04,3,24367.5,18226.18,0.05
12008,2026-03-17,P010,C0055,R03,1,58900.0,47044.48,0.0
12287,2026-03-17,P007,C0307,R04,6,330315.0,245075.11,0.05
13005,2026-03-17,P028,C0143,R02,4,38000.0,21999.51,0.0
13983,2026-03-17,P022,C0255,R01,2,9500.0,5504.76,0.0
14558,2026-03-17,P011,C0220,R03,2,50540.0,36325.9,0.05
10055,2026-03-18,P027,C0345,R04,1,4441.25,2476.94,0.15
11080,2026-03-18,P029,C0020,R03,2,13300.0,7339.34,0.0
12721,2026-03-18,P019,C0011,R02,3,112575.0,78442.98,0.0
13433,2026-03-18,P014,C0428,R02,2,69350.0,49201.91,0.0
14609,2026-03-18,P012,C0453,R02,4,143735.0,101878.42,0.15
14807,2026-03-18,P006,C0477,R03,3,415530.0,311884.37,0.1
10006,2026-03-19,P033,C0277,R04,2,17100.0,13122.34,0.0
10284,2026-03-19,P018,C0171,R04,4,46170.0,31513.21,0.1
11791,2026-03-19,P044,C0042,R01,2,16245.0,10747.17,0.1
13102,2026-03-19,P032,C0014,R04,3,32490.0,22944.3,0.05
13112,2026-03-19,P012,C0058,R02,2,80322.5,60793.26,0.05
13736,2026-03-19,P042,C0064,R01,1,14131.25,9814.59,0.15
10061,2026-03-20,P029,C0111,R03,2,12635.0,7406.32,0.05
10350,2026-03-20,P023,C0135,R04,5,12825.0,7710.34,0.1
11407,2026-03-20,P043,C0302,R03,3,44673.75,32097.71,0.05
11422,2026-03-20,P042,C0235,R04,2,31587.5,20628.22,0.05
11430,2026-03-20,P006,C0318,R02,1,146205.0,112761.5,0.05
12302,2026-03-20,P038,C0425,R04,2,49400.0,38558.93,0.0
14300,2026-03-20,P010,C0282,R01,1,55955.0,42963.88,0.05
14630,2026-03-20,P039,C0062,R02,5,64125.0,47130.06,0.0
14681,2026-03-20,P031,C0477,R03,1,16625.0,12881.6,0.0
14695,2026-03-20,P009,C0199,R01,1,72200.0,56041.99,0.0
11276,2026-03-21,P050,C0286,R04,3,46170.0,31929.27,0.1
12499,2026-03-21,P013,C0125,R03,6,202350.0,152805.44,0.0
13392,2026-03-21,P047,C0500,R03,4,43700.0,29598.23,0.0
13781,2026-03-21,P032,C0075,R01,4,43320.0,32839.33,0.05
10933,2026-03-22,P021,C0013,R01,3,16672.5,9968.04,0.1
11029,2026-03-22,P002,C0460,R02,3,408832.5,294828.75,0.05
11764,2026-03-22,P018,C0446,R01,1,10901.25,7858.56,0.15
12241,2026-03-22,P009,C0121,R02,11,754490.0,525107.94,0.05
12530,2026-03-22,P006,C0193,R03,2,261630.0,198950.91,0.15
12843,2026-03-22,P008,C0135,R04,1,127252.5,97890.28,0.05
13612,2026-03-22,P023,C0162,R03,3,8122.5,4928.4,0.05
13623,2026-03-22,P014,C0317,R03,6,197647.5,141205.04,0.05
14683,2026-03-22,P050,C0298,R04,2,32490.0,20516.05,0.05
10331,2026-03-23,P031,C0372,R01,6,94762.5,70777.25,0.05
10600,2026-03-23,P009,C0158,R01,2,144400.0,114171.79,0.0
10677,2026-03-23,P003,C0274,R02,3,365512.5,277231.65,0.05
12119,2026-03-23,P042,C0301,R04,2,28262.5,19583.73,0.15
12538,2026-03-23,P038,C0448,R01,1,24700.0,17865.58,0.0
13374,2026-03-23,P036,C0104,R04,3,22800.0,16724.91,0.0
14743,2026-03-23,P019,C0213,R01,2,71297.5,51984.56,0.05
10436,2026-03-24,P031,C0024,R04,1,14962.5,10872.97,0.1
12098,2026-03-24,P033,C0300,R04,2,14535.0,11107.2,0.15
12445,2026-03-24,P031,C0040,R04,1,14131.25,10688.89,0.15
12446,2026-03-24,P041,C0342,R02,3,17100.0,11558.57,0.0
12793,2026-03-24,P009,C0361,R02,1,64980.0,48700.07,0.1
13318,2026-03-24,P016,C0220,R03,2,64125.0,47774.77,0.1
13365,2026-03-24,P029,C0037,R01,1,6317.5,3673.96,0.05
11971,2026-03-25,P022,C0153,R04,2,9025.0,5601.01,0.05
12611,2026-03-25,P008,C0324,R04,1,133950.0,97190.23,0.0
13903,2026-03-25,P019,C0467,R02,1,33772.5,24604.78,0.1
11200,2026-03-26,P036,C0301,R04,5,38000.0,27488.15,0.0
11598,2026-03-26,P001,C0128,R01,1,58425.0,41562.68,0.0
12284,2026-03-26,P005,C0164,R03,6,607050.0,469082.39,0.0
12392,2026-03-26,P020,C0458,R02,9,203062.5,147461.51,0.05
12456,2026-03-26,P009,C0368,R04,2,144400.0,109944.95,0.0
10071,2026-03-27,P005,C0008,R02,3,303525.0,238953.64,0.0
10579,2026-03-27,P049,C0409,R03,2,28880.0,19175.14,0.05
11268,2026-03-27,P018,C0343,R04,2,24367.5,18091.28,0.05
11415,2026-03-27,P025,C0313,R02,3,23013.75,13573.98,0.15
11751,2026-03-27,P042,C0444,R04,5,78968.75,51659.12,0.05
12935,2026-03-27,P046,C0102,R03,1,19403.75,13038.15,0.05
13452,2026-03-27,P003,C0189,R04,1,121837.5,89794.96,0.05
13661,2026-03-27,P024,C0218,R03,4,43700.0,25186.23,0.0
13830,2026-03-27,P022,C0178,R03,2,9500.0,5729.56,0.0
13869,2026-03-27,P023,C0306,R03,3,7695.0,4496.49,0.1
14687,2026-03-27,P013,C0153,R04,3,91057.5,66430.74,0.1
10079,2026-03-28,P002,C0201,R01,1,143450.0,109981.47,0.0
10300,2026-03-28,P027,C0122,R01,7,34746.25,19281.76,0.05
10344,2026-03-28,P038,C0125,R03,3,74100.0,54828.44,0.0
10479,2026-03-28,P031,C0397,R03,1,16625.0,13090.27,0.0
10713,2026-03-28,P050,C0298,R04,1,14535.0,9464.41,0.15
11038,2026-03-28,P045,C0300,R04,1,3610.0,2483.19,0.05
11144,2026-03-28,P035,C0329,R01,3,74456.25,54443.81,0.05
11329,2026-03-28,P001,C0335,R04,4,222015.0,170236.47,0.05
11438,2026-03-28,P014,C0487,R04,1,32941.25,24447.39,0.05
11469,2026-03-28,P021,C0387,R04,3,17598.75,10387.77,0.05
11510,2026-03-28,P012,C0017,R01,2,84550.0,62292.45,0.0
11648,2026-03-28,P015,C0378,R02,2,59850.0,42768.99,0.1
11798,2026-03-28,P001,C0315,R04,6,350550.0,277644.26,0.0
11852,2026-03-28,P050,C0300,R04,5,85500.0,59792.87,0.0
12045,2026-03-28,P040,C0369,R01,6,110295.0,79458.1,0.1
12076,2026-03-28,P023,C0048,R03,4,10260.0,5810.62,0.1
12553,2026-03-28,P005,C0225,R02,7,672813.75,523418.41,0.05
12735,2026-03-28,P006,C0409,R03,5,731025.0,555138.74,0.05
12959,2026-03-28,P003,C0318,R02,4,436050.0,335140.58,0.15
13162,2026-03-28,P027,C0079,R03,1,5225.0,3145.97,0.0
13471,2026-03-28,P001,C0432,R01,4,222015.0,161893.63,0.05
13574,2026-03-28,P028,C0481,R02,4,36100.0,21234.22,0.05
14039,2026-03-28,P003,C0412,R01,5,577125.0,418026.28,0.1
14195,2026-03-28,P029,C0176,R04,6,37905.0,21974.33,0.05
14251,2026-03-28,P027,C0323,R01,3,14107.5,8624.59,0.1
14281,2026-03-28,P035,C0027,R03,1,26125.0,18683.04,0.0
14428,2026-03-28,P037,C0287,R04,1,23085.0,16710.65,0.1
14520,2026-03-28,P008,C0255,R01,3,401850.0,311349.45,0.0
14908,2026-03-28,P044,C0147,R02,1,8122.5,4938.08,0.1
10058,2026-03-29,P033,C0208,R04,1,8550.0,6159.89,0.0
10417,2026-03-29,P037,C0164,R03,9,230850.0,169285.12,0.0
10578,2026-03-29,P006,C0399,R02,3,415530.0,308764.67,0.1
10736,2026-03-29,P011,C0307,R04,4,101080.0,70165.96,0.05
11207,2026-03-29,P047,C0280,R04,1,10378.75,6941.6,0.05
12135,2026-03-29,P022,C0302,R03,8,38000.0,22161.08,0.0
12973,2026-03-29,P031,C0417,R02,3,47381.25,38375.28,0.05
13239,2026-03-29,P015,C0432,R01,5,149625.0,103880.46,0.1
13327,2026-03-29,P048,C0210,R02,6,102600.0,70742.78,0.1
13544,2026-03-29,P034,C0371,R01,2,36100.0,25391.98,0.05
14282,2026-03-29,P006,C0077,R04,1,138510.0,107934.72,0.1
10327,2026-03-30,P021,C0259,R04,5,29331.25,16768.26,0.05
10616,2026-03-30,P001,C0023,R01,2,105165.0,84555.03,0.1
11679,2026-03-30,P039,C0290,R04,1,12825.0,9560.0,0.0
12215,2026-03-30,P008,C0461,R04,2,267900.0,196039.02,0.0
12315,2026-03-30,P001,C0323,R01,4,233700.0,168333.67,0.0
11313,2026-03-31,P049,C0171,R04,1,15200.0,10181.22,0.0
12179,2026-03-31,P020,C0317,R03,2,42750.0,31570.44,0.1
12576,2026-03-31,P044,C0040,R04,2,17147.5,11268.24,0.05
13027,2026-03-31,P020,C0224,R01,2,42750.0,29472.79,0.1
13878,2026-03-31,P036,C0049,R01,3,22800.0,16520.88,0.0
14108,2026-03-31,P001,C0118,R01,2,111007.5,84580.95,0.05
14779,2026-03-31,P018,C0309,R01,4,46170.0,30655.88,0.1
14900,2026-03-31,P049,C0327,R01,5,72200.0,51325.22,0.05
10089,2026-04-01,P041,C0096,R01,1,5244.0,3577.92,0.05
10126,2026-04-01,P020,C0212,R01,2,46000.0,33804.2,0.0
10399,2026-04-01,P002,C0179,R04,3,395922.0,297820.45,0.05
10934,2026-04-01,P043,C0075,R01,3,38709.0,26774.18,0.15
11185,2026-04-01,P002,C0015,R04,3,375084.0,293468.69,0.1
11204,2026-04-01,P041,C0352,R02,1,5520.0,4012.23,0.0
11256,2026-04-01,P044,C0477,R03,2,16606.0,10518.96,0.05
11886,2026-04-01,P046,C0395,R01,4,79120.0,53725.15,0.0
11987,2026-04-01,P015,C0377,R04,3,91770.0,66246.44,0.05
12303,2026-04-01,P049,C0395,R01,2,29440.0,20219.46,0.0
12410,2026-04-01,P043,C0366,R02,2,30360.0,20054.78,0.0
12600,2026-04-01,P026,C0012,R03,2,12512.0,7541.73,0.15
12792,2026-04-01,P041,C0491,R04,3,14904.0,10283.81,0.1
13409,2026-04-01,P003,C0493,R03,4,496800.0,399497.41,0.0
13780,2026-04-01,P049,C0471,R04,6,79488.0,56194.87,0.1
14529,2026-04-01,P011,C0056,R04,3,73416.0,51341.45,0.05
11342,2026-04-02,P011,C0068,R01,2,48944.0,38098.0,0.05
11705,2026-04-02,P018,C0366,R02,2,22356.0,15778.35,0.1
13695,2026-04-02,P025,C0137,R04,4,34960.0,20302.73,0.0
13743,2026-04-02,P002,C0441,R02,3,416760.0,321733.39,0.0
14166,2026-04-02,P004,C0031,R04,1,98440.0,74880.02,0.0
14578,2026-04-02,P017,C0336,R04,1,22770.0,16710.27,0.1
14724,2026-04-02,P050,C0096,R01,2,33120.0,22465.17,0.0
10458,2026-04-03,P026,C0414,R04,5,31280.0,17701.11,0.15
10871,2026-04-03,P019,C0390,R01,1,34523.0,24459.65,0.05
11387,2026-04-03,P049,C0095,R04,3,44160.0,28566.81,0.0
12012,2026-04-03,P001,C0265,R01,2,113160.0,84854.97,0.0
12608,2026-04-03,P034,C0489,R01,2,36800.0,25238.6,0.0
12744,2026-04-03,P033,C0380,R04,4,33120.0,24166.67,0.0
13312,2026-04-03,P008,C0436,R02,1,123234.0,91450.3,0.05
13753,2026-04-03,P006,C0064,R01,3,424764.0,335238.67,0.05
14503,2026-04-03,P030,C0012,R03,2,11040.0,6620.33,0.0
14745,2026-04-03,P045,C0280,R04,1,3680.0,2461.88,0.0
14965,2026-04-03,P026,C0025,R01,10,73600.0,44326.0,0.0
10989,2026-04-04,P014,C0331,R02,4,127604.0,89536.95,0.05
12034,2026-04-04,P049,C0046,R04,1,13984.0,9888.21,0.05
12647,2026-04-04,P029,C0476,R02,3,19320.0,10902.19,0.0
12741,2026-04-04,P022,C0176,R04,3,13110.0,7463.08,0.05
13383,2026-04-04,P044,C0200,R03,4,29716.0,20356.22,0.15
13998,2026-04-04,P023,C0149,R02,2,5244.0,3041.0,0.05
14521,2026-04-04,P010,C0028,R03,3,171120.0,134057.25,0.0
14755,2026-04-04,P047,C0115,R01,3,28566.0,19270.69,0.1
14979,2026-04-04,P022,C0105,R04,2,9200.0,5051.41,0.0
10420,2026-04-05,P037,C0172,R02,2,44712.0,33904.54,0.1
11270,2026-04-05,P027,C0293,R03,6,28842.0,16106.33,0.05
11832,2026-04-05,P014,C0145,R02,2,63802.0,46177.46,0.05
13258,2026-04-05,P033,C0298,R04,1,7866.0,5828.89,0.05
11379,2026-04-06,P022,C0341,R04,1,4370.0,2528.22,0.05
11785,2026-04-06,P037,C0074,R02,2,47196.0,33244.94,0.05
11991,2026-04-06,P008,C0182,R01,5,583740.0,463200.35,0.1
12061,2026-04-06,P049,C0240,R03,2,27968.0,19730.75,0.05
12551,2026-04-06,P041,C0334,R01,1,5520.0,3648.83,0.0
12699,2026-04-06,P041,C0275,R04,1,5520.0,3731.41,0.0
13671,2026-04-06,P033,C0118,R01,4,29808.0,21760.19,0.1
14052,2026-04-06,P042,C0240,R03,2,32200.0,21618.03,0.0
14592,2026-04-06,P014,C0205,R01,6,181332.0,135879.82,0.1
14855,2026-04-06,P027,C0272,R02,8,36432.0,20246.55,0.1
10667,2026-04-07,P004,C0289,R04,2,177192.0,140254.27,0.1
11172,2026-04-07,P036,C0114,R02,1,6992.0,5456.16,0.05
11613,2026-04-07,P017,C0160,R04,6,151800.0,106041.32,0.0
11796,2026-04-07,P002,C0224,R01,2,250056.0,200342.06,0.1
12528,2026-04-07,P045,C0306,R03,1,3128.0,1958.84,0.15
13715,2026-04-07,P014,C0495,R02,2,67160.0,47573.56,0.0
14037,2026-04-07,P035,C0102,R03,3,72105.0,54429.29,0.05
14146,2026-04-07,P048,C0452,R03,6,110400.0,76375.31,0.0
14176,2026-04-07,P009,C0209,R04,3,209760.0,166118.97,0.0
10104,2026-04-08,P028,C0325,R03,1,8740.0,4758.54,0.05
11589,2026-04-08,P007,C0172,R02,4,224480.0,176744.02,0.0
12981,2026-04-08,P032,C0327,R01,4,44160.0,32922.16,0.0
13602,2026-04-08,P028,C0242,R02,2,15640.0,8949.22,0.15
13757,2026-04-08,P047,C0140,R04,4,40204.0,27371.69,0.05
14095,2026-04-08,P016,C0119,R02,2,58650.0,37868.77,0.15
14111,2026-04-08,P018,C0170,R03,4,44712.0,33752.14,0.1
14118,2026-04-08,P011,C0078,R04,1,23184.0,16370.02,0.1
14190,2026-04-08,P002,C0263,R02,3,395922.0,305468.99,0.05
14327,2026-04-08,P010,C0298,R04,1,51336.0,36746.07,0.1
14448,2026-04-08,P019,C0218,R03,2,69046.0,48431.48,0.05
14457,2026-04-08,P047,C0311,R01,1,10580.0,7227.18,0.0
14611,2026-04-08,P012,C0249,R01,4,147384.0,115403.22,0.1
10244,2026-04-09,P022,C0429,R04,2,8280.0,4297.66,0.1
10645,2026-04-09,P016,C0206,R01,5,155250.0,113067.4,0.1
10865,2026-04-09,P040,C0012,R03,2,35604.0,27180.19,0.1
11169,2026-04-09,P018,C0306,R03,5,62100.0,45663.83,0.0
12365,2026-04-09,P016,C0052,R01,6,196650.0,152510.94,0.05
12492,2026-04-09,P032,C0370,R04,4,41952.0,31420.27,0.05
13401,2026-04-09,P009,C0393,R01,1,69920.0,56633.15,0.0
13822,2026-04-09,P024,C0434,R01,4,42320.0,26486.77,0.0
13856,2026-04-09,P023,C0046,R04,1,2346.0,1319.51,0.15
14110,2026-04-09,P032,C0121,R02,2,22080.0,16606.97,0.0
14652,2026-04-09,P037,C0458,R02,2,49680.0,34881.42,0.0
14915,2026-04-09,P009,C0074,R02,3,209760.0,158726.49,0.0
10264,2026-04-10,P044,C0082,R04,1,7866.0,5458.65,0.1
11570,2026-04-10,P014,C0289,R04,1,33580.0,23876.05,0.0
12310,2026-04-10,P023,C0327,R01,1,2484.0,1391.22,0.1
12584,2026-04-10,P032,C0488,R01,4,44160.0,32313.56,0.0
13424,2026-04-10,P049,C0089,R03,3,41952.0,28320.39,0.05
13657,2026-04-10,P045,C0445,R04,2,7360.0,5261.27,0.0
14358,2026-04-10,P016,C0358,R01,6,196650.0,146214.38,0.05
14377,2026-04-10,P012,C0261,R02,2,77786.0,54580.16,0.05
14526,2026-04-10,P004,C0064,R01,3,280554.0,210015.37,0.05
14631,2026-04-10,P026,C0179,R04,2,12512.0,8258.65,0.15
14777,2026-04-10,P036,C0371,R01,4,27968.0,21183.74,0.05
14924,2026-04-10,P016,C0481,R02,1,34500.0,24966.38,0.0
10838,2026-04-11,P046,C0012,R03,5,98900.0,66745.17,0.0
11704,2026-04-11,P040,C0326,R04,1,18791.0,14555.56,0.05
12521,2026-04-11,P034,C0266,R02,3,46920.0,34366.44,0.15
14738,2026-04-11,P030,C0155,R01,2,11040.0,6949.35,0.0
10076,2026-04-12,P024,C0357,R02,6,60306.0,35912.34,0.05
11944,2026-04-12,P019,C0194,R01,1,32706.0,23387.55,0.1
12201,2026-04-12,P027,C0430,R01,3,15180.0,8703.27,0.0
12378,2026-04-12,P049,C0102,R03,2,26496.0,17726.39,0.1
12815,2026-04-12,P004,C0405,R04,5,467590.0,351452.19,0.05
12878,2026-04-12,P011,C0479,R04,1,23184.0,16954.46,0.1
10734,2026-04-13,P023,C0086,R03,4,11040.0,6677.56,0.0
10773,2026-04-13,P031,C0268,R01,5,76475.0,52234.93,0.05
11122,2026-04-13,P009,C0392,R03,11,769120.0,607653.4,0.0
11260,2026-04-13,P025,C0338,R01,1,8303.0,4656.36,0.05
11477,2026-04-13,P012,C0152,R03,6,233358.0,164456.94,0.05
11721,2026-04-13,P036,C0498,R04,1,6992.0,5035.25,0.05
12691,2026-04-13,P047,C0392,R03,6,63480.0,42994.55,0.0
13199,2026-04-13,P037,C0303,R04,3,63342.0,45621.97,0.15
14075,2026-04-13,P040,C0050,R01,3,53406.0,38080.59,0.1
10662,2026-04-14,P049,C0030,R01,4,55936.0,37591.5,0.05
10674,2026-04-14,P030,C0298,R04,2,10488.0,5818.74,0.05
10822,2026-04-14,P027,C0252,R04,3,12903.0,7536.6,0.15
11318,2026-04-14,P026,C0483,R03,1,6992.0,4163.71,0.05
12108,2026-04-14,P030,C0093,R03,2,9384.0,4962.76,0.15
12243,2026-04-14,P038,C0432,R01,2,47840.0,33282.3,0.0
13705,2026-04-14,P031,C0434,R01,2,30590.0,22842.39,0.05
14208,2026-04-14,P041,C0292,R04,1,5520.0,3710.55,0.0
10154,2026-04-15,P004,C0422,R01,6,561108.0,433922.38,0.05
10257,2026-04-15,P019,C0098,R02,2,61778.0,43545.07,0.15
10757,2026-04-15,P037,C0095,R04,1,23598.0,17740.18,0.05
10786,2026-04-15,P031,C0161,R04,5,80500.0,60417.29,0.0
10834,2026-04-15,P042,C0054,R03,6,96600.0,66044.19,0.0
11004,2026-04-15,P028,C0416,R04,3,26220.0,15047.82,0.05
11238,2026-04-15,P005,C0267,R03,1,97980.0,75968.01,0.0
11380,2026-04-15,P042,C0343,R04,2,32200.0,21334.35,0.0
11894,2026-04-15,P029,C0259,R04,1,6440.0,3660.74,0.0
12091,2026-04-15,P004,C0188,R02,2,187036.0,137235.88,0.05
13597,2026-04-15,P009,C0405,R04,6,398544.0,291582.76,0.05
14599,2026-04-15,P002,C0429,R04,3,395922.0,300248.6,0.05
10988,2026-04-16,P044,C0244,R01,6,52440.0,34520.45,0.0
14245,2026-04-16,P002,C0244,R01,2,263948.0,194920.14,0.05
14388,2026-04-16,P023,C0026,R02,3,8280.0,4639.13,0.0
10609,2026-04-17,P042,C0401,R03,1,16100.0,11444.2,0.0
11164,2026-04-17,P025,C0128,R01,3,23598.0,14435.68,0.1
11355,2026-04-17,P025,C0133,R04,6,47196.0,25220.82,0.1
12205,2026-04-17,P033,C0241,R02,6,47196.0,34916.32,0.05
12264,2026-04-17,P021,C0246,R02,3,15249.0,8485.71,0.15
12787,2026-04-17,P008,C0235,R04,1,116748.0,82786.8,0.1
13017,2026-04-17,P030,C0007,R01,3,15732.0,9217.05,0.05
13681,2026-04-17,P012,C0116,R04,4,147384.0,105251.1,0.1
13825,2026-04-17,P027,C0378,R02,1,4301.0,2685.77,0.15
14262,2026-04-17,P048,C0405,R04,1,18400.0,12458.86,0.0
14533,2026-04-17,P047,C0188,R02,5,47610.0,33900.93,0.1
10529,2026-04-18,P002,C0469,R01,4,527896.0,401969.9,0.05
11453,2026-04-18,P046,C0391,R03,3,59340.0,40106.9,0.0
12309,2026-04-18,P037,C0298,R04,5,124200.0,87931.9,0.0
12449,2026-04-18,P040,C0228,R02,3,59340.0,42256.53,0.0
12651,2026-04-18,P024,C0366,R02,2,20102.0,11272.92,0.05
12971,2026-04-18,P032,C0214,R04,1,9936.0,7494.07,0.1
13259,2026-04-18,P035,C0181,R04,3,68310.0,51607.2,0.1
13674,2026-04-18,P012,C0010,R04,1,36846.0,26258.9,0.1
14677,2026-04-18,P041,C0345,R04,1,5520.0,3835.78,0.0
14715,2026-04-18,P041,C0356,R01,3,15732.0,10898.1,0.05
10010,2026-04-19,P009,C0381,R04,2,139840.0,102938.63,0.0
10402,2026-04-19,P049,C0238,R04,2,26496.0,17583.48,0.1
11818,2026-04-19,P016,C0346,R03,2,65550.0,48700.82,0.05
11834,2026-04-19,P023,C0432,R01,5,13800.0,7941.1,0.0
12743,2026-04-19,P047,C0138,R04,2,20102.0,14289.31,0.05
13738,2026-04-19,P028,C0361,R02,1,8740.0,4921.69,0.05
13811,2026-04-19,P006,C0245,R02,5,707940.0,565338.74,0.05
14426,2026-04-19,P016,C0063,R04,1,29325.0,21310.24,0.15
10373,2026-04-20,P019,C0213,R01,2,72680.0,52529.8,0.0
10904,2026-04-20,P024,C0156,R01,3,31740.0,17814.16,0.0
11365,2026-04-20,P022,C0156,R01,1,4140.0,2223.1,0.1
12231,2026-04-20,P011,C0363,R02,3,73416.0,53523.36,0.05
13056,2026-04-20,P004,C0114,R02,4,393760.0,296052.85,0.0
13185,2026-04-20,P044,C0323,R01,2,15732.0,10302.34,0.1
13196,2026-04-20,P046,C0294,R04,3,59340.0,37502.1,0.0
13488,2026-04-20,P043,C0417,R02,4,54648.0,38172.09,0.1
13791,2026-04-20,P003,C0298,R04,8,943920.0,728307.12,0.05
14991,2026-04-20,P028,C0350,R01,3,27600.0,17802.51,0.0
10178,2026-04-21,P037,C0098,R02,1,22356.0,16409.58,0.1
10353,2026-04-21,P049,C0382,R04,2,27968.0,19017.42,0.05
10492,2026-04-21,P002,C0357,R02,2,277840.0,214775.33,0.0
11223,2026-04-21,P021,C0486,R03,2,10166.0,5860.89,0.15
11525,2026-04-21,P011,C0304,R01,1,23184.0,16866.27,0.1
11803,2026-04-21,P001,C0247,R01,1,56580.0,42660.58,0.0
11966,2026-04-21,P013,C0375,R01,2,62054.0,46774.83,0.05
12333,2026-04-21,P008,C0138,R04,5,616170.0,449594.35,0.05
13169,2026-04-21,P009,C0424,R04,3,178296.0,139367.39,0.15
13511,2026-04-21,P011,C0487,R04,4,103040.0,73718.08,0.0
13925,2026-04-21,P037,C0377,R04,4,89424.0,65823.8,0.1
10594,2026-04-22,P016,C0487,R04,4,124200.0,89398.02,0.1
10678,2026-04-22,P020,C0291,R04,3,69000.0,49624.13,0.0
11419,2026-04-22,P035,C0278,R02,1,25300.0,18496.07,0.0
11621,2026-04-22,P001,C0092,R01,3,161253.0,120285.38,0.05
11919,2026-04-22,P007,C0117,R01,2,112240.0,81532.82,0.0
12062,2026-04-22,P030,C0415,R01,2,10488.0,6220.29,0.05
12197,2026-04-22,P032,C0191,R02,1,9936.0,7521.01,0.1
12882,2026-04-22,P046,C0116,R04,4,67252.0,45248.51,0.15
13305,2026-04-22,P042,C0415,R01,5,76475.0,50510.7,0.05
13545,2026-04-22,P027,C0011,R02,1,4554.0,2500.7,0.1
13717,2026-04-22,P011,C0405,R04,4,92736.0,68128.87,0.1
13835,2026-04-22,P041,C0161,R04,1,4692.0,3095.77,0.15
13997,2026-04-22,P046,C0106,R02,3,53406.0,35498.84,0.1
14654,2026-04-22,P044,C0101,R01,6,52440.0,36098.68,0.0
10460,2026-04-23,P033,C0499,R04,1,7038.0,5264.48,0.15
10771,2026-04-23,P019,C0424,R04,1,34523.0,25235.16,0.05
11102,2026-04-23,P014,C0455,R04,4,120888.0,83706.6,0.1
11674,2026-04-23,P028,C0058,R02,1,9200.0,5019.53,0.0
12462,2026-04-23,P043,C0138,R04,5,75900.0,52514.0,0.0
12913,2026-04-23,P021,C0420,R01,2,10764.0,6637.78,0.1
13212,2026-04-23,P024,C0172,R02,1,10580.0,6192.94,0.0
14392,2026-04-23,P048,C0082,R04,3,49680.0,34815.43,0.1
10309,2026-04-24,P039,C0320,R02,2,24840.0,18521.98,0.0
10585,2026-04-24,P021,C0035,R02,6,34086.0,19798.99,0.05
10612,2026-04-24,P005,C0362,R04,3,279243.0,208312.82,0.05
10788,2026-04-24,P020,C0484,R04,2,41400.0,30815.04,0.1
12068,2026-04-24,P008,C0250,R01,1,123234.0,90775.85,0.05
12670,2026-04-24,P033,C0415,R01,3,23598.0,17842.58,0.05
12775,2026-04-24,P048,C0353,R02,6,104880.0,74004.94,0.05
13673,2026-04-24,P007,C0127,R04,4,224480.0,164860.84,0.0
13908,2026-04-24,P033,C0115,R01,3,21114.0,16577.22,0.15
14134,2026-04-24,P001,C0342,R02,2,107502.0,85301.89,0.05
10618,2026-04-25,P001,C0488,R01,1,50922.0,38060.37,0.1
11006,2026-04-25,P037,C0100,R02,4,94392.0,69393.02,0.05
11350,2026-04-25,P023,C0011,R02,2,5520.0,3258.59,0.0
11635,2026-04-25,P045,C0064,R01,1,3496.0,2398.54,0.05
12748,2026-04-25,P033,C0195,R01,1,7866.0,5532.04,0.05
13709,2026-04-25,P031,C0243,R01,6,91770.0,73108.46,0.05
14997,2026-04-25,P035,C0455,R04,1,25300.0,19177.67,0.0
10457,2026-04-26,P028,C0161,R04,1,8740.0,5153.87,0.05
10650,2026-04-26,P011,C0375,R01,1,24472.0,17286.82,0.05
11817,2026-04-26,P048,C0013,R01,5,92000.0,62689.75,0.0
13549,2026-04-26,P007,C0359,R04,1,56120.0,42291.74,0.0
13638,2026-04-26,P048,C0378,R02,5,87400.0,57250.64,0.05
14096,2026-04-26,P046,C0479,R04,4,79120.0,54466.06,0.0
14585,2026-04-26,P040,C0086,R03,5,98900.0,71297.07,0.0
14698,2026-04-26,P010,C0468,R03,3,162564.0,121666.92,0.05
14846,2026-04-26,P025,C0016,R02,1,8740.0,5151.19,0.0
10602,2026-04-27,P011,C0211,R04,2,46368.0,34552.62,0.1
10956,2026-04-27,P007,C0370,R04,2,106628.0,76778.23,0.05
11259,2026-04-27,P008,C0035,R02,3,369702.0,279010.97,0.05
12754,2026-04-27,P050,C0299,R04,1,14076.0,9917.5,0.15
13754,2026-04-27,P042,C0265,R01,4,64400.0,42710.22,0.0
13930,2026-04-27,P031,C0018,R03,2,32200.0,22270.99,0.0
14584,2026-04-27,P005,C0005,R02,1,97980.0,77357.84,0.0
14753,2026-04-27,P047,C0427,R03,3,28566.0,18983.57,0.1
10796,2026-04-28,P036,C0449,R03,1,6624.0,5019.36,0.1
10935,2026-04-28,P006,C0181,R04,1,149040.0,113843.45,0.0
12391,2026-04-28,P050,C0108,R04,1,14904.0,10277.85,0.1
12549,2026-04-28,P035,C0250,R01,1,22770.0,17156.77,0.1
13013,2026-04-28,P022,C0127,R04,4,18400.0,11719.47,0.0
13230,2026-04-28,P043,C0217,R04,2,30360.0,19875.05,0.0
13655,2026-04-28,P022,C0341,R04,2,7820.0,4834.87,0.15
14456,2026-04-28,P038,C0041,R02,1,22724.0,17042.35,0.05
10912,2026-04-29,P034,C0251,R04,3,55200.0,42394.99,0.0
11488,2026-04-29,P015,C0441,R02,1,32200.0,22287.52,0.0
11617,2026-04-29,P007,C0115,R01,6,303048.0,250127.56,0.1
13228,2026-04-29,P050,C0420,R01,1,16560.0,11019.54,0.0
13514,2026-04-29,P007,C0471,R04,3,168360.0,130346.29,0.0
14040,2026-04-29,P030,C0406,R04,2,11040.0,6541.78,0.0
10637,2026-04-30,P012,C0313,R02,4,155572.0,110787.6,0.05
11171,2026-04-30,P032,C0376,R03,2,22080.0,16829.84,0.0
12128,2026-04-30,P015,C0083,R04,2,54740.0,40641.95,0.15
12483,2026-04-30,P033,C0151,R04,1,8280.0,5795.8,0.0
12912,2026-04-30,P017,C0250,R01,2,48070.0,35918.03,0.05
13093,2026-04-30,P016,C0154,R03,7,217350.0,160296.76,0.1
13632,2026-04-30,P004,C0373,R01,2,177192.0,140773.6,0.1
13707,2026-04-30,P025,C0277,R04,4,34960.0,20988.18,0.0
14034,2026-04-30,P021,C0356,R01,2,11362.0,6940.31,0.05
14435,2026-04-30,P047,C0053,R01,5,50255.0,35521.35,0.05
10694,2026-05-01,P017,C0109,R01,1,22907.5,16850.57,0.15
11265,2026-05-01,P004,C0480,R01,4,377496.0,298966.92,0.1
12466,2026-05-01,P041,C0481,R02,1,5880.0,3988.74,0.0
13021,2026-05-01,P005,C0469,R01,2,198303.0,155746.68,0.05
13404,2026-05-01,P005,C0438,R02,1,99151.5,75806.52,0.05
14487,2026-05-01,P026,C0094,R01,1,7840.0,4617.95,0.0
14792,2026-05-01,P024,C0153,R04,4,45080.0,26733.31,0.0
10776,2026-05-02,P049,C0161,R04,5,74480.0,47509.19,0.05
10877,2026-05-02,P028,C0254,R02,4,37240.0,21750.69,0.05
13073,2026-05-02,P042,C0498,R04,2,30870.0,19652.3,0.1
14679,2026-05-02,P019,C0013,R01,1,36774.5,26526.66,0.05
11037,2026-05-03,P028,C0182,R01,4,39200.0,22305.07,0.0
11217,2026-05-03,P037,C0121,R02,6,158760.0,121781.55,0.0
11498,2026-05-03,P025,C0409,R03,1,8844.5,5107.9,0.05
12832,2026-05-03,P043,C0468,R03,2,29106.0,20691.72,0.1
13909,2026-05-03,P023,C0115,R01,7,18522.0,10173.63,0.1
11149,2026-05-04,P005,C0444,R04,1,99151.5,75861.23,0.05
11684,2026-05-04,P011,C0116,R04,5,123480.0,87849.69,0.1
11750,2026-05-04,P042,C0205,R01,1,16292.5,11096.26,0.05
11823,2026-05-04,P029,C0139,R03,1,6517.0,3809.56,0.05
12579,2026-05-04,P014,C0077,R04,3,101944.5,73424.27,0.05
12957,2026-05-04,P009,C0062,R02,2,141512.0,106849.12,0.05
13361,2026-05-04,P030,C0106,R02,1,5880.0,3424.9,0.0
13751,2026-05-04,P003,C0198,R03,1,125685.0,93745.59,0.05
14391,2026-05-04,P020,C0445,R04,3,73500.0,55223.22,0.0
14824,2026-05-04,P006,C0018,R03,1,150822.0,115736.61,0.05
14911,2026-05-04,P037,C0390,R01,6,150822.0,111900.68,0.05
10959,2026-05-05,P049,C0221,R03,5,74480.0,51750.97,0.05
13764,2026-05-05,P030,C0333,R02,2,11172.0,6679.6,0.05
14266,2026-05-05,P021,C0105,R04,4,25480.0,15300.05,0.0
10741,2026-05-06,P046,C0339,R01,2,42140.0,30134.27,0.0
10819,2026-05-06,P011,C0005,R02,3,74088.0,52220.58,0.1
11250,2026-05-06,P022,C0067,R04,1,4410.0,2621.16,0.1
11645,2026-05-06,P004,C0180,R02,1,94374.0,68544.33,0.1
12143,2026-05-06,P043,C0176,R04,4,58212.0,39646.73,0.1
12507,2026-05-06,P033,C0389,R04,2,17640.0,12330.77,0.0
13637,2026-05-06,P040,C0320,R02,1,21070.0,14983.41,0.0
14248,2026-05-06,P002,C0087,R01,1,147980.0,113355.82,0.0
14471,2026-05-06,P044,C0279,R01,4,33516.0,22329.48,0.1
10218,2026-05-07,P005,C0081,R02,4,396606.0,312191.64,0.05
11781,2026-05-07,P014,C0439,R01,3,107310.0,76467.94,0.0
11833,2026-05-07,P008,C0047,R02,3,393813.0,315503.34,0.05
11921,2026-05-07,P006,C0054,R03,3,476280.0,360099.66,0.0
12498,2026-05-07,P030,C0422,R01,3,16758.0,8721.66,0.05
13092,2026-05-07,P016,C0035,R02,1,34912.5,24460.46,0.05
13231,2026-05-07,P046,C0212,R01,3,63210.0,42414.93,0.0
13590,2026-05-07,P008,C0340,R02,6,787626.0,576277.65,0.05
13686,2026-05-07,P021,C0384,R02,3,19110.0,11453.16,0.0
13970,2026-05-07,P017,C0352,R02,4,102410.0,75902.93,0.05
10114,2026-05-08,P007,C0395,R01,3,179340.0,133301.9,0.0
11039,2026-05-08,P013,C0123,R01,1,31311.0,22550.47,0.1
11056,2026-05-08,P032,C0012,R03,5,58800.0,44171.26,0.0
11323,2026-05-08,P003,C0212,R01,2,264600.0,201171.36,0.0
11706,2026-05-08,P027,C0492,R04,2,10780.0,5983.55,0.0
12902,2026-05-08,P039,C0236,R02,4,50274.0,33739.8,0.05
12915,2026-05-08,P008,C0076,R02,1,124362.0,93797.68,0.1
13516,2026-05-08,P015,C0390,R01,4,137200.0,99882.55,0.0
13906,2026-05-08,P022,C0169,R01,4,17640.0,10102.32,0.1
10177,2026-05-09,P026,C0042,R01,1,7448.0,4663.21,0.05
11306,2026-05-09,P010,C0379,R02,1,57722.0,44046.55,0.05
11392,2026-05-09,P047,C0198,R03,3,32119.5,21647.97,0.05
11844,2026-05-09,P030,C0179,R04,4,22344.0,13269.59,0.05
13147,2026-05-09,P017,C0416,R04,1,26950.0,19741.43,0.0
13295,2026-05-09,P018,C0115,R01,4,52920.0,39400.3,0.0
13957,2026-05-09,P002,C0428,R02,6,843486.0,633558.52,0.05
14603,2026-05-09,P001,C0279,R01,4,241080.0,184914.46,0.0
11390,2026-05-10,P029,C0494,R02,1,6860.0,4087.94,0.0
11624,2026-05-10,P045,C0256,R03,3,10584.0,7060.3,0.1
12478,2026-05-10,P039,C0248,R04,2,25137.0,18251.08,0.05
13080,2026-05-10,P045,C0338,R01,2,7056.0,4464.03,0.1
13350,2026-05-10,P003,C0039,R02,2,224910.0,169173.9,0.15
13410,2026-05-10,P001,C0410,R01,5,301350.0,231851.12,0.0
13469,2026-05-10,P025,C0265,R01,2,16758.0,10182.28,0.1
13484,2026-05-10,P005,C0039,R02,4,417480.0,301565.22,0.0
14638,2026-05-10,P046,C0178,R03,3,53728.5,35761.82,0.15
11015,2026-05-11,P028,C0334,R01,6,52920.0,29326.57,0.1
12288,2026-05-11,P039,C0396,R04,3,33736.5,24994.59,0.15
12922,2026-05-11,P007,C0089,R03,4,227164.0,185653.89,0.05
13237,2026-05-11,P004,C0459,R01,1,99617.0,78026.87,0.05
13896,2026-05-11,P043,C0062,R02,3,43659.0,28060.31,0.1
10231,2026-05-12,P044,C0166,R04,1,9310.0,6348.24,0.0
10843,2026-05-12,P041,C0184,R03,9,52920.0,34974.61,0.0
11861,2026-05-12,P019,C0327,R01,6,220647.0,151828.5,0.05
11902,2026-05-12,P042,C0117,R01,11,179217.5,120641.64,0.05
13341,2026-05-12,P014,C0250,R01,1,33981.5,23522.05,0.05
13720,2026-05-12,P029,C0467,R02,2,13034.0,7487.97,0.05
14299,2026-05-12,P045,C0148,R04,1,3920.0,2750.28,0.0
14560,2026-05-12,P004,C0500,R03,1,99617.0,75750.07,0.05
11084,2026-05-13,P023,C0463,R03,2,4998.0,2897.93,0.15
12140,2026-05-13,P042,C0437,R01,6,92610.0,62109.69,0.1
13432,2026-05-13,P031,C0469,R01,1,15435.0,11269.93,0.1
13779,2026-05-13,P013,C0412,R01,5,165252.5,126361.88,0.05
13803,2026-05-13,P030,C0083,R04,3,15876.0,9348.33,0.1
14156,2026-05-13,P001,C0441,R02,2,108486.0,84293.6,0.1
10777,2026-05-14,P044,C0296,R04,1,9310.0,6026.15,0.0
10848,2026-05-14,P021,C0287,R04,6,34398.0,20135.14,0.1
11667,2026-05-14,P040,C0420,R01,4,75852.0,58325.78,0.1
12448,2026-05-14,P044,C0262,R04,2,16758.0,11473.86,0.1
12760,2026-05-14,P022,C0075,R01,2,9310.0,5050.05,0.05
13020,2026-05-14,P036,C0464,R01,1,7448.0,5680.18,0.05
13081,2026-05-14,P029,C0328,R01,3,19551.0,11502.94,0.05
13168,2026-05-14,P023,C0456,R04,5,13965.0,7622.91,0.05
13254,2026-05-14,P045,C0142,R02,3,11760.0,8333.71,0.0
13439,2026-05-14,P015,C0423,R04,5,171500.0,125150.84,0.0
13928,2026-05-14,P017,C0217,R04,4,97020.0,63923.48,0.1
14144,2026-05-14,P032,C0478,R04,5,55860.0,42139.49,0.05
14417,2026-05-14,P049,C0041,R02,6,94080.0,63653.47,0.0
14672,2026-05-14,P006,C0347,R03,4,635040.0,452383.25,0.0
14744,2026-05-14,P026,C0402,R04,2,13328.0,7711.92,0.15
14772,2026-05-14,P028,C0230,R01,4,37240.0,21656.32,0.05
10432,2026-05-15,P031,C0206,R01,6,92610.0,66069.94,0.1
10504,2026-05-15,P013,C0048,R03,1,33050.5,24135.43,0.05
14761,2026-05-15,P043,C0134,R04,3,46084.5,32128.04,0.05
10127,2026-05-16,P029,C0400,R04,4,23324.0,13517.66,0.15
10524,2026-05-16,P011,C0087,R01,2,52136.0,40142.49,0.05
11072,2026-05-16,P005,C0034,R02,6,626220.0,457637.44,0.0
11937,2026-05-16,P037,C0112,R02,2,52920.0,38185.74,0.0
12835,2026-05-16,P049,C0078,R04,3,42336.0,29278.11,0.1
12899,2026-05-16,P041,C0183,R03,1,4998.0,3398.95,0.15
13395,2026-05-16,P039,C0179,R04,3,35721.0,27971.33,0.1
10163,2026-05-17,P050,C0267,R03,2,33516.0,23243.86,0.05
10243,2026-05-17,P037,C0388,R04,1,26460.0,19869.92,0.0
10330,2026-05-17,P049,C0431,R02,1,14896.0,10202.2,0.05
10557,2026-05-17,P025,C0385,R01,6,53067.0,29190.76,0.05
11108,2026-05-17,P018,C0041,R02,4,50274.0,35256.24,0.05
11319,2026-05-17,P032,C0260,R01,4,44688.0,33305.42,0.05
12234,2026-05-17,P031,C0088,R04,2,32585.0,24839.8,0.05
12330,2026-05-17,P014,C0044,R02,2,67963.0,46571.16,0.05
12351,2026-05-17,P027,C0070,R03,4,21560.0,12945.49,0.0
12370,2026-05-17,P010,C0100,R02,1,54684.0,42001.35,0.1
13346,2026-05-17,P033,C0477,R03,1,7497.0,5597.52,0.15
13460,2026-05-17,P043,C0397,R03,1,14553.0,9850.25,0.1
13547,2026-05-17,P004,C0202,R01,2,188748.0,146244.56,0.1
13584,2026-05-17,P012,C0311,R01,2,82859.0,60467.77,0.05
14017,2026-05-17,P028,C0290,R04,2,18620.0,10150.16,0.05
14213,2026-05-17,P014,C0483,R03,1,35770.0,24985.38,0.0
14311,2026-05-17,P016,C0089,R03,1,36750.0,27875.05,0.0
14835,2026-05-17,P014,C0198,R03,2,67963.0,49792.22,0.05
13453,2026-05-18,P008,C0498,R04,6,829080.0,652283.95,0.0
14064,2026-05-18,P003,C0132,R03,6,714420.0,552440.6,0.1
10276,2026-05-19,P035,C0215,R01,4,102410.0,75383.84,0.05
10283,2026-05-19,P020,C0445,R04,3,73500.0,55135.42,0.0
11067,2026-05-19,P032,C0343,R04,2,23520.0,17559.88,0.0
11139,2026-05-19,P042,C0250,R01,1,15435.0,10051.46,0.1
11381,2026-05-19,P039,C0005,R02,2,26460.0,18934.24,0.0
11847,2026-05-19,P020,C0351,R01,7,154350.0,112243.32,0.1
12534,2026-05-19,P038,C0167,R02,2,50960.0,38055.31,0.0
12712,2026-05-19,P029,C0028,R03,3,19551.0,11496.97,0.05
12986,2026-05-19,P010,C0051,R02,1,60760.0,45829.63,0.0
13108,2026-05-19,P027,C0039,R02,2,10241.0,5651.7,0.05
13528,2026-05-19,P001,C0328,R01,3,171769.5,134037.53,0.05
13550,2026-05-19,P015,C0078,R04,1,32585.0,22784.36,0.05
14036,2026-05-19,P004,C0451,R01,1,104860.0,78568.39,0.0
14362,2026-05-19,P019,C0309,R01,1,34839.0,24432.28,0.1
14432,2026-05-19,P029,C0368,R04,1,6517.0,3837.86,0.05
14778,2026-05-19,P002,C0459,R01,3,399546.0,299655.6,0.1
14816,2026-05-19,P028,C0150,R04,3,27930.0,15395.26,0.05
14875,2026-05-19,P039,C0137,R04,1,12568.5,9562.43,0.05
14982,2026-05-19,P035,C0077,R04,4,91630.0,73959.47,0.15
10297,2026-05-20,P030,C0315,R04,4,22344.0,12706.69,0.05
10502,2026-05-20,P029,C0239,R04,4,24696.0,14341.06,0.1
10656,2026-05-20,P017,C0320,R02,7,179217.5,126134.5,0.05
11630,2026-05-20,P021,C0401,R03,4,25480.0,14925.14,0.0
11980,2026-05-20,P034,C0489,R01,1,19600.0,14060.16,0.0
12021,2026-05-20,P004,C0079,R03,5,524300.0,409940.17,0.0
12415,2026-05-20,P014,C0491,R04,1,32193.0,24459.65,0.1
12947,2026-05-20,P037,C0140,R04,1,26460.0,20358.06,0.0
13029,2026-05-20,P049,C0303,R04,1,13328.0,9485.12,0.15
13617,2026-05-20,P037,C0045,R01,2,47628.0,34394.93,0.1
13748,2026-05-20,P023,C0221,R03,2,5880.0,3608.94,0.0
13837,2026-05-20,P046,C0122,R01,4,71638.0,47794.2,0.15
14234,2026-05-20,P023,C0027,R03,3,8379.0,4791.85,0.05
14832,2026-05-20,P044,C0070,R03,3,27930.0,20179.9,0.0
14974,2026-05-20,P038,C0333,R02,1,24206.0,17621.15,0.05
14981,2026-05-20,P007,C0016,R02,4,215208.0,175829.96,0.1
10151,2026-05-21,P032,C0392,R03,2,21168.0,16719.77,0.1
10948,2026-05-21,P025,C0377,R04,6,55860.0,31538.25,0.0
11073,2026-05-21,P007,C0236,R02,3,161406.0,123870.33,0.1
11515,2026-05-21,P028,C0394,R04,6,58800.0,32704.67,0.0
12086,2026-05-21,P006,C0163,R03,1,158760.0,124024.9,0.0
13362,2026-05-21,P024,C0285,R01,2,22540.0,13862.87,0.0
14610,2026-05-21,P037,C0490,R03,2,50274.0,35023.61,0.05
14847,2026-05-21,P019,C0208,R04,2,73549.0,53429.06,0.05
10145,2026-05-22,P014,C0057,R04,1,33981.5,23918.22,0.05
10291,2026-05-22,P017,C0033,R01,3,72765.0,51576.81,0.1
10390,2026-05-22,P047,C0107,R01,6,64239.0,40465.16,0.05
11206,2026-05-22,P006,C0123,R01,1,150822.0,107888.01,0.05
11253,2026-05-22,P026,C0019,R03,1,7056.0,4221.96,0.1
11406,2026-05-22,P024,C0117,R01,1,10143.0,5472.29,0.1
12122,2026-05-22,P023,C0393,R01,5,14700.0,8042.41,0.0
12860,2026-05-22,P024,C0186,R04,1,11270.0,6744.98,0.0
13281,2026-05-22,P007,C0110,R03,3,161406.0,123533.46,0.1
13390,2026-05-22,P026,C0086,R03,6,47040.0,29098.53,0.0
14415,2026-05-22,P016,C0187,R02,6,220500.0,158166.79,0.0
14693,2026-05-22,P020,C0139,R03,6,139650.0,102216.27,0.05
10030,2026-05-23,P020,C0121,R02,6,139650.0,101626.8,0.05
10303,2026-05-23,P035,C0437,R01,2,51205.0,36015.18,0.05
10410,2026-05-23,P001,C0198,R03,5,286282.5,214502.23,0.05
10489,2026-05-23,P035,C0368,R04,2,51205.0,36182.15,0.05
10733,2026-05-23,P002,C0063,R04,10,1405810.0,1055118.82,0.05
11457,2026-05-23,P024,C0086,R03,3,33810.0,21117.29,0.0
12440,2026-05-23,P049,C0311,R01,1,14112.0,9431.16,0.1
12848,2026-05-23,P039,C0387,R04,3,39690.0,29272.57,0.0
13370,2026-05-23,P016,C0246,R02,3,110250.0,81769.04,0.0
13455,2026-05-23,P003,C0279,R01,3,377055.0,299275.84,0.05
14254,2026-05-23,P045,C0483,R03,5,19600.0,13395.56,0.0
14332,2026-05-23,P045,C0283,R04,1,3332.0,2292.03,0.15
14383,2026-05-23,P024,C0440,R04,4,45080.0,26217.87,0.0
14450,2026-05-23,P030,C0482,R02,6,31752.0,19640.92,0.1
14568,2026-05-23,P034,C0051,R02,1,19600.0,14712.91,0.0
10150,2026-05-24,P009,C0244,R01,2,134064.0,102844.26,0.1
10306,2026-05-24,P010,C0102,R03,1,60760.0,44373.75,0.0
10500,2026-05-24,P030,C0323,R01,5,26460.0,14563.67,0.1
10688,2026-05-24,P025,C0292,R04,6,55860.0,31814.53,0.0
11524,2026-05-24,P007,C0473,R02,7,376614.0,290884.35,0.1
11543,2026-05-24,P008,C0129,R01,3,373086.0,280069.4,0.1
11913,2026-05-24,P047,C0325,R03,1,9579.5,6878.82,0.15
11973,2026-05-24,P035,C0261,R02,1,25602.5,18765.89,0.05
12100,2026-05-24,P044,C0092,R01,6,55860.0,37755.44,0.0
12282,2026-05-24,P032,C0426,R02,6,59976.0,44815.01,0.15
12911,2026-05-24,P029,C0251,R04,4,26068.0,14867.47,0.05
13001,2026-05-24,P013,C0368,R04,4,118286.0,82022.57,0.15
13644,2026-05-24,P017,C0099,R03,2,51205.0,37464.85,0.05
14136,2026-05-24,P026,C0497,R01,4,29792.0,17814.87,0.05
14138,2026-05-24,P006,C0305,R01,2,301644.0,219793.94,0.05
14168,2026-05-24,P037,C0035,R02,6,158760.0,119008.77,0.0
14324,2026-05-24,P008,C0126,R02,2,276360.0,203875.66,0.0
14460,2026-05-24,P016,C0341,R04,2,69825.0,48865.36,0.05
14722,2026-05-24,P015,C0296,R04,5,162925.0,119835.6,0.05
12270,2026-05-25,P040,C0397,R03,1,17909.5,12814.82,0.15
13269,2026-05-25,P042,C0444,R04,1,14577.5,9556.4,0.15
14430,2026-05-25,P047,C0439,R01,4,45080.0,29685.09,0.0
14684,2026-05-25,P005,C0262,R04,8,834960.0,624549.63,0.0
10070,2026-05-26,P014,C0110,R03,2,64386.0,47565.84,0.1
10317,2026-05-26,P013,C0110,R03,2,69580.0,47810.06,0.0
10768,2026-05-26,P006,C0367,R01,1,158760.0,127646.54,0.0
11590,2026-05-26,P001,C0018,R03,8,409836.0,320574.24,0.15
11876,2026-05-26,P049,C0315,R04,5,74480.0,50108.76,0.05
12375,2026-05-26,P004,C0185,R01,2,209720.0,159337.31,0.0
12806,2026-05-26,P034,C0263,R02,1,18620.0,13901.96,0.05
13476,2026-05-26,P015,C0108,R04,4,137200.0,102151.08,0.0
13806,2026-05-26,P015,C0399,R02,4,137200.0,99822.44,0.0
10060,2026-05-27,P040,C0315,R04,4,71638.0,52831.63,0.15
10073,2026-05-27,P032,C0335,R04,1,11172.0,8644.8,0.05
10368,2026-05-27,P040,C0304,R01,3,63210.0,45037.98,0.0
10455,2026-05-27,P004,C0480,R01,2,199234.0,149706.41,0.05
10975,2026-05-27,P043,C0319,R01,2,27489.0,19486.08,0.15
11497,2026-05-27,P030,C0323,R01,4,22344.0,13219.64,0.05
11998,2026-05-27,P047,C0025,R01,1,11270.0,7469.17,0.0
12892,2026-05-27,P018,C0291,R04,1,13230.0,9700.23,0.0
14171,2026-05-27,P013,C0190,R04,1,33050.5,24559.73,0.05
14836,2026-05-27,P045,C0363,R02,3,11172.0,7412.31,0.05
10124,2026-05-28,P026,C0170,R03,3,23520.0,13119.81,0.0
10622,2026-05-28,P014,C0290,R04,4,128772.0,89999.22,0.1
10946,2026-05-28,P007,C0223,R02,6,358680.0,268908.37,0.0
11030,2026-05-28,P033,C0289,R04,2,16758.0,12509.5,0.05
11066,2026-05-28,P007,C0143,R02,3,152439.0,115515.33,0.15
11425,2026-05-28,P043,C0097,R04,6,92169.0,64248.58,0.05
11840,2026-05-28,P045,C0377,R04,3,11760.0,7882.7,0.0
12041,2026-05-28,P008,C0244,R01,1,131271.0,106888.9,0.05
12539,2026-05-28,P005,C0348,R03,2,198303.0,146359.99,0.05
12609,2026-05-28,P034,C0032,R01,3,58800.0,42518.27,0.0
12711,2026-05-28,P049,C0280,R04,2,31360.0,21226.82,0.0
12718,2026-05-28,P050,C0089,R03,3,47628.0,31213.43,0.1
12895,2026-05-28,P012,C0327,R01,4,156996.0,110066.79,0.1
13783,2026-05-28,P021,C0081,R02,2,11466.0,6625.5,0.1
14498,2026-05-28,P031,C0241,R02,3,51450.0,38352.26,0.0
14544,2026-05-28,P008,C0110,R03,2,276360.0,202907.74,0.0
14565,2026-05-28,P010,C0472,R03,6,364560.0,275010.06,0.0
14841,2026-05-28,P036,C0181,R04,3,22344.0,16824.46,0.05
10475,2026-05-29,P031,C0454,R02,2,32585.0,24346.04,0.05
11100,2026-05-29,P015,C0205,R01,1,34300.0,24715.21,0.0
11187,2026-05-29,P022,C0055,R03,4,19600.0,11949.57,0.0
12072,2026-05-29,P009,C0475,R02,1,74480.0,56196.72,0.0
12884,2026-05-29,P049,C0160,R04,3,47040.0,31628.8,0.0
12941,2026-05-29,P018,C0255,R01,4,52920.0,35421.7,0.0
13599,2026-05-29,P007,C0117,R01,6,340746.0,254179.02,0.05
14229,2026-05-29,P030,C0199,R01,3,15876.0,8719.83,0.1
14615,2026-05-29,P012,C0140,R04,1,41429.5,29767.19,0.05
10314,2026-05-30,P022,C0162,R03,1,4655.0,2688.86,0.05
10731,2026-05-30,P005,C0229,R03,6,532287.0,419958.49,0.15
12640,2026-05-30,P050,C0427,R03,2,35280.0,25576.51,0.0
13059,2026-05-30,P037,C0072,R02,2,47628.0,35962.35,0.1
14504,2026-05-30,P012,C0123,R01,4,174440.0,128230.85,0.0
14519,2026-05-30,P021,C0338,R01,2,11466.0,6724.35,0.1
10075,2026-05-31,P048,C0072,R02,3,55860.0,37461.41,0.05
10511,2026-05-31,P012,C0121,R02,1,39249.0,28464.0,0.1
10774,2026-05-31,P027,C0306,R03,5,25602.5,15514.57,0.05
10893,2026-05-31,P035,C0351,R01,5,134750.0,98694.08,0.0
10914,2026-05-31,P021,C0217,R04,6,32487.0,18665.8,0.15
11248,2026-05-31,P032,C0109,R01,3,33516.0,24226.96,0.05
11755,2026-05-31,P029,C0379,R02,4,27440.0,15333.92,0.0
11938,2026-05-31,P040,C0253,R03,3,60049.5,46121.92,0.05
11978,2026-05-31,P033,C0495,R02,2,14994.0,11826.5,0.15
11983,2026-05-31,P048,C0130,R03,6,99960.0,68584.58,0.15
12458,2026-05-31,P047,C0335,R04,3,30429.0,20632.27,0.1
12502,2026-05-31,P013,C0407,R02,4,139160.0,100450.89,0.0
12544,2026-05-31,P046,C0338,R01,2,42140.0,29620.21,0.0
12649,2026-05-31,P023,C0329,R01,6,17640.0,9875.89,0.0
12800,2026-05-31,P019,C0362,R04,2,73549.0,51645.48,0.05
12894,2026-05-31,P018,C0214,R04,5,66150.0,48776.22,0.0
13138,2026-05-31,P014,C0246,R02,4,143080.0,99575.05,0.0
13391,2026-05-31,P017,C0094,R01,5,128012.5,92655.37,0.05
13402,2026-05-31,P048,C0149,R02,3,58800.0,38748.23,0.0
13836,2026-05-31,P028,C0078,R04,1,9310.0,4888.31,0.05
14227,2026-05-31,P026,C0156,R01,1,7448.0,4388.93,0.05
14525,2026-05-31,P035,C0461,R04,2,48510.0,37196.27,0.1
14573,2026-05-31,P006,C0098,R02,5,793800.0,623530.45,0.0
10746,2026-06-01,P012,C0147,R02,1,42275.0,31705.78,0.05
10827,2026-06-01,P010,C0184,R03,4,235600.0,187678.53,0.05
10944,2026-06-01,P029,C0198,R03,5,31500.0,18139.68,0.1
10985,2026-06-01,P035,C0377,R04,1,24750.0,17724.85,0.1
11897,2026-06-01,P014,C0002,R01,4,146000.0,107837.8,0.0
11968,2026-06-01,P023,C0195,R01,4,12000.0,6967.32,0.0
12327,2026-06-01,P013,C0362,R04,1,33725.0,23587.21,0.05
13145,2026-06-01,P040,C0249,R01,6,122550.0,89503.27,0.05
13417,2026-06-01,P017,C0285,R01,3,74250.0,52705.25,0.1
13815,2026-06-01,P013,C0081,R02,1,30175.0,21888.24,0.15
14505,2026-06-01,P045,C0324,R04,1,3400.0,2316.8,0.15
14912,2026-06-01,P050,C0181,R04,3,45900.0,29305.48,0.15
14950,2026-06-01,P015,C0473,R02,2,63000.0,43948.95,0.1
11047,2026-06-02,P026,C0431,R02,4,30400.0,18350.26,0.05
11517,2026-06-02,P030,C0012,R03,1,6000.0,3396.98,0.0
12373,2026-06-02,P013,C0007,R01,4,134900.0,99949.44,0.05
12554,2026-06-02,P039,C0261,R02,3,38475.0,27130.42,0.05
12671,2026-06-02,P027,C0083,R04,1,5500.0,3043.04,0.0
13573,2026-06-02,P039,C0468,R03,5,64125.0,48060.06,0.05
13580,2026-06-02,P042,C0412,R01,3,52500.0,36562.78,0.0
13585,2026-06-02,P028,C0214,R04,1,10000.0,5718.61,0.0
14941,2026-06-02,P040,C0023,R01,2,40850.0,30212.43,0.05
10037,2026-06-03,P002,C0020,R03,1,135900.0,106211.82,0.1
10129,2026-06-03,P004,C0428,R02,4,385200.0,291160.47,0.1
10211,2026-06-03,P033,C0429,R04,1,8550.0,6440.04,0.05
12593,2026-06-03,P041,C0395,R01,2,12000.0,8468.65,0.0
12757,2026-06-03,P034,C0259,R04,2,38000.0,28476.9,0.05
13831,2026-06-03,P020,C0199,R01,5,112500.0,81731.82,0.1
13965,2026-06-03,P025,C0071,R04,2,18050.0,10796.55,0.05
14425,2026-06-03,P001,C0363,R02,1,58425.0,44345.08,0.05
11383,2026-06-04,P005,C0171,R04,4,404700.0,316383.86,0.05
11504,2026-06-04,P048,C0463,R03,4,80000.0,53750.31,0.0
13490,2026-06-04,P004,C0126,R02,5,535000.0,398227.9,0.0
10379,2026-06-05,P014,C0415,R01,2,73000.0,51131.51,0.0
10874,2026-06-05,P006,C0187,R02,1,153900.0,115415.04,0.05
11241,2026-06-05,P032,C0464,R01,7,84000.0,62027.11,0.0
11273,2026-06-05,P048,C0445,R04,3,54000.0,38769.66,0.1
12734,2026-06-05,P046,C0363,R02,2,40850.0,27397.67,0.05
12992,2026-06-05,P032,C0387,R04,3,36000.0,26691.45,0.0
13195,2026-06-05,P025,C0373,R01,3,28500.0,16473.37,0.0
13451,2026-06-05,P046,C0453,R02,2,40850.0,28703.02,0.05
13640,2026-06-05,P011,C0146,R02,6,159600.0,115288.07,0.05
14178,2026-06-05,P038,C0439,R01,4,98800.0,70783.95,0.05
14646,2026-06-05,P045,C0207,R04,6,22800.0,16193.25,0.05
14705,2026-06-05,P028,C0139,R03,1,10000.0,5452.92,0.0
11359,2026-06-06,P016,C0269,R04,2,75000.0,52739.26,0.0
12167,2026-06-06,P010,C0395,R01,4,210800.0,164688.63,0.15
12587,2026-06-06,P044,C0167,R02,1,8075.0,5704.38,0.15
13303,2026-06-06,P005,C0040,R04,3,303525.0,237863.23,0.05
12069,2026-06-07,P004,C0427,R03,1,96300.0,77330.12,0.1
13951,2026-06-07,P039,C0423,R04,7,85050.0,65108.43,0.1
10265,2026-06-08,P041,C0009,R04,6,36000.0,24823.85,0.0
10599,2026-06-08,P024,C0397,R03,3,34500.0,19115.82,0.0
11394,2026-06-08,P036,C0052,R01,5,38000.0,27399.92,0.05
11458,2026-06-08,P046,C0313,R02,2,43000.0,28308.85,0.0
12555,2026-06-08,P024,C0308,R04,5,54625.0,29593.72,0.05
14422,2026-06-08,P045,C0393,R01,4,13600.0,9805.12,0.15
10221,2026-06-09,P030,C0038,R04,4,22800.0,12929.52,0.05
10514,2026-06-09,P034,C0454,R02,4,76000.0,57632.15,0.05
10732,2026-06-09,P021,C0256,R03,10,65000.0,36909.56,0.0
11445,2026-06-09,P009,C0458,R02,6,433200.0,330980.03,0.05
12037,2026-06-09,P039,C0162,R03,4,54000.0,40922.99,0.0
12078,2026-06-09,P020,C0391,R03,4,100000.0,74928.26,0.0
12847,2026-06-09,P026,C0339,R01,1,7200.0,4467.45,0.1
13694,2026-06-09,P045,C0148,R04,4,15200.0,10730.29,0.05
13946,2026-06-09,P041,C0103,R01,4,24000.0,16299.46,0.0
14740,2026-06-09,P027,C0157,R01,1,5225.0,2983.05,0.05
10357,2026-06-10,P046,C0103,R01,3,61275.0,42885.39,0.05
10361,2026-06-10,P024,C0328,R01,4,46000.0,26693.72,0.0
10850,2026-06-10,P020,C0208,R04,4,95000.0,66691.34,0.05
11354,2026-06-10,P009,C0175,R01,3,228000.0,174607.43,0.0
12059,2026-06-10,P020,C0400,R04,2,42500.0,29633.59,0.15
12199,2026-06-10,P026,C0432,R01,6,48000.0,30140.31,0.0
12467,2026-06-10,P009,C0298,R04,9,649800.0,481175.66,0.05
14899,2026-06-10,P034,C0009,R04,3,57000.0,39668.87,0.05
10809,2026-06-11,P006,C0265,R01,2,324000.0,237155.11,0.0
12082,2026-06-11,P031,C0432,R01,5,78750.0,58682.75,0.1
12085,2026-06-11,P014,C0343,R04,6,197100.0,146875.81,0.1
12185,2026-06-11,P016,C0085,R01,3,112500.0,83991.97,0.0
14444,2026-06-11,P035,C0038,R04,3,82500.0,61783.76,0.0
10409,2026-06-12,P047,C0105,R04,3,32775.0,21609.4,0.05
10943,2026-06-12,P048,C0455,R04,5,90000.0,58857.48,0.1
11447,2026-06-12,P010,C0159,R04,1,62000.0,44584.6,0.0
11663,2026-06-12,P001,C0448,R01,1,61500.0,43423.77,0.0
11710,2026-06-12,P010,C0357,R02,2,117800.0,94513.62,0.05
13034,2026-06-12,P016,C0057,R04,3,106875.0,80606.8,0.05
13771,2026-06-12,P035,C0387,R04,3,82500.0,64008.37,0.0
13926,2026-06-12,P009,C0219,R04,3,216600.0,165177.07,0.05
14562,2026-06-12,P050,C0406,R04,1,16200.0,11114.02,0.1
14804,2026-06-12,P041,C0445,R04,1,6000.0,4099.89,0.0
10461,2026-06-13,P030,C0444,R04,5,28500.0,16292.65,0.05
10991,2026-06-13,P026,C0290,R04,2,16000.0,9119.03,0.0
11173,2026-06-13,P012,C0136,R04,1,42275.0,29197.22,0.05
11468,2026-06-13,P029,C0257,R01,2,13300.0,7893.7,0.05
12430,2026-06-13,P019,C0386,R01,5,187625.0,135232.8,0.05
13203,2026-06-13,P039,C0154,R03,5,64125.0,48076.14,0.05
14910,2026-06-13,P008,C0250,R01,4,535800.0,413734.79,0.05
10185,2026-06-14,P044,C0379,R02,1,9025.0,5600.45,0.05
10691,2026-06-14,P040,C0040,R04,2,43000.0,32409.19,0.0
10990,2026-06-14,P040,C0161,R04,3,61275.0,45042.08,0.05
10992,2026-06-14,P004,C0175,R01,4,428000.0,332560.8,0.0
11059,2026-06-14,P034,C0323,R01,4,80000.0,59493.73,0.0
11322,2026-06-14,P018,C0260,R01,1,12825.0,9232.98,0.05
12323,2026-06-14,P033,C0257,R01,5,45000.0,32097.46,0.0
12329,2026-06-14,P039,C0109,R01,4,54000.0,38961.0,0.0
12669,2026-06-14,P034,C0251,R04,1,19000.0,14479.97,0.05
13008,2026-06-14,P047,C0461,R04,6,62100.0,42978.34,0.1
13213,2026-06-14,P010,C0285,R01,4,210800.0,162955.82,0.15
13546,2026-06-14,P010,C0291,R04,6,353400.0,257049.7,0.05
14116,2026-06-14,P029,C0121,R02,4,28000.0,16675.33,0.0
14263,2026-06-14,P048,C0306,R03,2,38000.0,26213.99,0.05
14566,2026-06-14,P007,C0199,R01,5,305000.0,223211.63,0.0
14620,2026-06-14,P035,C0006,R01,5,137500.0,100590.36,0.0
14678,2026-06-14,P004,C0265,R01,1,101650.0,70531.96,0.05
14864,2026-06-14,P050,C0197,R01,2,34200.0,24046.8,0.05
14897,2026-06-14,P020,C0373,R01,2,50000.0,37117.11,0.0
10020,2026-06-15,P018,C0080,R04,6,81000.0,60218.48,0.0
10288,2026-06-15,P032,C0145,R02,5,60000.0,42064.93,0.0
10426,2026-06-15,P008,C0130,R03,6,803700.0,588980.79,0.05
10669,2026-06-15,P020,C0166,R04,2,47500.0,33655.8,0.05
10693,2026-06-15,P017,C0070,R03,5,137500.0,105258.42,0.0
10970,2026-06-15,P026,C0112,R02,5,38000.0,24563.97,0.05
11054,2026-06-15,P030,C0055,R03,1,5700.0,3580.07,0.05
11095,2026-06-15,P023,C0077,R04,1,2700.0,1440.25,0.1
11133,2026-06-15,P009,C0485,R04,2,144400.0,111071.41,0.05
11136,2026-06-15,P016,C0361,R02,5,178125.0,128452.87,0.05
11753,2026-06-15,P019,C0316,R04,2,79000.0,56270.72,0.0
11754,2026-06-15,P022,C0378,R02,1,4750.0,2738.77,0.05
12026,2026-06-15,P026,C0433,R02,2,15200.0,8638.1,0.05
12207,2026-06-15,P021,C0285,R01,2,11700.0,6643.63,0.1
13171,2026-06-15,P001,C0230,R01,2,123000.0,91854.41,0.0
13414,2026-06-15,P021,C0361,R02,2,11050.0,6636.63,0.15
14109,2026-06-15,P038,C0142,R02,1,26000.0,19054.07,0.0
14651,2026-06-15,P047,C0080,R04,6,62100.0,43896.22,0.1
14734,2026-06-15,P037,C0430,R01,5,121500.0,90538.5,0.1
14933,2026-06-15,P024,C0344,R04,4,43700.0,25616.58,0.05
10063,2026-06-16,P032,C0054,R03,3,36000.0,26034.33,0.0
11396,2026-06-16,P014,C0282,R01,1,34675.0,25793.45,0.05
12211,2026-06-16,P045,C0052,R01,3,11400.0,7521.12,0.05
13973,2026-06-16,P040,C0262,R04,3,58050.0,40445.48,0.1
14279,2026-06-16,P025,C0157,R01,2,19000.0,10779.78,0.0
14655,2026-06-16,P027,C0213,R01,1,5225.0,2976.1,0.05
14691,2026-06-16,P007,C0190,R04,4,244000.0,178884.91,0.0
10203,2026-06-17,P018,C0499,R04,5,64125.0,46571.26,0.05
10366,2026-06-17,P046,C0289,R04,1,19350.0,12844.88,0.1
10849,2026-06-17,P004,C0199,R01,4,385200.0,297495.66,0.1
10984,2026-06-17,P026,C0198,R03,4,32000.0,19570.79,0.0
11881,2026-06-17,P049,C0175,R01,1,15200.0,10636.49,0.05
11910,2026-06-17,P013,C0015,R04,2,63900.0,47920.42,0.1
12256,2026-06-17,P022,C0378,R02,1,5000.0,2872.18,0.0
12354,2026-06-17,P014,C0217,R04,3,104025.0,72496.63,0.05
12872,2026-06-17,P043,C0282,R01,5,74250.0,50451.34,0.1
13052,2026-06-17,P012,C0416,R04,1,37825.0,26205.5,0.15
14212,2026-06-17,P011,C0204,R03,3,79800.0,56769.45,0.05
14214,2026-06-17,P001,C0265,R01,2,123000.0,92596.29,0.0
14921,2026-06-17,P041,C0229,R03,3,18000.0,12775.37,0.0
11860,2026-06-18,P037,C0269,R04,1,27000.0,20396.03,0.0
14147,2026-06-19,P037,C0232,R03,2,48600.0,35896.28,0.1
14594,2026-06-19,P013,C0499,R04,6,213000.0,149678.66,0.0
14856,2026-06-19,P001,C0082,R04,4,246000.0,186930.34,0.0
14925,2026-06-19,P048,C0400,R04,1,19000.0,13223.18,0.05
10118,2026-06-20,P047,C0149,R02,1,10925.0,7243.61,0.05
10447,2026-06-20,P003,C0105,R04,1,128250.0,98003.68,0.05
11003,2026-06-20,P037,C0240,R03,3,76950.0,58828.14,0.05
11170,2026-06-20,P007,C0294,R04,3,183000.0,142238.31,0.0
11211,2026-06-20,P027,C0234,R03,1,5500.0,3008.43,0.0
11606,2026-06-20,P030,C0457,R04,7,37800.0,22511.39,0.1
12023,2026-06-20,P026,C0204,R03,3,24000.0,14117.99,0.0
12047,2026-06-20,P049,C0263,R02,2,32000.0,21290.86,0.0
12834,2026-06-20,P024,C0498,R04,2,21850.0,12372.41,0.05
13002,2026-06-20,P012,C0219,R04,1,37825.0,26232.18,0.15
13087,2026-06-20,P001,C0206,R01,3,184500.0,148272.37,0.0
13809,2026-06-20,P029,C0097,R04,1,7000.0,4189.18,0.0
14896,2026-06-20,P036,C0482,R02,1,6800.0,4996.28,0.15
14928,2026-06-20,P031,C0164,R03,5,87500.0,67399.09,0.0
14980,2026-06-20,P049,C0174,R02,3,40800.0,27989.04,0.15
11063,2026-06-21,P016,C0311,R01,5,178125.0,128008.57,0.05
12728,2026-06-21,P033,C0192,R01,1,8100.0,6453.71,0.1
12812,2026-06-21,P050,C0470,R04,4,64800.0,44245.11,0.1
14119,2026-06-21,P034,C0305,R01,2,40000.0,27379.6,0.0
14312,2026-06-21,P021,C0422,R01,2,12350.0,7755.96,0.05
14335,2026-06-21,P031,C0063,R04,3,47250.0,34997.52,0.1
10562,2026-06-22,P035,C0189,R04,2,52250.0,36924.88,0.05
10565,2026-06-22,P041,C0410,R01,1,5700.0,3986.77,0.05
10829,2026-06-22,P003,C0336,R04,2,243000.0,199831.19,0.1
11194,2026-06-22,P019,C0095,R04,2,75050.0,57344.51,0.05
11957,2026-06-22,P017,C0176,R04,2,49500.0,35314.63,0.1
10381,2026-06-23,P038,C0375,R01,1,24700.0,18517.07,0.05
10553,2026-06-23,P040,C0215,R01,6,122550.0,95648.54,0.05
10651,2026-06-23,P015,C0013,R01,2,59500.0,45404.29,0.15
11776,2026-06-23,P046,C0482,R02,1,20425.0,13048.39,0.05
11831,2026-06-23,P010,C0294,R04,1,62000.0,45478.64,0.0
12901,2026-06-23,P011,C0481,R02,3,84000.0,65738.24,0.0
12919,2026-06-23,P045,C0181,R04,3,12000.0,7984.04,0.0
13495,2026-06-23,P014,C0308,R04,2,65700.0,48292.77,0.1
13877,2026-06-23,P002,C0338,R01,3,453000.0,344463.65,0.0
14464,2026-06-23,P003,C0352,R02,7,850500.0,629178.11,0.1
14493,2026-06-23,P025,C0320,R02,1,8550.0,4811.31,0.1
14576,2026-06-23,P029,C0483,R03,1,7000.0,3865.61,0.0
14587,2026-06-23,P035,C0036,R02,1,26125.0,18612.15,0.05
14825,2026-06-23,P022,C0056,R04,2,10000.0,5819.91,0.0
14891,2026-06-23,P036,C0064,R01,3,24000.0,18219.49,0.0
11423,2026-06-24,P023,C0133,R04,3,8550.0,5135.14,0.05
12257,2026-06-24,P039,C0268,R01,2,25650.0,19291.66,0.05
12796,2026-06-24,P048,C0381,R04,5,85000.0,56763.83,0.15
12929,2026-06-24,P045,C0035,R02,4,15200.0,10323.92,0.05
13209,2026-06-24,P012,C0196,R01,5,200250.0,141148.98,0.1
13253,2026-06-24,P040,C0483,R03,2,40850.0,30945.03,0.05
13922,2026-06-24,P030,C0199,R01,2,12000.0,6500.76,0.0
14114,2026-06-24,P049,C0089,R03,3,48000.0,31654.61,0.0
10239,2026-06-25,P022,C0290,R04,4,19000.0,10422.93,0.05
10441,2026-06-25,P004,C0429,R04,1,101650.0,74851.55,0.05
10558,2026-06-25,P050,C0026,R02,3,51300.0,35710.59,0.05
11218,2026-06-25,P040,C0035,R02,2,43000.0,31907.05,0.0
11534,2026-06-25,P004,C0261,R02,2,192600.0,142803.41,0.1
11538,2026-06-25,P004,C0370,R04,4,428000.0,330999.02,0.0
12054,2026-06-25,P006,C0305,R01,1,162000.0,128672.31,0.0
13090,2026-06-25,P034,C0130,R03,4,68000.0,49576.56,0.15
13687,2026-06-25,P021,C0188,R02,4,24700.0,14561.29,0.05
13833,2026-06-25,P032,C0208,R04,1,11400.0,8230.34,0.05
10252,2026-06-26,P013,C0130,R03,5,168625.0,128403.29,0.05
10442,2026-06-26,P025,C0025,R01,2,18050.0,10650.57,0.05
11343,2026-06-26,P023,C0279,R01,1,2550.0,1470.47,0.15
12786,2026-06-26,P020,C0369,R01,6,135000.0,96303.65,0.1
12944,2026-06-26,P041,C0355,R01,4,24000.0,15690.61,0.0
13250,2026-06-26,P003,C0394,R04,5,641250.0,471712.0,0.05
13444,2026-06-26,P036,C0034,R02,3,21600.0,15782.77,0.1
13503,2026-06-26,P049,C0058,R02,4,57600.0,39724.59,0.1
14523,2026-06-26,P030,C0308,R04,1,5100.0,2995.13,0.15
14561,2026-06-26,P038,C0340,R02,1,23400.0,16683.88,0.1
14857,2026-06-26,P027,C0400,R04,3,15675.0,8476.22,0.05
11075,2026-06-27,P013,C0368,R04,1,31950.0,23159.16,0.1
11974,2026-06-27,P038,C0222,R01,1,24700.0,18893.83,0.05
10847,2026-06-28,P021,C0202,R01,6,33150.0,19037.95,0.15
10878,2026-06-28,P040,C0349,R01,3,61275.0,45977.56,0.05
11368,2026-06-28,P041,C0274,R02,1,5400.0,3448.7,0.1
11709,2026-06-28,P042,C0450,R01,4,63000.0,39617.43,0.1
12028,2026-06-28,P031,C0434,R01,6,99750.0,73557.16,0.05
12044,2026-06-28,P031,C0460,R02,5,78750.0,62726.69,0.1
12052,2026-06-28,P018,C0498,R04,5,60750.0,43995.41,0.1
12390,2026-06-28,P034,C0161,R04,2,36000.0,25748.03,0.1
12597,2026-06-28,P034,C0482,R02,4,68000.0,50349.04,0.15
13429,2026-06-28,P024,C0319,R01,4,43700.0,26414.63,0.05
14380,2026-06-28,P027,C0161,R04,1,5225.0,3170.43,0.05
14442,2026-06-28,P042,C0145,R02,3,52500.0,36311.82,0.0
14718,2026-06-28,P025,C0464,R01,5,40375.0,22584.72,0.15
14752,2026-06-28,P026,C0489,R01,1,7600.0,4561.64,0.05
11134,2026-06-29,P001,C0319,R01,2,123000.0,99539.26,0.0
11161,2026-06-29,P037,C0213,R01,2,51300.0,38192.53,0.05
11317,2026-06-29,P036,C0013,R01,1,8000.0,6076.11,0.0
11378,2026-06-29,P025,C0319,R01,1,9025.0,5315.96,0.05
11584,2026-06-29,P010,C0043,R02,1,55800.0,42107.22,0.1
12213,2026-06-29,P049,C0114,R02,2,30400.0,20264.56,0.05
12424,2026-06-29,P025,C0295,R02,2,19000.0,11680.89,0.0
13375,2026-06-29,P019,C0008,R02,1,35550.0,26024.52,0.1
14059,2026-06-29,P009,C0454,R02,2,152000.0,111373.32,0.0
14567,2026-06-29,P017,C0372,R01,2,55000.0,36599.77,0.0
14934,2026-06-29,P050,C0379,R02,2,32400.0,22020.56,0.1
10131,2026-06-30,P003,C0016,R02,2,256500.0,197349.37,0.05
10294,2026-06-30,P017,C0359,R04,4,110000.0,78136.62,0.0
11877,2026-06-30,P016,C0349,R01,1,37500.0,28256.3,0.0
12612,2026-06-30,P009,C0454,R02,2,129200.0,98294.45,0.15
12753,2026-06-30,P005,C0064,R01,2,202350.0,155535.68,0.05
12967,2026-06-30,P009,C0488,R01,1,72200.0,54496.75,0.05
13345,2026-06-30,P050,C0168,R04,1,17100.0,11113.67,0.05
13442,2026-06-30,P023,C0177,R02,6,18000.0,11365.07,0.0
14405,2026-06-30,P047,C0021,R03,3,31050.0,20273.83,0.1
